question_id,true_label,vision_only_pred,vision_only_prob,vision_token_pred,vision_token_prob,query_token_pred,query_token_prob,vision_only_correct,vision_token_correct,query_token_correct,basic_hallucination_type,domain_type,image_id,question,ground_truth,model_answer
question_comb_297,0,0,0.06822773,1,0.9319953,0,3.6674424e-05,1,0,1,Other,Spatial Reasoning,Unknown,What is the age gap between these two people in image?,,"Here's an estimation of the age gap between the two people in the image:

*   **Left:** James Murdoch (born 1977)
*   **Right:** Rupert Murdoch (born 1931)

Based on their birth years, the age gap between James and Rupert Murdoch is approximately **46 years**."
question_comb_9310,0,0,0.0005185036,0,5.373921e-06,0,4.3886652e-05,1,1,1,Object-Related,Visual Understanding,Unknown,What are the girls wearing in the photos?,There are no girls in the photos There are only two men; There are no girls in the photo; There are no girls,"My apologies, but there are no girls in the image. There is a man kneeling and a man standing in the background. The main focus of the image is a large, fantastical creature resembling a dragon or dinosaur."
question_comb_9440,0,0,0.0005627333,0,0.0003372263,0,1.2533175e-05,1,1,1,Attribute-Related,Attribute Recognition,Unknown,"Are there various small sea creatures living inside the bottle, surrounding the ship?",No; There are no small sea creatures living inside the bottle surrounding the ship; No sea creatures are seen.,"Based on the image, **no, there are no visible small sea creatures** surrounding the ship inside the bottle. 

The scene depicts a miniature ocean environment with waves, a ship, and birds. However, there are no signs of fish, coral, or other marine life. The focus is on the ship and the overall atmosphere of a contained ocean scene."
question_comb_6866,0,0,0.0018834808,0,3.6148307e-05,0,0.006050082,1,1,1,Other,Knowledge & Identity,Unknown,Is the tool in the picture common in tall buildings? Please answer yes or no.,Yes,"Yes.



Elevators are very common in tall buildings."
question_comb_570,0,0,0.007675831,0,0.0001938903,0,0.0009348112,1,1,1,Relationship,Spatial Reasoning,Unknown,Is there direct contact between the sky and cloud?,"y, e, s","Based on the image, it appears there is no direct contact between the sky and the clouds. 

Here's why:

*   **Clouds are suspended in the atmosphere:** Clouds are made of water droplets or ice crystals that are floating in the air. They are not touching the sky itself.
*   **The sky is the atmosphere:** The ""sky"" we see is essentially the Earth's atmosphere viewed from the ground. It's the air and light above us.
*   **Visible separation:** In the image, there's a clear space between the clouds and the blue background (which represents the sky).

So, while clouds are part of the atmosphere and appear to be ""in"" the sky, they don't physically touch it."
question_comb_8117,0,0,0.29816356,0,0.00028119798,0,1.5652461e-06,1,1,1,Object-Related,Visual Understanding,Unknown,Is there a baseball glove in the image?,no,"No, there is no baseball glove visible in the image. The image shows a cozy kitchen with a wooden table, chairs, cabinets, and appliances."
question_comb_649,0,0,0.1380685,0,0.0007156336,0,0.044373557,1,1,1,Other,Math & Calculation,Unknown,"According to the table, does Shanghai have the most dense population in China in 2020?",no,"No, according to the table, Shandong has the most dense population in China in 2020 with 3922 inhabitants per square kilometer. Shanghai is not listed in the table."
question_comb_5474,0,0,0.031877894,0,0.001169029,0,0.00044682724,1,1,1,Other,Visual Understanding,Unknown,"Of the two images in the post, which side includes a train?",The left side includes a train.; The train is on the left side.; The left.,"Based on the images, the **left side** includes a train. You can clearly see a train approaching the platform in the left image. The right side shows a train further down the tracks, but it's less prominent."
question_comb_1843,0,0,0.16647147,0,8.651416e-05,0,9.755713e-05,1,1,1,Relationship,Spatial Reasoning,Unknown,Is there direct contact between the dog and sofa?,"n, o","No, there is no direct contact between the dog and the sofa in the image. The dog is standing on a skateboard, and there's a clear space between the skateboard and the sofa."
question_comb_6250,1,0,0.0087408135,0,7.0967576e-06,1,0.851901,0,0,1,Other,Knowledge & Identity,Unknown,Is the actor inside the red bounding box called William Shatner? Please answer yes or no.,Yes,"No.

The actor in the image is Patrick Stewart, not William Shatner."
question_comb_4133,0,0,0.0045443815,0,2.0829391e-07,0,8.590078e-06,1,1,1,Object-Related,Attribute Recognition,Unknown,How many spikes are on the crown?,There are 8; 8; There are 8 spikes on the crown,"Based on the image, the Statue of Liberty's crown appears to have **7 spikes**."
question_comb_3067,0,0,0.17240134,0,0.008625038,0,1.6913048e-06,1,1,1,Relationship,Spatial Reasoning,Unknown,Is there direct contact between the person and mountain?,"n, o","No, there is no direct contact between the person (the surfer) and the mountains in the image. The surfer is on the water, and the mountains are in the background, separated by a significant distance."
question_comb_678,0,0,0.002692888,0,9.682846e-06,0,5.432747e-06,1,1,1,Object-Related,Attribute Recognition,Unknown,How many soldiers are wearing nothing on their head?,One; Only one soldier has neither a helmet nor another type of cap on; All the soldiers have on headwear except for one,"Based on the image, there are **three** soldiers who are not wearing helmets. They are wearing hats instead."
question_comb_3774,0,0,0.0024083734,0,0.03643449,0,0.0005446912,1,1,1,Relationship,Spatial Reasoning,Unknown,Is there direct contact between the cat and electrombile?,"n, o","Based on the image, there does not appear to be any direct contact between the cat and the scooter (electrombile). The cat is standing a short distance away from the scooter, on the cobblestone street."
question_comb_376,0,0,0.00024012582,0,1.3716746e-05,0,0.051408883,1,1,1,Other,Text & OCR,Unknown,Is this movie originated from the country or region of canada? Please answer yes or no.,No,"No.



""The Master"" (2012) is an American film."
question_comb_7222,0,0,2.9389546e-05,0,3.678252e-05,0,4.9818304e-06,1,1,1,Object-Related,Attribute Recognition,Unknown,How many green balloons are in the image?,"There are 2 green balloons; There are two green balloons in the image One is to the top right, and the other is to the top left; There are two green balloons in the image One is to the top and a little bit right from the center with a red neck, and the other is to the top and a little left from the center","Based on the image, I can see **three** green balloons."
question_comb_6184,0,0,0.29721364,0,0.017496478,0,9.6718544e-08,1,1,1,Object-Related,Attribute Recognition,Unknown,How many serving scoops are in this photo?,There is one serving scoop.; One.; One serving scoop.,"Based on the image, it appears there are **24** serving scoops of gelato or ice cream visible in the display case. Each compartment seems to hold one scoop."
question_comb_2923,0,0,0.0023835362,0,0.2752716,0,3.2578162e-05,1,1,1,Other,General QA,Unknown,Describe this image.,"volleyball, beach","Here's a description of the image:

**Overall Impression:**

The image shows a slightly worn volleyball resting on a sandy beach. The scene evokes a feeling of summer, recreation, and outdoor activity.

**Detailed Description:**

*   **Subject:** The main focus is a volleyball. It has a classic design with red, white, and blue panels. The ball appears to be used, as it has some sand and dirt clinging to its surface.
*   **Setting:** The volleyball is sitting on a beach. The sand is a light tan color and has a textured, rippled appearance.
*   **Lighting:** The lighting is bright and sunny, casting a distinct shadow of the volleyball on the sand.
*   **Composition:** The volleyball is positioned slightly off-center, drawing the viewer's eye to it. The shallow depth of field blurs the background sand, keeping the focus on the ball.
*   **Color Palette:** The colors are warm"
question_comb_6022,1,0,0.19995837,0,0.0008918232,1,0.5406475,0,0,1,Other,Math & Calculation,Unknown,"According to the table, does the SABMiller India have the second highest portion of the market share for beer across India in 2020?",yes,"No, according to the table, Carlsberg India has the second highest portion of the market share for beer across India in 2020.

Here's the breakdown:

*   **UB Group:** 54%
*   **Carlsberg India:** 15.4%
*   **SABMiller India:** 17.1%

Carlsberg India (15.4%) has a smaller market share than SABMiller India (17.1%)."
question_comb_7631,0,0,0.013549544,0,2.4413755e-05,0,5.5001667e-05,1,1,1,Object-Related,Attribute Recognition,Unknown,What color is the dog next to the kid?,There is no dog next to the kid.,"That's a clever trick! It's not a dog, it's a **crocodile**! It's a green crocodile."
question_comb_5788,1,1,0.74196804,1,0.97358567,1,0.87140536,1,1,1,Other,Visual Understanding,Unknown,Is the right grey box larger than the left grey box?,no,"Let's analyze the two images to determine the relative sizes of the grey boxes.

**Left Image:**

The grey box is in the center of a 3x3 grid of blue squares. It occupies the space of one square.

**Right Image:**

The grey box is surrounded by a frame of blue squares. It appears to occupy the space within the frame, which is slightly larger than a 3x3 grid of blue squares.

**Conclusion:**

Based on the visual representation, the grey box in the right image appears to be larger than the grey box in the left image."
question_comb_1072,0,0,0.00055545714,0,0.001530691,0,0.0004490065,1,1,1,Other,Attribute Recognition,Unknown,Does the person run in this image?,"n, o","No, the person in the image does not appear to be running. They are standing in the background, slightly blurred, and seem to be watching the dog. They are not exhibiting any signs of running, like a bent-over posture or motion blur."
question_comb_640,0,0,0.00025576027,0,8.39005e-06,0,3.2200194e-05,1,1,1,Relationship,Spatial Reasoning,Unknown,Is there direct contact between the dog and wall?,"n, o","Based on the image, it appears there is **no direct contact** between the dog and the wall. The dog is standing close to the wall, but there's a small gap between its body and the surface."
question_comb_249,0,0,0.00055904314,0,2.0314423e-05,0,3.4145607e-05,1,1,1,Attribute-Related,Attribute Recognition,Unknown,Is the flower blooming in this image?,"y, e, s","Yes, the flowers in the image are blooming. You can clearly see the petals of the carnations open and displaying their colors (pink, white, and yellow)."
question_comb_876,0,0,9.482733e-05,0,5.9511785e-05,0,5.0567032e-06,1,1,1,Other,Text & OCR,Unknown,What special event are the subjects celebrating?,There are no indicators of an event that the subjects are celebrating; I don't know what even the subjects are celebrating; There is no way of knowing what the subjects are celebrating,"Based on the image, the scene depicts a grand celebration likely related to the ascension or coronation of a new emperor in a traditional Chinese setting. Here's what leads me to that conclusion:

*   **Imperial Architecture:** The elaborate, tiered roofs and ornate structures are characteristic of Chinese imperial palaces and ceremonial buildings.
*   **Large Crowd:** The massive gathering of people suggests a significant, public event.
*   **Central Figure:** The man in the golden robe standing prominently in the foreground is likely the new emperor. His attire and position indicate a position of authority and importance.
*   **Ceremonial Setting:** The raised platform and the overall grandeur of the scene point to a formal ceremony.

Therefore, it's highly probable that the subjects are celebrating the enthronement of a new emperor."
question_comb_8319,0,0,0.0002620074,0,0.000122033714,0,0.0067746807,1,1,1,Other,Attribute Recognition,Unknown,Does the person sit in this image?,"n, o","No, the person in the image is standing. They are in the background, to the left of the horses, and appear to be standing on the beach."
question_comb_137,0,0,0.0028834709,0,6.12891e-05,0,0.004372245,1,1,1,Object-Related,Visual Understanding,Unknown,Is there a beach in this image?,"n, o","No, there doesn't appear to be a beach in the image. The dog is swimming in what looks like a lake or a calm body of water. There's no sand or shoreline visible."
question_comb_5634,0,0,0.00017840666,0,3.838677e-06,0,8.950189e-05,1,1,1,Relationship,Spatial Reasoning,Unknown,Is there direct contact between the apple and banana?,"y, e, s","No, there is no direct contact between the real apple and banana in the image. They are positioned close to each other, but there's a small gap between them."
question_comb_7215,0,0,0.00041934758,0,1.5352733e-05,0,0.33933643,1,1,1,Attribute-Related,Attribute Recognition,Unknown,Is the mountain tall in this image?,"y, e, s","Yes, the mountain in the image appears to be quite tall. It dominates the background and has a significant vertical scale compared to the airplane in the foreground. The layered rock formations also suggest a substantial geological feature."
question_comb_8457,0,0,0.0004007897,0,6.821049e-05,0,3.0846486e-06,1,1,1,Object-Related,Attribute Recognition,Unknown,How many stories tall is the main structure in focus on the right side of the image.,Three stories tall ; The building is tree stories tall ; The building on the right side of the image is 3 stories tall,"Based on the image, the main structure in focus on the right side appears to be **three stories tall**. 

Here's how I determined that:

*   You can clearly see three distinct levels or floors within the building's facade.
*   The windows and architectural details suggest a layered structure.

It's a miniature scene, so the actual height would be much greater in real life, but within the context of the image, it's three stories."
question_comb_7573,1,1,0.64598876,1,0.86801547,1,0.6125798,1,1,1,Other,Knowledge & Identity,Unknown,Is the person inside the red bounding box named Stephen Rider? Please answer yes or no.,No,Yes.
question_comb_8941,0,0,3.6018255e-06,0,2.607023e-07,0,0.00012387593,1,1,1,Object-Related,Visual Understanding,Unknown,Does the background contain hidden modern elements that subtly contradict the traditional elements?,"Yes; the background does contain hidden modern elements that subtly contradict the traditional elements; the contradictions are subtle, but present.","Yes, absolutely! The background in this image is a masterclass in subtly contrasting traditional and modern elements. Here's a breakdown of how it achieves this:

**Traditional Elements:**

*   **Woodcut/Engraving Style:** The overall aesthetic of the background strongly evokes traditional woodcut or engraving techniques. The lines are precise, the shading is achieved through hatching and cross-hatching, and the overall texture feels reminiscent of these historical printing methods.
*   **Geometric Patterns:** The background features intricate geometric patterns, which, while modern in their precision, are reminiscent of decorative motifs found in traditional art and architecture.

**Modern Elements (and the Contradiction):**

*   **Circuitry and Mechanical Components:** The most striking modern element is the inclusion of what appears to be circuitry, gears, and other mechanical components integrated into the background. These are clearly not part of a traditional woodcut or engraving style.
*   **Abstract, Digital-Looking Shapes:** There"
question_comb_6864,0,0,0.0015574546,0,5.3605004e-06,0,9.0867274e-05,1,1,1,Attribute-Related,Attribute Recognition,Unknown,Is the sea small in this image?,"n, o","No, the sea is not small in this image. It appears vast and expansive. The island in the picture is relatively small compared to the surrounding ocean, which gives the impression of a large body of water."
question_comb_5492,0,0,0.0002458908,0,2.28716e-06,0,0.0005672251,1,1,1,Relationship,Spatial Reasoning,Unknown,Is there direct contact between the hydrant and grass?,"y, e, s","Based on the image, it appears there is **no direct contact** between the hydrant and the grass. There's a small gap or space visible around the base of the hydrant, indicating it's slightly elevated above the grass surface."
question_comb_3327,0,0,0.22475028,0,5.03094e-05,1,0.8062511,1,1,0,Relationship,Spatial Reasoning,Unknown,Is there direct contact between the doll and controller?,"y, e, s","Yes, based on the image, there is direct contact between the teddy bear and the remote control (controller). The remote is held in the bear's paws."
question_comb_3353,0,0,0.00569673,0,1.7925868e-05,0,5.4748273e-08,1,1,1,Other,Visual Understanding,Unknown,Is the girl's school uniform tattered and covered in dirt from the battle?,No; the girl's school uniform is not tattered and covered in dirt; Not true,"Yes, based on the image, the girl's school uniform appears to be tattered and covered in dirt. You can see rips and tears in the skirt, and the overall appearance suggests she's been through a significant battle."
question_comb_8624,0,0,0.00030068,0,2.210154e-07,0,0.012483097,1,1,1,Attribute-Related,Attribute Recognition,Unknown,Is the wall green in this image?,"y, e, s","Yes, the wall in the image appears to be green. It has a distinct yellowish-green hue."
question_comb_2758,0,0,0.0017363301,0,0.0019403684,0,2.946569e-06,1,1,1,Attribute-Related,Attribute Recognition,Unknown,Is the grass withered in this image?,"n, o","No, the grass in the image does not appear withered. It looks healthy and green. It's a well-maintained lawn surrounding the flower bed."
question_comb_6185,0,0,0.3697539,0,0.23806036,0,0.0014262097,1,1,1,Object-Related,Visual Understanding,Unknown,Is there a knife in the image?,no,"No, there is no knife in the image. There is a wooden toothpick holding the sandwich together."
question_comb_1767,0,0,7.9749705e-05,0,1.2432527e-06,0,3.9984305e-05,1,1,1,Other,Spatial Reasoning,Unknown,What is the age gap between these two people in image?,,"Based on the image, it appears to depict a father and son. Here's an estimation of the age gap:

*   **Older Figure:** The man on the left has a weathered face, gray hair, and a distinguished beard, suggesting he is likely in his 60s or 70s.
*   **Younger Figure:** The man on the right has a younger face, though still showing signs of maturity, and appears to be in his 30s or 40s.

Therefore, the age gap between the two individuals is likely **20-40 years**.

**Important Note:** This is just an estimation based on visual cues. Without additional information, it's impossible to determine their exact ages."
question_comb_3076,0,0,0.39399928,0,0.036703624,0,0.108737774,1,1,1,Other,Math & Calculation,Unknown,"According to the table, Which state in the United States has the average maximum temperature in 2021 ?",yes,"According to the table, **Florida** has the highest average maximum temperature in the United States in 2021, with 82.2 degrees Fahrenheit."
question_comb_808,0,0,2.4475258e-07,0,0.0002791782,0,1.5990217e-07,1,1,1,Object-Related,Attribute Recognition,Unknown,What color is the car?,There is no car in this picture.; This picture does not contain a car.; A car does not exist within this picture.,"Based on the image, there is no car visible. The image shows a garden with trees, plants, and a building in the background."
question_comb_8920,0,0,0.006572912,0,0.0017520047,0,6.011075e-07,1,1,1,Attribute-Related,Attribute Recognition,Unknown,Is there one basketball in this image?,"y, e, s","Yes, there is one basketball in the image. It's located towards the bottom right of the frame."
question_comb_1080,0,0,1.4523728e-05,0,1.0941167e-06,0,1.5672547e-05,1,1,1,Object-Related,Attribute Recognition,Unknown,How many buildings are not red in this image?,Two buildings in this image are not red ; Two buildings are not red; Two buildings,"Let's analyze the image to determine how many buildings are not red.

*   **The main building:** The building in the center is covered in a large red rose facade. So, it's red.
*   **Building on the left:** This building is a traditional, older style building and appears to be a neutral color (likely beige or gray).
*   **Building on the right:** This building also appears to be a traditional style and is a neutral color (likely beige or gray).

Therefore, there are **two** buildings that are not red in the image."
question_comb_4357,0,0,0.0031250727,0,0.005094479,0,0.0012858565,1,1,1,Relationship,Spatial Reasoning,Unknown,Is there direct contact between the truck and grass?,"n, o","Based on the image, there does not appear to be any direct contact between the truck and grass. The truck is on a paved road, and the grass is visible on the side of the road, but there's a clear separation between the two."
question_comb_9498,0,0,0.025731267,0,0.00011130908,0,0.0069425097,1,1,1,Other,Knowledge & Identity,Unknown,Is the actor inside the red bounding box called Linda Harrison? Please answer yes or no.,Yes,Yes.
question_comb_7525,0,0,0.00048723412,0,0.0007641832,0,0.010037319,1,1,1,Attribute-Related,Attribute Recognition,Unknown,Is the beach dry in this image?,"n, o","Yes, the beach appears to be dry in the image. The sand looks light and granular, and there's no visible wetness or puddles. The waves are approaching the shore, but the area where the toy car is located is clearly dry."
question_comb_3868,0,0,0.0004148898,0,0.00022099224,0,6.4767287e-06,1,1,1,Object-Related,Attribute Recognition,Unknown,What color is her hair clip?,We cannot see a hair clip in this image; There is no hair clip visible in this image; No hair clip appears in the image,"Based on the image, the hair clip appears to be **silver** or a light metallic color. It's difficult to be certain due to the vintage color cast on the photo, but it seems to reflect light in a way that suggests a silver tone."
question_comb_4164,0,0,0.040144876,0,0.0011942983,0,0.0078232875,1,1,1,Object-Related,Visual Understanding,Unknown,Is there a truck in the image?,yes,"Yes, there is a white truck visible in the background of the image. It's parked near the buildings and traffic cones."
question_comb_4640,0,0,0.22632162,0,0.3761004,0,0.0075482163,1,1,1,Object-Related,Visual Understanding,Unknown,Is there a cup in the image?,no,"No, there is no cup in the image. The image shows two police officers on motorcycles."
question_comb_2423,0,0,0.0001372181,0,4.466978e-05,0,0.0026039556,1,1,1,Other,Text & OCR,Unknown,Is this movie originated from the country or region of germany? Please answer yes or no.,No,No.
question_comb_6412,0,0,0.00061878504,0,2.8588204e-06,0,5.5868088e-05,1,1,1,Object-Related,Attribute Recognition,Unknown,How many people are in the image?,There are 5 people in the image,"Based on the image, it appears there are at least **five** people present.

Here's a breakdown:

*   **One** is the central figure, the woman in armor.
*   There are **three** partially visible faces around her, suggesting others are seated at the table.
*   There's a glimpse of another person's hand and arm in the background, indicating a **fifth** person.

It's possible there are more people partially obscured, but we can confidently identify at least five."
question_comb_7595,0,0,0.029481133,0,0.00036587782,0,0.0003207288,1,1,1,Object-Related,Visual Understanding,Unknown,Does the image show a man taking a selfie with a shark in the background?,"Yes; the image shows a man taking a selfie with a shark; Indeed, it does.","Yes, the image clearly shows a man taking a selfie while a large shark is visible in the background. The man is smiling and appears to be in the water on a surfboard, while the shark is swimming close behind him."
question_comb_5736,0,0,0.29541752,0,4.811209e-06,0,0.002213002,1,1,1,Other,Text & OCR,Unknown,"According to the text in this image, is this poster for the TV series Reply 1988?",yes,"Yes, according to the text in the image, this poster is indeed for the TV series ""Reply 1988."" 

The title ""Reply 1988"" (응답하라 1988) is clearly visible at the top of the poster."
question_comb_5149,0,0,0.08067638,0,0.00049565145,0,6.508326e-05,1,1,1,Other,Text & OCR,Unknown,Is this movie originated from the country or region of usa? Please answer yes or no.,Yes,"Yes.



The *Twilight* series, including the movie shown in the image, originated from the United States. The books were written by American author Stephenie Meyer."
question_comb_7825,0,0,8.720877e-05,0,6.13708e-05,0,9.01698e-06,1,1,1,Other,Text & OCR,Unknown,What color are the eyes of the woman with her back turned?,The eyes of the woman on her back are not visible in the image.,"Based on the image, the eyes of the woman with her back turned appear to be **blue**. 

While the image is stylized and the details are somewhat obscured, the visible portion of her face suggests a blue eye color."
question_comb_5735,0,0,2.496197e-05,0,0.00015952875,0,7.2940907e-06,1,1,1,Object-Related,Visual Understanding,Unknown,Is the astronaut standing in the middle with a red and white space suit?,Yes; the astronaut is standing in the middle with a red and white space suit; the astronaut is standing in the middle,"Yes, you are correct! In the image, there is an astronaut standing in the middle, wearing a red and white spacesuit. They are positioned on a surface that appears to be a moon or planetary body."
question_comb_4887,0,0,0.0011856095,0,3.233297e-05,0,9.0139314e-05,1,1,1,Attribute-Related,Attribute Recognition,Unknown,Is the wall black in this image?,"n, o","No, the wall in the image is not black. It appears to be a very light color, likely white or a very light gray. The lighting in the photo makes it seem quite bright and neutral."
question_comb_5776,0,0,0.011604804,0,0.00019200952,0,3.6885507e-05,1,1,1,Attribute-Related,Attribute Recognition,Unknown,Is there one mousepad in this image?,"y, e, s","Yes, there is one mousepad in the image. It's a green, circular mousepad with the ""accenture Finance Solutions"" logo printed on it."
question_comb_8273,0,0,0.000149886,0,0.17758805,0,1.7090322e-05,1,1,1,Other,Visual Understanding,Unknown,What is the monkey holding in the right hand?,The monkey is holding leaves with the right hand.,"Based on the image, the monkey is holding a small, round object in its right hand. It appears to be a **wristwatch** or a similar time-keeping device. It has a dark face and a strap."
question_comb_4234,0,0,0.0037222565,0,0.0071762605,0,1.7798078e-05,1,1,1,Other,Math & Calculation,Unknown,Which functions are not differentiable at some point?,,"Here's an analysis of the functions shown in the graph and which ones are not differentiable at some point:

**Understanding Differentiability**

A function is differentiable at a point if its graph is ""smooth"" at that point. This means there are no sharp corners, vertical tangents, or breaks in the graph.  Mathematically, it means the limit defining the derivative exists at that point.

**Analyzing the Functions**

*   **f(x) = x:** This is a straight line. It's differentiable everywhere.
*   **g(x) = x²:** This is a parabola. It's differentiable everywhere.
*   **h(x) = x³:** This is a cubic function. It's differentiable everywhere.
*   **p(x) = x⁴:** This is a quartic function. It's differentiable everywhere.
*   **q(x) = 1/x:** This function has a vertical"
question_comb_2297,0,0,0.021699853,0,8.991396e-05,0,0.010044059,1,1,1,Object-Related,Attribute Recognition,Unknown,Are there four dogs appear in this image? Please answer yes or no.,Yes,Yes.
question_comb_8820,0,0,0.11639646,0,0.00059493026,0,0.07640378,1,1,1,Relationship,Spatial Reasoning,Unknown,Is the trash can above the cup in the image？ Please answer yes or no.,No,"No.



The trash can is below the cups."
question_comb_9150,0,0,0.0001669494,0,1.2534633e-05,0,2.4163506e-05,1,1,1,Attribute-Related,Attribute Recognition,Unknown,What color is the table upon which the image sits?,The table is brown.,"Based on the image, the table appears to be **dark brown**. It has a rich, warm tone that contrasts with the white and pink of the sculpture."
question_comb_2675,0,0,0.0001272415,0,7.769515e-06,0,4.222353e-05,1,1,1,Object-Related,Attribute Recognition,Unknown,How many hats are in the photo?,Nine; Nine hats; There are nine hats,"Based on the image, I can count **14 hats**. They are all similar in style and appear to be military caps."
question_comb_1088,0,0,0.002581432,0,0.00011219163,0,9.749412e-06,1,1,1,Other,Text & OCR,Unknown,When was this picture taken?,Can't answer by seeing the image; Don't know when was this picture taken; Based on the image can't answer this question,"Based on the image and available historical information, this photograph is likely of **Bishop John Joseph Hughes** and was taken around **1860-1870**.

Here's the reasoning:

*   **Subject:** The man in the photo is widely recognized as Bishop John Joseph Hughes, a prominent figure in the Catholic Church in New York City during the 19th century.
*   **Appearance:** His age and physical features in the photo align with his appearance during the 1860s and 1870s. Hughes died in 1873.
*   **Photography Style:** The photographic style (collodion wet plate process) was common during that period.
*   **Historical Records:** Numerous photographs of Bishop Hughes exist from this era.

Therefore, the most probable timeframe for this photograph is between 1860 and 1870."
question_comb_991,0,0,0.0016650574,0,0.00021480682,0,0.0026149682,1,1,1,Object-Related,Visual Understanding,Unknown,Is there a dog in the image?,no,"No, there is no dog in the image. I can see a person on a scooter in the background, but no dogs."
question_comb_1919,0,0,0.00024187399,0,0.14517844,0,0.005583996,1,1,1,Other,Visual Understanding,Unknown,What are the reactions of the people around the large creature?,The people are uninterested and aren't looking at it; The people are not interested in the large creature; The people around the large creature are not looking at it and seem uninterested,"Here's an analysis of the reactions of the people around the large creature in the image:

*   **Man in Hat:** He appears to be observing the dinosaur with a curious and slightly amused expression. He's standing relatively close, suggesting interest and perhaps a bit of wonder.
*   **People Walking by:** Most of the people in the background seem to be casually walking past, seemingly unfazed by the presence of the dinosaur. Some appear to be glancing at it, but their body language doesn't indicate alarm or extreme surprise. It's possible they're used to unusual displays or are simply not that bothered by it.
*   **Group of People:** A small group of people are walking past, and one of them is looking at the dinosaur. They seem to be taking it in stride.

**Overall Impression:** The general reaction seems to be one of mild curiosity rather than fear or panic. It suggests that the dinosaur is likely a display or art installation"
question_comb_7506,0,0,0.003957918,0,0.007371232,0,1.2356792e-05,1,1,1,Object-Related,Visual Understanding,Unknown,Is there a sky in this image?,"n, o","No, there is no sky visible in the image. The entire frame is filled with green grass and the blackbird."
question_comb_7754,0,0,0.017494166,0,3.691746e-05,0,0.20822841,1,1,1,Object-Related,Visual Understanding,Unknown,Is there a fork in the image?,yes,"Yes, there is a fork in the image. It's visible on the left side of the frame, being held by a person."
question_comb_9147,1,0,0.013909048,0,4.733168e-06,0,0.00033257573,0,0,0,Object-Related,Visual Understanding,Unknown,Is there a snowboard in the image?,yes,"No, there is no snowboard visible in the image. The person in the foreground is skiing."
question_comb_6688,0,0,0.05114379,0,5.419703e-05,0,0.40252855,1,1,1,Object-Related,Visual Understanding,Unknown,Is there a bowl in the image?,yes,"Yes, there are several bowls in the image. They are arranged on the wooden table along with a vase. You can see a few different sizes and colors of bowls."
question_comb_1262,0,0,0.00036264246,0,7.867384e-06,0,0.15828663,1,1,1,Relationship,Spatial Reasoning,Unknown,Is there direct contact between the train and grass?,"y, e, s","Yes, based on the image, there is direct contact between the train and the grass. The lower portion of the train cars is sitting directly on a patch of green grass."
question_comb_4173,0,0,0.0015275279,0,5.2092746e-06,0,0.000124162,1,1,1,Attribute-Related,Attribute Recognition,Unknown,Is the wall black in this image?,"n, o","No, the wall in the image is not black. It appears to be a light beige or cream color."
question_comb_7935,1,0,0.0025228073,0,1.8589842e-06,0,0.002595054,0,0,0,Object-Related,Visual Understanding,Unknown,Is there a baseball glove in the image?,no,"Yes, there is a baseball glove in the image. It's on the player's left hand (our view)."
question_comb_1751,0,0,0.0045455312,0,6.483986e-05,0,0.0012285688,1,1,1,Other,Knowledge & Identity,Unknown,Are the pants in the picture usually suitable for casual wear? Please answer yes or no.,Yes,Yes.
question_comb_3627,0,0,8.589214e-05,0,2.2144372e-05,0,1.7038141e-06,1,1,1,Object-Related,Attribute Recognition,Unknown,How many cats are on the robot?,No cats visible; Zero cats are on the robot; There aren't any cats in the image,"Based on the image, there are **no cats** on the robot. There is a person in a spacesuit sitting on top of the robot."
question_comb_5833,0,0,0.0013954844,0,1.4403134e-05,0,1.5788282e-05,1,1,1,Object-Related,Attribute Recognition,Unknown,How many lights are hanging from the ceiling?,Four; Four lights are hanging to the ceilling,"Based on the image, there are **five** lights hanging from the ceiling. 

Here's a breakdown:

*   One large, round light in the center.
*   Two smaller, round lights on the left side.
*   Two smaller, round lights on the right side.



Let me know if you'd like me to count anything else in the image!"
question_comb_2410,0,0,0.0048286677,0,2.7725753e-05,0,0.0004118053,1,1,1,Object-Related,Visual Understanding,Unknown,Is there a car in the image?,no,"No, there is no car in the image. The image shows a person preparing a kebab or wrap in a food stall or restaurant setting."
question_comb_9483,0,0,0.010237101,0,1.8380997e-05,0,9.160111e-05,1,1,1,Object-Related,Visual Understanding,Unknown,Is there a sanitizer in this image?,"n, o","No, there is no sanitizer visible in the image. The image shows a black and white cat curled up inside a white bathroom sink."
question_comb_2286,0,0,0.31865185,0,0.003267704,0,0.001046306,1,1,1,Relationship,Spatial Reasoning,Unknown,Is there direct contact between the train and forest?,"n, o","Based on the image, there is **no direct contact** between the train and the forest. 

Here's what we can see:

*   The train is running on a track that is clearly separated from the forest.
*   There's a strip of ground and vegetation (likely grass and weeds) between the track and the edge of the forest.
*   The forest is dense and appears to be a significant distance away from the train.



Let me know if you'd like me to analyze anything else in the image!"
question_comb_110,0,0,0.0067754155,0,3.5644316e-05,0,0.0075882506,1,1,1,Relationship,Spatial Reasoning,Unknown,Is there direct contact between the surfboard and sea?,"n, o","Based on the image, it appears there is **no direct contact** between the surfboard and the sea at the moment. The surfboard is resting on the sand, and the sea is in the background, some distance away."
question_comb_4687,0,0,0.0017879426,0,8.390046e-05,0,0.07003365,1,1,1,Relationship,Spatial Reasoning,Unknown,Is there direct contact between the car and forest?,"n, o","Based on the image, there is **no direct contact** between the car and the forest. 

The car is driving through a stream or shallow body of water, and the forest is on the bank of the stream. There's a clear separation of water between the car and the trees."
question_comb_1394,0,0,8.440533e-07,0,0.00012925622,0,3.291264e-07,1,1,1,Other,Text & OCR,Unknown,What is the plate number of the car?,I can not read the plate number of the car; the plate number is not visible; I can not help with that; don't know,"Based on the image, the plate number of the car appears to be **""AZ 777""**. 

It's a bit blurry, but that's the most likely reading."
question_comb_3948,0,0,0.0007943488,0,5.8070225e-05,0,0.00011337452,1,1,1,Object-Related,Attribute Recognition,Unknown,How many trees are in this photo?,1; A singular tree; One tree,"Based on the image, I can see **one** tree. It's a small, leafy tree in the lower left corner of the photo."
question_comb_3812,0,0,0.0005426844,0,4.3330238e-05,0,0.00037884046,1,1,1,Object-Related,Visual Understanding,Unknown,Is there a baseball glove in the image?,no,"No, there is no baseball glove in the image. The image shows two white bowls, one filled with broccoli and the other with red lentils."
question_comb_9410,0,0,8.589214e-05,0,2.2144372e-05,0,5.360495e-06,1,1,1,Object-Related,Attribute Recognition,Unknown,How many legs on the dog?,Four legs on the dog; Four legs are visible on the dog; There are only four legs on the dog pictured in the image,"Based on the image, the dog has **four** legs."
question_comb_6087,0,0,0.0004404637,0,4.8616846e-05,0,4.198863e-05,1,1,1,Other,Visual Understanding,Unknown,Does the traditional Japanese pieces of her outfit indicate that she's attending a local festival?,"No, the traditional Japanese pieces of her outfit do not indicate that she's attending a local festival; She isn't attending a local festival; No.","Let's analyze the outfit and see if it suggests a festival appearance.

**Here's a breakdown of the elements and what they imply:**

*   **Kimono-like Garment:** The white, flowing garment she's wearing *resembles* a kimono, but it's a stylized and modernized version. Traditional kimonos are often more elaborate and have specific patterns and colors associated with different occasions. This one is quite simple.
*   **Obi (Belt):** The wide belt (obi) is a key element of a kimono. However, its design is also stylized and not a traditional pattern.
*   **Hair and Accessories:** The hair is styled in a way that could be seen as a modern take on traditional Japanese hairstyles, but the red accents (horns or hair ornaments) are not typical festival attire.
*   **Sword:** The presence of a sword is a significant departure from typical festival wear. It suggests a warrior or someone with a"
question_comb_1241,0,0,0.0012473933,0,0.00086795905,0,9.156931e-06,1,1,1,Attribute-Related,Attribute Recognition,Unknown,Is the grass withered in this image?,"n, o","No, the grass in the image does not appear withered. It looks lush and green, suggesting it is healthy and well-watered."
question_comb_4462,0,0,0.00096143916,0,1.4411967e-07,0,1.8031502e-05,1,1,1,Object-Related,Attribute Recognition,Unknown,How many cars are on this street?,You see one car in the back.; There is one car on this street.; One car.,"Based on the image, it appears there are **three** cars visible on the street. They are further down the road, so they are a bit blurry, but distinguishable."
question_comb_5034,0,0,6.602519e-05,0,0.00022609244,0,1.955626e-05,1,1,1,Relationship,Spatial Reasoning,Unknown,Is there direct contact between the hat and ball?,"n, o","Based on the image, there does not appear to be any direct contact between the hat and the balls. The balls are suspended in the air, and the hat is positioned above the performer's head."
question_comb_3338,0,0,0.2666861,0,0.0012063375,0,0.0,1,1,1,Other,Math & Calculation,Unknown,What is the highest Elo score for the agent using an offline RL algorithm?,1578,"According to the table, the highest Elo score for an agent using an offline RL algorithm is **1563**, achieved by the ""Emphatic Offline Actor-Critic"" agent."
question_comb_8113,0,0,0.00757104,0,0.00042088365,0,2.8045476e-06,1,1,1,Attribute-Related,Attribute Recognition,Unknown,Is the sky sunny in this image?,"y, e, s","No, the sky in the image does not appear sunny. It looks overcast and gray, suggesting a cloudy day."
question_comb_9617,1,0,0.00011185641,0,0.0002526341,0,0.06626557,0,0,0,Other,Visual Understanding,Unknown,Whether lines of blocks are parallel? Yes or No,yes,"No, the lines of blocks appear to be sloping or wavy, creating an optical illusion. This is a classic example of a visual illusion, often referred to as the ""Café Wall Illusion."" 

Even though the lines are mathematically parallel, our perception makes them seem to be angled."
question_comb_9695,0,0,0.00018457853,1,0.6954426,0,0.0003435459,1,0,1,Relationship,Spatial Reasoning,Unknown,Is there direct contact between the dog and doghole?,"y, e, s","Yes, based on the image, there is direct contact between the dog and the dog bed. The dog is lying directly on the soft, plush interior of the bed."
question_comb_3434,0,0,0.0037790954,0,5.3972594e-06,0,9.81024e-05,1,1,1,Other,Visual Understanding,Unknown,Is the treehouse grounded with concrete blocks?,No; the treehouse is not grounded with concrete blocks; it is not grounded with concrete blocks.,"Based on the image, it doesn't appear that the treehouse is grounded with concrete blocks. Here's what we can observe:

*   **The tree trunk is massive:** The tree itself is incredibly large and sturdy, providing a natural foundation for the structure.
*   **Support system:** There seems to be a complex system of wooden supports and platforms built around the tree trunk, distributing the weight of the treehouse.
*   **No visible concrete:** There are no visible concrete blocks or foundations around the base of the tree.
*   **Floating appearance:** The treehouse seems to be built directly into and around the tree, giving it a more organic and integrated feel rather than a separate structure resting on a foundation.

It's a fantastical and artistic rendering, so the construction methods are likely imaginative, but it doesn't look like concrete blocks are involved.



Let me know if you'd like me to analyze any other details in the image!"
question_comb_3499,0,0,1.2665754e-05,0,3.2359007e-05,0,0.00010760168,1,1,1,Object-Related,Attribute Recognition,Unknown,How many tentacles does the giant squid have?,There are no squids shown; There are no squids visible in this picture ; This image has fish in it but no squid,"This is a trick question! The image is a painting titled ""The Old Fisherman"" by Rembrandt. It depicts an old man holding a basket of fish. There are no giant squids or tentacles in the image. 

Giant squids have **eight arms and two tentacles**."
question_comb_3910,0,1,0.9467175,1,0.981355,0,0.00028135325,0,0,1,Object-Related,Visual Understanding,Unknown,Is there a bicycle in the image?,yes,"Yes, there is a bicycle in the image. It's an orange bicycle positioned to the left of a scooter."
question_comb_1007,0,0,0.00012588766,0,1.5501221e-06,0,1.1056371e-05,1,1,1,Other,Spatial Reasoning,Unknown,What is the age gap between the leftmost and the center person?,,"Let's estimate the ages of the people in the image and then calculate the age gap.

*   **Leftmost person:** He appears to be in his late 50s or early 60s. Let's estimate his age as 62.
*   **Center person:** He looks older, likely in his late 70s or early 80s. Let's estimate his age as 81.
*   **Rightmost person:** He seems to be in his late 50s or early 60s, similar to the leftmost person. Let's estimate his age as 58.

Now, let's calculate the age gap between the leftmost and center person:

81 (center) - 62 (leftmost) = 19 years

Therefore, the estimated age gap between the leftmost and center person is approximately **19 years**."
question_comb_3550,1,0,0.00022553673,0,0.0011365896,0,0.38111985,0,0,0,Attribute-Related,Attribute Recognition,Unknown,Is the mountain tall in this image?,"n, o","Based on the image, the mountains in the background appear to be relatively low and rolling hills rather than tall, imposing mountains. They are distant and blend into the horizon, suggesting they are not particularly high."
question_comb_8750,0,0,0.0025324202,0,0.0011432002,0,4.947376e-05,1,1,1,Object-Related,Visual Understanding,Unknown,Is there a person in this image?,"n, o","No, there does not appear to be a person in the image. The focus is on the stop sign and the landscape behind it."
question_comb_1730,0,0,2.0106545e-06,0,4.4304597e-05,0,0.0054507405,1,1,1,Attribute-Related,Attribute Recognition,Unknown,Is the desert dry in this image?,"y, e, s","Yes, the image strongly suggests a dry desert environment. Here's why:

*   **Sand Dunes:** The prominent feature of the image is the large sand dunes, which are characteristic of arid regions.
*   **Sparse Vegetation:** There's very little vegetation visible, with just a few dry patches of scrubby plants. This indicates a lack of water and harsh conditions.
*   **Color Palette:** The dominant colors are shades of brown and beige, typical of dry, sandy landscapes.
*   **Camels:** Camels are well-adapted to desert environments and are often used for transportation in these areas.



Therefore, based on these visual cues, it's highly likely that the desert in the image is dry."
question_comb_9548,0,0,0.011186429,0,8.077847e-05,0,0.00033734558,1,1,1,Attribute-Related,Attribute Recognition,Unknown,Is the knife black in this image?,"n, o","No, the knives in the image are not black. They appear to be silver or stainless steel."
question_comb_9989,0,0,0.025298081,0,0.0036949534,0,0.00028160337,1,1,1,Relationship,Spatial Reasoning,Unknown,Is there direct contact between the man and beach?,"y, e, s","No, there is no direct contact between the man and the beach in the image. He is standing a short distance away from the sand."
question_comb_3453,1,0,0.117964216,0,0.015716597,0,0.25416982,0,0,0,Other,Knowledge & Identity,Unknown,Is the actor inside the red bounding box called Seth Green? Please answer yes or no.,Yes,"No.

The actor in the red box is Hugh Grant. He plays Dr. Evil in the Austin Powers movies."
question_comb_4440,0,0,0.05268923,0,6.580705e-06,0,3.0146304e-05,1,1,1,Object-Related,Attribute Recognition,Unknown,How many people are in the picture?,There is one person in the picture under the last tree on the right.; There is one person visible in the picture.; There is a person in the middle of the picture set back under a tree.,"Based on the image, it appears there are **two** people visible. They are standing near the trees in the middle ground, slightly obscured by the fog."
question_comb_9951,0,0,0.16592067,0,0.14192815,0,0.012768465,1,1,1,Object-Related,Visual Understanding,Unknown,Is there a fork in the image?,yes,"Yes, there is a fork in the image. It's visible on the right side of the plate, next to the pizza."
question_comb_3047,0,0,0.0010732976,0,0.00023974401,0,0.00034855507,1,1,1,Attribute-Related,Attribute Recognition,Unknown,Is the grass green in this image?,"y, e, s","Yes, the grass is green in the image. You can see it around the van and in the background behind the building."
question_comb_9439,0,0,0.0041408385,0,8.7666385e-06,0,8.4097665e-05,1,1,1,Other,General QA,Unknown,Describe this image.,"sofa, toy, bear, tissue","Here's a description of the image:

**Overall Impression:**

The image shows a well-loved, slightly worn teddy bear sitting on a textured, olive-green armchair. The scene has a slightly melancholic or comforting feel.

**Detailed Description:**

*   **Teddy Bear:** The teddy bear is the focal point. It has a two-tone color scheme: a golden-yellow body and a dark brown head, ears, and paws. The fur looks slightly matted and faded, suggesting it's been cherished and played with for a long time. Its black button eyes are simple and endearing. The bear is posed in a relaxed, almost slumped position, with its arms outstretched.
*   **Armchair:** The bear is resting on a large armchair upholstered in a textured, olive-green fabric. The texture appears to be a woven pattern.
*   **Tissue:** A crumpled white tissue lies on the armrest next to the bear. It has a small"
question_comb_6179,0,0,0.15183139,0,0.004286586,0,8.4977455e-06,1,1,1,Attribute-Related,Attribute Recognition,Unknown,Are there two surfboards in this image?,"n, o","No, there appears to be only one surfboard in the image. It's being held upright by the person on the beach."
question_comb_4375,0,1,0.7201867,1,0.67939556,0,0.08553641,0,0,1,Object-Related,Attribute Recognition,Unknown,Is there a total of two display devices in the image? Please answer yes or no.,Yes,Yes.
question_comb_7939,0,0,0.00558518,0,0.00017650599,1,0.9494526,1,1,0,Object-Related,Visual Understanding,Unknown,Is there a chair in the image?,yes,"Yes, there is a chair visible in the image. It's partially visible on the left side of the frame, behind the plate of food."
question_comb_3549,0,0,6.751269e-05,0,4.3164946e-06,0,0.00022493607,1,1,1,Other,Visual Understanding,Unknown,"Is the landscape under the eye engulfed in fire, not just bathed in red light?","No; the landscape is not engulfed in fire; it is not engulfed in fire, just bathed in red light.","You've got a really keen eye! You're right to question whether it's just red light or actual fire. 

Looking closely at the image, it's a bit of both, but the impression of fire is very strong. Here's a breakdown:

*   **Red Light:** The overall color scheme is dominated by reds and oranges, creating a fiery atmosphere. This is likely due to the sunset/sunrise and the way the light is being rendered.
*   **Elements Suggesting Fire:** There are swirling, flame-like shapes in the clouds and the landscape. The jagged, dark forms in the foreground also resemble charred or burnt rock formations. The reflections in the water further amplify this effect.

So, while it's not *literally* engulfed in flames everywhere, the artistic style and details strongly suggest a landscape that has been affected by fire or is experiencing a very intense, fiery environment. It's a very effective use of color and form"
question_comb_1844,0,0,0.00010281319,0,0.28877714,0,2.9905263e-05,1,1,1,Other,General QA,Unknown,"If all the grass died, what would be most affected?",grasshoppers,"Here's the breakdown of how the food web would be affected if all the grass died, and which organisms would be most impacted:

**Understanding the Food Web**

The food web shows the flow of energy through an ecosystem. Arrows point from the organism being eaten to the organism that eats it. Grass is the primary producer in this web, meaning it's the base of the food chain.

**Impact of Grass Loss**

If all the grass died, the following would happen:

*   **Primary Consumers (Herbivores):** The organisms that directly eat grass would be most immediately affected. These are:
    *   Rabbit
    *   Grasshopper
    *   Mouse
    *   Sparrow (to some extent, as it also eats seeds)
*   **Secondary and Tertiary Consumers:** As the primary consumers decline, the animals that eat them would also be affected, though with a delay.
*   **The Entire Ecosystem:** The entire food"
question_comb_8896,0,0,0.0036061634,0,0.00024542518,0,0.02521981,1,1,1,Attribute-Related,Attribute Recognition,Unknown,Is the beach wet in this image?,"y, e, s","Yes, the beach appears to be wet in the image. Here's why:

*   **Waterline:** There's a clear waterline visible, with foamy waves lapping onto the sand.
*   **Wet Sand:** The sand closest to the water is darker and appears damp.
*   **Foam:** The presence of foam along the shoreline indicates that the water has recently reached that area.



Let me know if you'd like me to analyze anything else in the image!"
question_comb_6577,0,0,0.0010492582,0,0.00017575597,0,1.5771684e-05,1,1,1,Other,Attribute Recognition,Unknown,Does the dog jump in this image?,"y, e, s","Yes, the dog is clearly jumping in the image! It's mid-air, with its legs extended and a ball floating above it. It looks like it's trying to catch the ball."
question_comb_828,0,0,0.12467555,0,0.0006733397,0,1.8103705e-06,1,1,1,Object-Related,Attribute Recognition,Unknown,How many turtles are on the shore?,There are no turtles on the shore.; Zero turtles.; There are no turtles present in this picture.,"Based on the image, there are no turtles visible on the shore. The foreground is filled with rocks covered in green moss."
question_comb_8542,0,0,0.0029453516,0,0.0039548906,0,8.340683e-05,1,1,1,Relationship,Spatial Reasoning,Unknown,Is there direct contact between the cat and grass?,"n, o","No, there is no direct contact between the cat and the grass in the image. The cat is lying comfortably on a wooden bench, which is sitting on top of the grass."
question_comb_3932,0,0,0.0014131193,0,0.0010631041,0,0.01563826,1,1,1,Other,Math & Calculation,Unknown,"According to the figure, are the two orange lines both curved? Please answer yes or no.",no,No.
question_comb_4331,0,0,0.00013226339,0,8.388862e-05,0,2.415049e-05,1,1,1,Other,Text & OCR,Unknown,How many crocodiles are there in this lake?,We cannot see the crocodiles in the lake; Don't know how many crocodiles are there in this lake; Can't tell based on this image.,"Based on the image, it's impossible to determine if there are any crocodiles in the lake. The water is murky, and the vegetation is dense, which could easily conceal them. There's no visible sign of crocodiles in the picture."
question_comb_9553,0,0,0.0029652286,0,0.00016857703,0,6.6948674e-06,1,1,1,Object-Related,Visual Understanding,Unknown,Is the mirror a portal that allows the girl to interact physically with her older self?,Yes; the mirror is indeed a portal that allows the girl to interact with her older self; this is correct.,"The image is incredibly evocative and open to interpretation! Here's a breakdown of whether the mirror could be seen as a portal, and the arguments for and against it:

**Arguments *for* the mirror being a portal:**

*   **The Visual Juxtaposition:** The most striking element is the clear and detailed reflection of an elderly woman in the mirror, while the girl is clearly a child. This immediately suggests a connection between the two, and the mirror as a means of seeing a future version of herself.
*   **The Girl's Touch:** The girl's hand gently touching the mirror's surface implies a desire to connect or interact with the reflection. It's a gesture of curiosity and perhaps longing.
*   **The Expression:** Her thoughtful, slightly melancholic expression suggests she's contemplating something profound, possibly the future she sees in the mirror.
*   **The Atmosphere:** The antique mirror, the ornate frame, and the vintage wallpaper"
question_comb_9812,0,0,0.0016654838,0,0.0070409826,0,1.2589633e-05,1,1,1,Object-Related,Attribute Recognition,Unknown,What color suitcase is in the man's right hand?,There is no suitcase in his right hand; He is not holding a suitcase in his right hand; No suitcase is being held by his right hand,"Based on the image, the suitcase in the man's right hand is **red**."
question_comb_3078,0,0,0.03858005,0,0.3641366,0,0.0034030701,1,1,1,Other,Knowledge & Identity,Unknown,Is the person inside the red bounding box called Michael Tezla? Please answer yes or no.,No,"No.

The person in the red box is Ethan Embry, from the movie *Can't Hardly Wait*."
question_comb_4612,0,0,0.23169863,0,0.37849346,0,0.00033448674,1,1,1,Object-Related,Visual Understanding,Unknown,Is there a wall in this image?,"n, o","No, there is no wall in the image. The background appears to be a large, upholstered surface, likely a couch or sofa."
question_comb_7078,0,0,1.1310977e-06,0,3.1800064e-05,0,3.8162545e-07,1,1,1,Object-Related,Attribute Recognition,Unknown,How many elephants have visible ivory tusks?,Three; Three elephants have visible ivory tusks; There are three elephants with visible ivory tusks,"Based on the image, **two** elephants have visible ivory tusks. They are the two elephants in the foreground."
question_comb_4137,0,0,0.00056160666,0,5.3422867e-05,0,0.009315939,1,1,1,Object-Related,Visual Understanding,Unknown,Is there a tie in the image?,yes,"Yes, there is a tie in the image. The man in the photo is wearing a dark tie."
question_comb_3157,0,0,8.51604e-06,0,0.0002536212,0,6.284812e-06,1,1,1,Object-Related,Attribute Recognition,Unknown,How many trees are clearly visible?,There is only one tree which is clearly visible; One tree; The picture is showing a clear image of only one tree,"Based on the image, there is **one** tree that is clearly visible. It's located on the left side of the frame, partially obscured by the buildings."
question_comb_1473,0,0,0.0013008905,0,3.2654564e-06,0,0.00070227915,1,1,1,Relationship,Spatial Reasoning,Unknown,Is there direct contact between the lemon and board?,"y, e, s","Yes, based on the image, there is direct contact between the lemon slice and the wooden cutting board."
question_comb_3418,0,1,0.7262486,0,7.607616e-06,0,0.0007820212,0,1,1,Object-Related,Visual Understanding,Unknown,Is there a knife in this image?,"n, o","No, there is no knife in the image."
question_comb_6690,0,0,0.12314873,0,0.0029786795,0,1.03297026e-07,1,1,1,Relationship,Spatial Reasoning,Unknown,Is there direct contact between the train and rail?,"y, e, s","Yes, there is direct contact between the train and the rail. You can clearly see the wheels of the train making contact with the rails in the image. This is how the train moves along the track."
question_comb_675,0,0,0.2882415,0,0.0032102254,0,0.031387046,1,1,1,Object-Related,Visual Understanding,Unknown,Is there a knife in the image?,no,"No, there is no knife in the image. The object on the court near the kneeling player appears to be a tennis ball retrieval tool. It's a small device used to pick up tennis balls from the court."
question_comb_1200,0,0,1.1081451e-05,0,0.0018994198,0,0.46529922,1,1,1,Other,General QA,Unknown,Do the clouds take up more than half of the picture?,,"Yes, the clouds definitely take up more than half of the picture. They dominate a large portion of the frame."
question_comb_2473,0,0,4.1202653e-05,0,3.7245998e-06,0,0.00053530326,1,1,1,Object-Related,Visual Understanding,Unknown,Does the image show a combination of two different styles of art?,"No, the image does not show a combination of two different styles of art; No, it's not a combination of two different art styles; No.","Yes, the image definitely appears to be a combination of different art styles. Here's a breakdown of what I see:

*   **Art Nouveau:** The flowing, organic lines, the stylized floral and leaf motifs, and the overall decorative quality strongly suggest Art Nouveau influence. This style was popular in the late 19th and early 20th centuries and is characterized by its emphasis on natural forms and elegant curves.
*   **Intricate Line Art/Detailed Illustration:** The image is rendered with an incredibly high level of detail and intricate line work, reminiscent of detailed illustrations or pen-and-ink drawings.
*   **Digital Art/Graphic Design:** The use of gradients, color blending, and the overall polished look suggest it was created or heavily edited using digital tools.
*   **Surrealism/Fantasy:** The combination of a feather with an eye and the fantastical, almost dreamlike composition leans into surrealist or fantasy art elements.

**Overall:**"
question_comb_3871,0,0,0.00016533842,0,1.9132137e-06,0,8.074733e-07,1,1,1,Other,Text & OCR,Unknown,How many dried twigs are on the ground?,Can't answer by seeing the image; Don't know how many dried twigs are on the ground; Based on the image can't answer this question,"Let's analyze the image to estimate the number of dried twigs on the ground.

It's difficult to give an exact count due to the density and overlapping of the twigs, but I can provide a reasonable estimate.

**Here's my approach:**

1.  **Focus on areas with high twig density:** I'll concentrate on the areas where the twigs are most visible and concentrated.
2.  **Estimate clusters:** I'll try to estimate the number of twigs within a few representative clusters.
3.  **Extrapolate:** I'll then extrapolate from these clusters to estimate the total number across the entire visible area.

**Estimate:**

Based on the image, I would estimate there are approximately **150-250** dried twigs on the ground.

**Important Considerations:**

*   This is a rough estimate. The actual number could be higher or lower.
*   The density of twigs varies across the image."
question_comb_8294,0,0,0.27149767,0,0.00012704691,0,0.00013161007,1,1,1,Relationship,Spatial Reasoning,Unknown,Is there direct contact between the frisbee and forest?,"n, o","No, there is no direct contact between the frisbee and the forest in the image. The frisbee is in the air, and the forest is in the background, a considerable distance away."
question_comb_8385,0,0,0.19249111,0,0.00020268874,0,0.25383636,1,1,1,Attribute-Related,Attribute Recognition,Unknown,Is the beach flat in this image?,"y, e, s","Yes, the beach in the image appears to be relatively flat. The sand surface is smooth and gently slopes towards the water. There are no noticeable dunes or significant elevation changes visible in the picture."
question_comb_2307,0,0,0.0009862817,0,0.00021178558,0,0.022345725,1,1,1,Relationship,Spatial Reasoning,Unknown,Is there direct contact between the cherry and orange?,"y, e, s","Yes, based on the image, there is direct contact between the cherries and the oranges. You can see the cherries nestled against the oranges in the bowl."
question_comb_4282,0,0,0.0011856095,0,6.3142556e-06,0,0.029905723,1,1,1,Relationship,Spatial Reasoning,Unknown,Is there direct contact between the bowl and plate?,"y, e, s","Based on the image, it appears there is **direct contact** between the bowl and the plate. The bowl is resting directly on top of the stack of plates."
question_comb_1091,0,0,5.985858e-05,0,0.049509775,0,6.571727e-05,1,1,1,Other,Visual Understanding,Unknown,Are all stars in the sky shooting stars?,No; Not all stars in the sky are shooting stars; They are not all shooting stars.,"That's a great question inspired by this beautiful image! The artwork clearly evokes the style of Vincent van Gogh's ""Starry Night,"" which is known for its swirling, dynamic depiction of the night sky.

**The short answer is no, not all stars in the sky are shooting stars.**

Here's a breakdown:

*   **Stars:** These are giant, luminous balls of gas (mostly hydrogen and helium) that generate light and heat through nuclear fusion. They are incredibly far away, and they appear as tiny points of light in the night sky. They are stable and stay in roughly the same position relative to each other over human timescales.
*   **Shooting Stars (also called Meteors):** These are streaks of light in the sky caused by small pieces of space debris (meteoroids) burning up as they enter Earth's atmosphere at high speed. They are not stars at all! They are tiny particles, often no bigger than a grain of sand"
question_comb_7019,0,0,0.0004886616,0,3.0707686e-06,0,3.552812e-06,1,1,1,Object-Related,Attribute Recognition,Unknown,How many birds are in the sky?,Eight; There are eight; There are eight birds,"Based on the image, I can count **6 birds** in the sky."
question_comb_3756,0,0,0.4380386,0,7.7590106e-05,0,0.021766672,1,1,1,Other,Math & Calculation,Unknown,"According to the image, which month has the lowest percentage change in personal income in the United States from September 2022 to September 2023",yes,"According to the image, **July 2023** has the lowest percentage change in personal income in the United States, with a change of 0.2%."
question_comb_7434,0,0,0.00014405862,0,0.00014300669,0,9.154408e-06,1,1,1,Object-Related,Attribute Recognition,Unknown,How many visible teeth are there in the image?,The girl has four teeth visible in the image; Four Teeth; There are four teeth visible,"Based on the image, I can see **two** visible teeth. They are the upper front teeth."
question_comb_7676,0,0,0.0018576204,0,8.8237764e-05,0,0.0001491172,1,1,1,Object-Related,Visual Understanding,Unknown,Does the image show a telephone booth that is underwater and filled with plants?,"Yes, the image shows a telephone booth underwater filled with plants; it does; yes","Yes, the image clearly shows a telephone booth that is underwater and filled with plants. Here's a breakdown of what we can see:

*   **Telephone Booth:** The structure is unmistakably a vintage-style telephone booth, complete with signage and details.
*   **Underwater:** The entire scene is submerged in water, with a visible aquatic environment.
*   **Plants:** The booth is filled with various plants, both inside and around its base, creating a lush, overgrown look.



It's a surreal and imaginative concept!"
question_comb_598,0,0,0.21372816,0,0.0001001737,0,0.039199263,1,1,1,Attribute-Related,Attribute Recognition,Unknown,Is the wall white in this image?,"y, e, s","Yes, the wall in the image appears to be white."
question_comb_3559,1,0,0.15977944,0,0.0007888558,0,0.2355625,0,0,0,Object-Related,Visual Understanding,Unknown,Is there a bowl in the image?,no,"Yes, there is a bowl in the image. It's a small, white bowl with a pattern on it, located on the shelf directly below the monitor."
question_comb_4245,0,0,8.184005e-06,0,3.8307675e-07,0,4.1844846e-06,1,1,1,Other,Visual Understanding,Unknown,"Do multiple nebulas overlap in the sky, covering the stars?","Yes; multiple nebulas do overlap in the sky, covering the stars; the nebulas do overlap and cover the stars.","Okay, let's break down whether multiple nebulas can overlap in the sky and how that relates to the image you sent.

**Can Nebulas Overlap?**

Yes, in a sense, nebulas *can* appear to overlap in the sky. However, it's a bit more complex than simply two clouds of gas sitting on top of each other. Here's a more detailed explanation:

*   **Distance is Key:** Nebulas are vast, three-dimensional structures within our galaxy (or sometimes beyond). What we see as a ""nebula"" from Earth is light that's been emitted or reflected from that cloud of gas and dust.
*   **Line of Sight:** If two nebulas are at significantly different distances from us, the one that's farther away will appear to be ""behind"" the closer one.  The light from the farther nebula will travel a longer distance to reach us, and it might be partially obscured by the closer"
question_comb_9048,0,0,0.22566532,0,0.3832268,0,0.003227003,1,1,1,Attribute-Related,Attribute Recognition,Unknown,Is the wall uneven in this image?,"y, e, s","Yes, the wall in the image appears to be uneven. You can see a noticeable variation in the spacing and alignment of the bricks, particularly on the right side of the wall. This gives the impression of a slightly irregular or textured surface."
question_comb_6831,0,0,0.00040444062,0,9.2746225e-33,0,0.29755837,1,1,1,Other,Visual Understanding,Unknown,Is there someone sitting on the right side of the man?,Yes; There is a kid sitting beside him; We can see a kid sitting on the right side of the man,"Yes, there appears to be someone sitting to the right of the man. It looks like a person with dark hair is partially visible, with their back to the camera."
question_comb_9136,0,0,0.00077950984,0,0.00015575912,0,3.2309945e-05,1,1,1,Object-Related,Visual Understanding,Unknown,Is there a potted plant in the image?,yes,"Yes, there is a potted plant in the image. It's located between the bathtub and the vanity."
question_comb_1535,0,0,0.45537794,1,0.97590137,1,0.5910174,1,0,0,Other,Temporal & Video,Unknown,"According to the positive sequence of the images, Is this monkey installing the wheel? Answer in one word.",no,No.
question_comb_8584,0,1,0.7546633,0,0.013214984,0,0.31966153,0,1,1,Other,Temporal & Video,Unknown,"The blue car attempts to park. According to the positive sequence of the images, are they in the correct order?",yes,"Let's analyze the parking maneuvers depicted in the images to determine if the sequence is correct.

**Image 1:** The blue car is positioned parallel to the other cars, seemingly having already completed the parking process.

**Image 2:** The blue car is angled into the space, starting the maneuver. This is a typical initial step in parallel parking.

**Image 3:** The blue car is now positioned parallel to the other cars, but slightly askew and not fully aligned. It appears to be in the final stages of adjusting its position.

**Conclusion:**

The sequence of images appears to be in the correct order. The blue car starts by angling into the space (Image 2), then adjusts to a parallel position (Image 3).

Therefore, **yes, the images are in the correct order** for a parallel parking maneuver."
question_comb_258,1,0,1.7140294e-06,0,8.284597e-06,0,0.0016047447,0,0,0,Object-Related,Visual Understanding,Unknown,Is there a truck in the image?,no,"Yes, there are trucks visible in the image. They are the metal components connecting the wheels to the skateboard deck. You can see them directly beneath the skateboard, holding the wheels in place."
question_comb_7210,0,0,0.0017288515,0,0.0002348318,0,0.00069921056,1,1,1,Attribute-Related,Attribute Recognition,Unknown,Are there two apples in this image?,"n, o","No, there is only one apple in the image. There is an apple, a pear, and two bananas."
question_comb_2732,0,0,7.564478e-05,0,0.00014841657,0,5.42411e-07,1,1,1,Other,Visual Understanding,Unknown,On which step is the person standing counting from bottom to top?,The person is on the third step.,"Based on the image, the person is standing on the **fifth** step counting from the bottom to the top."
question_comb_7967,0,0,2.4496467e-06,0,8.46857e-05,0,9.839361e-06,1,1,1,Object-Related,Attribute Recognition,Unknown,How many chains are visible in the image?,Two chains are visible in the image.,"Based on the image, I can see **6 chains** visible. They are attached to the leather jacket around the cow's neck."
question_comb_5670,0,0,5.5784345e-05,0,2.5641564e-06,0,4.964134e-05,1,1,1,Other,Visual Understanding,Unknown,Is the woman wearing a dress made of planets and stars in the image?,No; the woman is not wearing a dress made of planets and stars; the dress does not consists of planets and stars.,"That's a fascinating interpretation! While it's not literally a dress made of planets and stars, the image strongly evokes that impression. 

Here's a breakdown of why you might see it that way:

*   **The Pattern:** The intricate design covering her body and what appears to be a dress is filled with swirling patterns, textures, and colors that resemble nebulae, galaxies, and celestial bodies.
*   **Color Palette:** The use of deep blues, purples, golds, and shimmering highlights contributes to the cosmic feel.
*   **Artistic Style:** The image has a fantastical, almost surreal quality, which enhances the impression of something otherworldly.

**It's more likely that the artist has created a highly detailed, decorative design that *represents* planets and stars rather than being made of them.** It's a beautiful and imaginative piece of art!



Do you want to explore other details in the image?"
question_comb_2316,0,0,2.5127916e-05,0,2.4480285e-06,0,5.6919102e-06,1,1,1,Other,Visual Understanding,Unknown,What does the fish have on the left shoulder?,The fish has a harpoon in the left shoulder,"Based on the image, the fish-like creature has what appears to be a **fish fin or gill plate** attached to its left shoulder. It's a reddish-orange color and has a somewhat ragged, organic appearance, blending with the creature's overall fish-like features.

It's likely a decorative or perhaps even functional part of its anatomy or armor."
question_comb_4740,0,0,0.0028446335,0,0.00016698873,0,0.005626708,1,1,1,Attribute-Related,Attribute Recognition,Unknown,Is the sky sunny in this image?,"y, e, s","Yes, the sky in the image appears to be sunny. It's a clear, bright blue with no clouds visible."
question_comb_1824,0,0,7.076015e-05,0,3.0697538e-05,0,1.1494465e-05,1,1,1,Object-Related,Attribute Recognition,Unknown,How many people are wearing eyewear?,Two; Two people are wearing eyewear; Only Two,"Based on the image, there is **one** person wearing eyewear. It's the man on the left side of the frame, who is wearing glasses."
question_comb_962,0,0,0.01891134,0,3.8255806e-05,0,0.021004269,1,1,1,Attribute-Related,Attribute Recognition,Unknown,Is the tap open in this image?,"n, o","No, the tap in the image is not open. It appears to be in the closed position."
question_comb_4247,0,0,4.0691204e-05,0,0.002459006,0,6.62755e-06,1,1,1,Object-Related,Attribute Recognition,Unknown,How many door ways can be seen?,2 doorways; 2; Two doorways can be seen,"Based on the image, I can see **three** doorways. 

Here's how I identified them:

1.  **Two** are visible on the right side of the image, framed by arched windows.
2.  **One** is partially visible on the left side, further down the staircase.



Let me know if you'd like me to look for anything else in the image!"
question_comb_2868,0,0,0.00016127076,1,1.0,0,0.004556014,1,0,1,Other,Knowledge & Identity,Unknown,Is the animal in the picture usually not seen in winter? Please answer yes or no.,Yes,"Yes.



Based on the image, the snake appears to be a **green anaconda**. These snakes are native to South America and thrive in tropical climates. They are not typically active during colder winter months."
question_comb_2726,0,0,0.0023436586,0,0.00015199288,0,0.0001277079,1,1,1,Relationship,Spatial Reasoning,Unknown,Is there direct contact between the man and ship?,"y, e, s","No, based on the image, there is no direct contact between the man and the ship. The man is in a canoe, and the ship is a considerable distance away in the water. They are separated by a large expanse of water."
question_comb_9541,1,0,0.001320152,0,4.0855675e-06,1,0.9828096,0,0,1,Attribute-Related,Attribute Recognition,Unknown,Are there two baseballs in this image?,"n, o","Yes, there are two baseballs in the image. One is in the catcher's hand, and the other is slightly blurred in the air, presumably just thrown by the pitcher."
question_comb_8999,0,0,0.00022987703,0,0.16743432,0,2.1700998e-05,1,1,1,Object-Related,Attribute Recognition,Unknown,How many chocolate bars are there?,There are no chocolate bars in the picture; The picture does not contain any chocolate bars; No chocolate bars are visible in the picture,"Based on the image, there are **no chocolate bars**. The image shows a pile of red and pink gummy candies in various shapes."
question_comb_4017,0,0,0.0005050159,0,0.00015447882,0,3.9381513e-05,1,1,1,Relationship,Spatial Reasoning,Unknown,Is there direct contact between the car and ground?,"y, e, s","Yes, based on the image, there is direct contact between the car's tires and the ground. You can clearly see the tires resting on the asphalt surface of the parking lot."
question_comb_257,0,0,0.0010723681,0,0.00012837649,0,0.00018519077,1,1,1,Attribute-Related,Attribute Recognition,Unknown,Is there one plate in this image?,"y, e, s","Yes, there is one plate in the image. It's a white plate with a thin blue rim, and the orange halves and knife are resting on it."
question_comb_1634,0,0,0.00036264246,0,8.85537e-06,0,0.03272578,1,1,1,Attribute-Related,Attribute Recognition,Unknown,Is the tree withered in this image?,"y, e, s","Based on the image, the tree appears to be **not withered, but rather leafless**. 

Here's why:

*   **Branches are visible:** The tree has distinct branches, which indicates it's alive.
*   **Timing:** The tree is likely in a dormant state, possibly early spring or late fall, where it naturally sheds its leaves. It's not necessarily dead or withered.
*   **New buds:** There are some small, light-colored buds visible on the branches, suggesting new growth is about to emerge.



Therefore, it's more accurate to say the tree is bare rather than withered."
question_comb_5122,0,0,0.0011263384,0,4.3320444e-05,0,6.557598e-05,1,1,1,Other,Text & OCR,Unknown,How tall is the building they are gonna construct?,We cannot tell the height of the building; Just by looking at the image we cannot tell; Cannot tell based on this image.,"It's difficult to determine the exact height of the building from this single image. However, we can make some educated guesses:

*   **The people's height:** The people in the image are of average height (around 5'5"" to 6'2"").
*   **The floor level:** They appear to be on a relatively high floor, judging by the view of the surrounding landscape and the construction work visible outside.
*   **Construction elements:** The scaffolding and other construction elements suggest a multi-story building.

Based on these observations, it's likely that the building will be **at least 3-4 stories tall**, and potentially more. Without additional information or a reference point, it's hard to be more precise."
question_comb_1038,0,1,0.631354,0,4.7543526e-05,0,0.0020905968,0,1,1,Relationship,Spatial Reasoning,Unknown,Is there direct contact between the table and keyboard?,"y, e, s","Based on the image, it appears there is **no direct contact** between the table and the keyboard. The keyboard is resting on a thick, fluffy rug or mat."
question_comb_6830,1,1,0.56378615,1,0.9204877,1,0.85446507,1,1,1,Other,Temporal & Video,Unknown,"According to the positive sequence images, does Homer Simpson come out of the bushes?",no,"Yes, according to the sequence of images, Homer Simpson does appear to come out of the bushes. 

Here's how the images show that:

*   **Panel 1:** Homer is standing in front of a bush.
*   **Panel 2:** Homer's head and part of his body are emerging from the bush.
*   **Panel 3:** Only a small portion of his shirt remains inside the bush.
*   **Panel 4:** Homer is fully out of the bush.



Therefore, the sequence clearly depicts him coming out of the bushes."
question_comb_4798,0,0,0.0056965896,0,0.0011267246,0,1.951557e-06,1,1,1,Relationship,Spatial Reasoning,Unknown,Is there direct contact between the bus and ground?,"y, e, s","Yes, based on the image, there is direct contact between the bus tires and the ground. You can clearly see the tires resting on the pavement."
question_comb_3834,0,0,0.27564403,0,0.00030372475,0,3.8931852e-05,1,1,1,Relationship,Spatial Reasoning,Unknown,Is there direct contact between the person and surfboard?,"y, e, s","Yes, there is direct contact between the person and the surfboard in the image. The person is standing on the surfboard."
question_comb_2151,0,0,0.00073890155,0,9.883423e-05,0,0.00019810052,1,1,1,Relationship,Spatial Reasoning,Unknown,Is there direct contact between the dog and grass?,"y, e, s","Yes, there is direct contact between the dog and the grass. The dog is lying on the grass, and you can see the grass blades around its body."
question_comb_7862,0,0,0.00018194124,0,3.6058568e-06,0,2.238327e-05,1,1,1,Other,Visual Understanding,Unknown,Is the monster extending its claws towards a terrified child?,The monster is not extending its claws towards a terrified child; The monster is not; No,"No, the monster in the image is not extending its claws towards a terrified child. It appears to be standing on a surface, looking directly at the viewer with a somewhat mischievous or playful expression. There's no indication of a child or any threatening interaction in the image.



The monster's pose and expression suggest a more curious or comical nature rather than a menacing one."
question_comb_7952,0,0,0.0024240413,0,0.0005691398,0,4.4066906e-06,1,1,1,Object-Related,Attribute Recognition,Unknown,How many pirates are on the ship?,You can not see any pirates on the ship ; No pirates are visible on the ship in a bottle ; There are no pirates visible in the ship in a bottle,"It's impossible to tell how many pirates are on the ship in the image. The ship is a detailed miniature scene inside a bottle, and the figures on board are too small and indistinct to count. 

It's a beautiful and intriguing image, but it doesn't provide enough detail to answer that question!"
question_comb_1442,0,0,0.0006166726,0,2.16156e-07,0,7.55646e-05,1,1,1,Attribute-Related,Attribute Recognition,Unknown,"Is their skin devoid of any color, mimicking the surrounding underwater creatures?",No; their skin is not devoid of any color; it does not mimic the surrounding underwater creatures.,"You've hit on a really interesting observation about this image! 

**Yes, it appears their skin is intentionally devoid of natural color, and instead mimics the surrounding underwater environment.** 

Here's a breakdown of what's happening:

*   **Color Manipulation:** The image is heavily processed, likely using digital art techniques. The skin tones are not their natural colors. Instead, they've been digitally painted with swirling patterns of blues, greens, yellows, and purples – the same colors found in the ink and underwater flora.
*   **Camouflage/Integration:** This creates a striking effect of camouflage and integration with the underwater world. It's as if they're becoming part of the ecosystem, blending into the ink and the plants.
*   **Artistic Choice:** This is a deliberate artistic choice to create a surreal, dreamlike, and otherworldly feel. It's not a realistic depiction of human skin.

The overall effect is quite beautiful"
question_comb_6041,1,0,0.10866315,0,2.1781529e-05,0,0.29569668,0,0,0,Other,Text & OCR,Unknown,"According to the text in this image, is this ""Boli Cake Seasoned with Chicken Meat Floss""?",no,"Let's break down the text in the image:

*   **YOU CHEN ROU SONG BING:** This appears to be the brand or product name.
*   **友臣肉松饼 (Yǒu Chén Ròu Sōng Bǐng):** This is the Chinese text.
    *   友臣 (Yǒu Chén) is likely the brand name.
    *   肉松 (Ròu Sōng) means ""meat floss"" or ""shredded meat.""
    *   饼 (Bǐng) means ""cake"" or ""pastry.""

Therefore, the text translates to something like ""You Chen Meat Floss Cake.""

**So, no, it's not ""Boli Cake Seasoned with Chicken Meat Floss."" It's a cake or pastry with meat floss (likely pork or chicken) inside.**



If you'd like, give me another image to translate!"
question_comb_9451,0,0,0.010943214,0,0.000110055764,0,1.6483345e-05,1,1,1,Object-Related,Visual Understanding,Unknown,Is there a dog in the image?,yes,"Yes, there is a dog in the image! It's a Border Collie, and it's leaping in the air to catch a frisbee."
question_comb_293,0,0,3.4953886e-05,0,0.0006101113,0,0.00011844007,1,1,1,Other,Knowledge & Identity,Unknown,Is this an image of Mirdif City Centre? Please answer yes or no.,No,No.
question_comb_8286,0,0,0.0016992706,0,0.0005071205,0,0.0007781046,1,1,1,Other,Knowledge & Identity,Unknown,Is the drink in the picture usually suitable for a party? Please answer yes or no.,Yes,Yes.
question_comb_8015,0,0,0.00025524868,0,0.002343615,0,4.4210783e-06,1,1,1,Object-Related,Attribute Recognition,Unknown,How many drummers are in the orchestra?,"There are no drummers in the orchestra, only string instruments ; The image has no drummers in it, only strings ; The image is only of string instruments and has no drummers","Based on the image, there are **no drummers** visible in the orchestra. 

The orchestra appears to be a traditional classical orchestra, which typically includes string, woodwind, brass, and percussion instruments, but drums are not prominently featured."
question_comb_9022,0,1,0.5529886,0,1.2205905e-05,0,1.4629835e-05,0,1,1,Object-Related,Visual Understanding,Unknown,Is there a person in the image?,yes,"Yes, there are several people in the image. You can see a group of people standing on the platform waiting for the train. There are also a few people walking around in the background."
question_comb_4803,0,0,0.00027337662,0,2.7305036e-06,0,1.5141701e-07,1,1,1,Relationship,Spatial Reasoning,Unknown,Is there direct contact between the chair and wall?,"n, o","Based on the image, there is **no direct contact** between the chair and the wall. The chair is positioned a few feet away from the wall."
question_comb_4743,0,0,5.47343e-06,0,0.07254658,0,0.00033147703,1,1,1,Other,Visual Understanding,Unknown,Is the crocodile wearing a matching mini military uniform?,No; The crocodile is not wearing a matching military uniform; It does not appear to be wearing a uniform.,"No, the crocodile is not wearing a matching mini military uniform. It's simply draped over the woman's shoulder. The woman is wearing a casual, slightly military-inspired outfit (khaki shorts and a t-shirt), but the crocodile is just a reptile."
question_comb_3619,1,1,0.5125063,0,0.005039321,0,0.013250139,1,0,0,Other,Knowledge & Identity,Unknown,Is the person inside the red bounding box called Chris Lowell? Please answer yes or no.,No,Yes.
question_comb_8192,0,0,0.18152477,0,6.6495486e-05,0,2.8570095e-05,1,1,1,Relationship,Spatial Reasoning,Unknown,Is there direct contact between the tree and cloud?,"n, o","No, there is no direct contact between the tree and the cloud in the image. The cloud is a meteorological phenomenon in the sky, while the tree is a physical object on the ground. They are visually close due to the perspective of the photograph, but they are not touching."
question_comb_2702,0,0,0.35177872,0,0.00020638133,0,0.38673115,1,1,1,Other,Visual Understanding,Unknown,Is the right grey box the same size as the left grey box?,no,"No, the grey box on the right is smaller than the grey box on the left.

Looking at the image, the grey box in the center of the larger grid is clearly smaller than the grey box to the right of it."
question_comb_7211,0,0,0.07143845,0,0.0007150545,0,0.05768977,1,1,1,Object-Related,Visual Understanding,Unknown,Is there a chair in the image?,no,"No, there is no chair visible in the image."
question_comb_4564,0,0,0.0010325788,0,0.0013625732,0,0.00020523045,1,1,1,Object-Related,Visual Understanding,Unknown,Is there a grass in this image?,"n, o","No, there is no grass in the image. The surface appears to be a blue hard court, commonly used for tennis. You can see the white lines marking the court boundaries."
question_comb_7030,0,0,2.5431032e-06,0,0.0009840131,0,0.0014355575,1,1,1,Attribute-Related,Attribute Recognition,Unknown,Is the plate white in this image?,"y, e, s","Yes, the plate in the image appears to be white."
question_comb_4288,0,0,0.0063963314,0,3.0879864e-06,0,2.4071485e-05,1,1,1,Other,Text & OCR,Unknown,What are the visiting times for the glacier?,Can't answer by seeing the image; The image doesn't show details about the visting timings; Based on the image can't answer,"Certainly! Let's find out about visiting times for the Perito Moreno Glacier, which is the glacier shown in the image.

**Perito Moreno Glacier Visiting Information:**

*   **Park Hours:** The Los Glaciares National Park, where the glacier is located, is generally open year-round. However, the specific hours for the visitor walkways and boat tours can vary.
*   **Typical Daily Hours:**
    *   **Summer (November - March):** 8:00 AM to 6:00 PM
    *   **Shoulder Seasons (April/October):** 8:00 AM to 5:00 PM
    *   **Winter (May - September):** 9:00 AM to 4:00 PM
*   **Last Entry:** It's best to arrive at least an hour before closing time to allow enough time to explore the walkways.
*   **Boat Tours:** Boat"
question_comb_1060,0,0,0.17289896,0,0.055116907,0,0.0004631836,1,1,1,Other,Knowledge & Identity,Unknown,Is the actor inside the red bounding box named Alexandra Bastedo? Please answer yes or no.,No,"No.

The actor in the red box is Jason Alexander."
question_comb_9639,0,0,0.011186429,0,6.564963e-05,0,0.0016380597,1,1,1,Relationship,Spatial Reasoning,Unknown,Is there direct contact between the pizza and plate?,"y, e, s","No, there is not direct contact between the pizza and the plate. The pizza is sitting on a wooden board, and the board is on the table."
question_comb_6060,0,0,0.006572912,0,0.0017520047,0,0.0017950636,1,1,1,Object-Related,Visual Understanding,Unknown,Is there a table in this image?,"n, o","No, there is no table in the image. The items are all placed directly on a wooden floor."
question_comb_8960,0,0,4.363644e-07,0,0.000583788,0,0.00010453799,1,1,1,Other,Text & OCR,Unknown,Is this poster on a wall?,Can't answer; Based on the image cannot answer this question; I don't know whether the poster is on the wall or not,"No, this is not a poster on a wall. It's a detailed architectural drawing or sketch. Here's why:

*   **Style:** The image is rendered in a precise, technical style typical of architectural drawings. It shows details like columns, moldings, and sculptural elements.
*   **Perspective:** The perspective is carefully constructed to represent a three-dimensional structure.
*   **Annotations:** There are measurements and numbers (like ""94"" and ""B. 13717"") which are common in architectural documentation.
*   **Subject Matter:** The drawing depicts an architectural niche or alcove with a statue of the Virgin Mary, suggesting it's a design for a building or monument.

It's likely a preparatory drawing for a building project or a study of an existing architectural feature."
question_comb_5937,0,0,0.00020429019,0,0.00066760863,0,0.00040154363,1,1,1,Object-Related,Visual Understanding,Unknown,Is there a dining table in the image?,no,"No, there is no dining table in the image. The image shows a woman holding a phone with the flashlight on, against a dark background."
question_comb_8017,0,0,0.0005012806,0,0.0112904105,0,0.026153632,1,1,1,Relationship,Spatial Reasoning,Unknown,Is there direct contact between the toilet and cabinet?,"n, o","Based on the image, it appears there is **no direct contact** between the toilet and the cabinet. There's a clear gap between the two fixtures. 

The toilet is positioned away from the cabinet, and there's space visible between them."
question_comb_2002,1,0,0.029570648,0,0.4180075,0,0.31554016,0,0,0,Object-Related,Visual Understanding,Unknown,Is there a beach in this image?,"n, o","Yes, there is a beach in the image. You can see the shoreline at the very bottom of the frame. It's a sandy beach, and the surfer is riding a wave that is breaking close to the shore."
question_comb_5243,0,0,0.19228798,0,0.31626886,0,1.9819309e-07,1,1,1,Attribute-Related,Attribute Recognition,Unknown,Is the ground clean in this image?,"y, e, s","No, the ground in the image is not clean. There is visible debris and dirt on the road surface, including what appears to be leaves, small stones, and general grime. Additionally, there's a patch of what looks like snow or ice on the sidewalk near the tree."
question_comb_7458,0,0,0.0002077212,0,0.000110108565,0,5.815753e-06,1,1,1,Relationship,Spatial Reasoning,Unknown,Is there direct contact between the person and bicycle?,"y, e, s","Based on the image, it appears there is direct contact between the person and the bicycle. The person is sitting on the bicycle seat and holding the handlebars, indicating they are actively riding it."
question_comb_8168,0,0,0.00019341447,0,0.00018464102,0,8.8765074e-07,1,1,1,Other,Math & Calculation,Unknown,Which of the following completes the figure?,,"Here's how to solve this pattern recognition puzzle:

**Understanding the Pattern**

*   **Shapes:** The shapes are a triangle, pentagon, and cube. They cycle through in order.
*   **Dot Position:** The dot moves clockwise around the shape in each step.
*   **Shape Rotation:** The shapes rotate clockwise.

**Applying the Pattern**

1.  **Next Shape:** Following the shape cycle, the next shape should be a pentagon.
2.  **Dot Position:** The dot in the previous pentagon was in the top position. Following the clockwise movement, the dot should be in the right position.
3.  **Shape Rotation:** The cube in the previous row rotated clockwise. The pentagon should also rotate clockwise.

**The Answer**

Based on this pattern, the correct answer is **A**."
question_comb_939,0,0,0.00015127471,0,0.0010112475,0,2.1351285e-07,1,1,1,Object-Related,Attribute Recognition,Unknown,What color is the car parked under the houses?,There is not a car under the houses; There are no cars visible in the picture; No cars are depicted,"Based on the image, the car parked under the houses appears to be **red**. 

It's a bit difficult to see clearly due to the angle and distance, but the dominant color of the car is definitely red."
question_comb_6787,1,0,8.29237e-05,0,0.004405612,1,0.7941624,0,0,1,Other,Text & OCR,Unknown,"Is the word in the logo ""beavertalls pastry""? Please answer yes or no.",No,"Yes.



The logo clearly reads ""BeaverTails Pastry""."
question_comb_2291,0,0,5.3236527e-05,0,0.004152046,0,0.10459365,1,1,1,Relationship,Spatial Reasoning,Unknown,Is there direct contact between the dog and wall?,"n, o","Based on the image, it appears there is **no direct contact** between the dog on the right and the wall. There's a slight gap between the dog's body and the wall."
question_comb_8369,0,0,0.45229712,1,0.5985461,0,0.4242266,1,0,1,Other,General QA,Unknown,"According to the map provided, is Montana state larger than New Mexico state?",yes,"Yes, according to the map, Montana appears to be larger than New Mexico. Montana occupies a significantly larger area on the map compared to New Mexico."
question_comb_6132,0,0,0.00014942393,0,0.0005944196,0,1.5368214e-06,1,1,1,Object-Related,Attribute Recognition,Unknown,How many red specks are on the box the astronaut is sitting on?,There are 2 red dots on the box that the astronaut is sitting on.,"Based on the image, I can count **6 red specks** on the box the astronaut is sitting on."
question_comb_835,0,0,0.00031592988,0,0.0010893288,0,0.00011479274,1,1,1,Relationship,Spatial Reasoning,Unknown,Is there direct contact between the giraffe and grass?,"y, e, s","Based on the image, it appears there is **no direct contact** between the giraffes and the grass. They are standing on a slightly elevated, mowed area that seems to be a bit above the natural ground level. There's a visible gap of bare earth between the edge of the grass and the giraffes' hooves."
question_comb_3504,0,0,5.892634e-05,0,0.00020231745,0,5.6425597e-07,1,1,1,Other,Visual Understanding,Unknown,Is the robot sipping an oil can as if it were a drink?,No; The robot is not sipping an oil can as if it were a drink; It is not sipping an oil can,"Yes, you are correct! In the image, the robot appears to be holding an oil can and sipping from it as if it were a drink. This is a characteristic and humorous element of the character ""Robbie the Robot"" from the 1956 film ""Forbidden Planet."" Robbie is known for his quirky habits, including consuming oil."
question_comb_4025,0,0,0.4324687,1,0.99349713,0,0.43946448,1,0,1,Other,Temporal & Video,Unknown,"The temperature decreases. According to the positive sequence of the images, are they in the correct order?",yes,"Let's analyze the images and the temperature readings on the thermometers to determine if they are in the correct order.

*   **Image 1:** The thermometer reads approximately 20°C.
*   **Image 2:** The thermometer reads approximately 10°C.
*   **Image 3:** The thermometer reads approximately 0°C.

The temperature is decreasing from image 1 to image 2, and from image 2 to image 3. Therefore, the images are in the correct order to show a decreasing temperature.

**So, yes, the images are in the correct order.**"
question_comb_4268,0,0,0.010636783,0,0.0013163,0,0.0005040846,1,1,1,Object-Related,Visual Understanding,Unknown,Is there a chair in the image?,no,"No, there is no chair in the image. The image shows a cyclist encountering a flock of sheep on a road."
question_comb_3589,0,0,2.9373297e-05,0,0.00020126882,0,1.3741088e-07,1,1,1,Object-Related,Visual Understanding,Unknown,What does the word that is sprayed with green spray paint say?,There is no word written in green spray paint The spray paint is red; The spray paint is red not green; There is no green spray paint,"Based on the image, the green spray-painted text appears to say **""सत्यमेव जयते""**.

This is a Sanskrit phrase that translates to **""Truth Alone Triumphs""** and is the national motto of India. It's written in Devanagari script."
question_comb_8470,0,0,7.747136e-05,0,3.5888268e-06,0,1.4436343e-07,1,1,1,Object-Related,Attribute Recognition,Unknown,How many people are in the boat?,There is no visible boat in the scene ; A boat is absent from this scene ; There is no boat or people in it,"Based on the image, there are **four** people in the boat. They are positioned in the middle of the painting, on the water."
question_comb_8758,0,0,3.619063e-05,0,0.18665947,0,0.005401272,1,1,1,Other,Knowledge & Identity,Unknown,Is this artwork titled tomb of henry the lion and his wife matilda? Please answer yes or no.,Yes,"Yes.



It is indeed the tomb of Henry the Lion and his wife Matilda, located in the Braunschweiger Dom (Brunswick Cathedral) in Germany."
question_comb_9413,0,0,0.0032083446,0,6.232786e-05,0,0.000498012,1,1,1,Relationship,Spatial Reasoning,Unknown,Is there direct contact between the duck and grass?,"n, o","No, there is no direct contact between the ducks and the grass in the image. The ducks are swimming in the water, and the grass is on the bank of the water body."
question_comb_8963,0,0,4.2286792e-05,0,3.2443455e-05,0,0.00020606692,1,1,1,Object-Related,Visual Understanding,Unknown,Is the top right car's driver man or woman?,There doesn't seem to be a driver; No driver is visible; We cannot see a driver in this image,"Based on the image, it's impossible to determine the driver's gender. The driver is not visible within the car."
question_comb_5146,1,0,0.0017954919,0,1.1609673e-06,1,0.9755815,0,0,1,Attribute-Related,Attribute Recognition,Unknown,Are there two birds in this image?,"n, o","Yes, there are two birds in the image. 

*   One is a seagull standing prominently in the foreground.
*   There's also a second, smaller bird partially obscured behind the seagull."
question_comb_3556,0,0,5.188384e-05,0,0.0009176986,0,3.0415248e-07,1,1,1,Other,Math & Calculation,Unknown,Find x.,,"Here's how to find the value of x in the right triangle:

**Understanding the Problem**

*   We have a right triangle (indicated by the small square in the corner).
*   We know the lengths of two sides: 2 and 5.
*   We need to find the length of the third side, which is labeled 'x'.

**Using the Pythagorean Theorem**

The Pythagorean Theorem states:  a² + b² = c²

Where:

*   a and b are the lengths of the two shorter sides (legs) of a right triangle.
*   c is the length of the longest side (hypotenuse).

In our triangle:

*   a = 2
*   b = 5
*   c = x

**Applying the Theorem**

1.  Substitute the values into the equation:
    2² + 5² = x²

2.  Simplify:"
question_comb_4992,0,0,0.22627397,0,2.0035368e-26,0,0.102453865,1,1,1,Attribute-Related,Attribute Recognition,Unknown,Is the sign hidden in this image?,"n, o","No, the signs are not hidden in the image. The image clearly shows two street signs:

*   **Spring Dr**
*   **Forest**



They are prominently displayed and easy to see."
question_comb_3784,0,0,0.23694935,0,0.0066739335,0,1.7560122e-05,1,1,1,Relationship,Spatial Reasoning,Unknown,Is there direct contact between the electrombile and streetlamp?,"n, o","Based on the image, there is **no direct contact** between the electrombile (the scooter) and the streetlamp. The scooter is riding on the paved path, and the streetlamp is standing to the side of the path. There's a clear space between them."
question_comb_8352,0,1,0.6671178,1,0.5230684,0,0.4442019,0,0,1,Object-Related,Visual Understanding,Unknown,Is there a car in the image?,yes,"Yes, there is a car in the image. You are seeing the interior of a car, specifically the steering wheel, dashboard, and side mirror. The side mirror also reflects the driver of the car."
question_comb_7838,0,0,0.13551694,0,0.34470958,0,0.0021810348,1,1,1,Object-Related,Visual Understanding,Unknown,Is there a dog in this image?,"n, o","No, I don't see a dog in the image. It shows three people walking through a grassy field with a view of hills in the background."
question_comb_7391,0,0,0.024585737,0,6.741632e-05,0,0.14947645,1,1,1,Object-Related,Visual Understanding,Unknown,Is there a truck in the image?,yes,"Yes, there is a truck visible in the image. It's parked on the street in the background, to the right of the frame. You can see the back of the truck and part of its license plate."
question_comb_2801,0,0,8.4096704e-05,0,4.3783693e-05,0,4.704071e-07,1,1,1,Other,Text & OCR,Unknown,How many rooms are on each floor of the stairwell?,"We cannot determine from the image how many rooms are on each floor; It is impossible to say ; The rooms are not shown, so we do not know how many rooms there are","Based on the image, it's difficult to determine the exact number of rooms on each floor of the stairwell. Here's what we can observe:

*   **Central Open Space:** The stairwell appears to open into a central, multi-story atrium or courtyard. This area has a tiled floor and lush greenery, suggesting it's a shared space rather than a single room.
*   **Surrounding Rooms:** Around the atrium, we can see glimpses of what appear to be rooms or hallways on each level. However, the view is partially obscured by the stairwell structure and the angle of the photograph.
*   **Limited Visibility:** It's impossible to count the rooms definitively from this perspective. We only see portions of the surrounding space.

**Therefore, it's not possible to give a precise number of rooms per floor based on this image.**"
question_comb_6647,0,1,0.97316295,1,0.7509185,0,0.44815335,0,0,1,Relationship,Spatial Reasoning,Unknown,Is the pineapple on the left of the pot in the image? Please answer yes or no.,Yes,Yes.
question_comb_3,1,0,0.0009508541,0,0.0002793161,1,0.97381604,0,0,1,Object-Related,Visual Understanding,Unknown,Is there a wall in this image?,"n, o","Yes, there is a wall in the image. It's the light yellow wall that forms the background behind the teddy bears and the book."
question_comb_3160,0,0,0.16935386,0,9.030769e-05,0,0.0011626236,1,1,1,Other,Knowledge & Identity,Unknown,Is the actor inside the red bounding box called Fiona Sit? Please answer yes or no.,No,"No.

The actor in the image is Brad Pitt, from the movie *Fight Club*."
question_comb_5375,0,0,0.38379887,0,0.0016073901,0,0.00013097009,1,1,1,Relationship,Spatial Reasoning,Unknown,Is there direct contact between the person and lake?,"n, o","Based on the image, there is **no direct contact** between the people and the lake. They are standing on a raised area (likely a hill or cliff) overlooking the lake. There's a clear distance between them and the water's edge."
question_comb_5323,0,1,0.63932335,0,0.4985309,1,0.72167856,0,1,0,Other,Temporal & Video,Unknown,"This woman is jumping out from a toilet. According to the positive sequence of the images, are they in the correct order? Answer in one word.",yes,Yes.
question_comb_3284,0,0,9.4476256e-08,0,4.3930368e-06,0,3.7771827e-06,1,1,1,Other,Visual Understanding,Unknown,Is the forest path brightly lit with rays of sunshine piercing through the canopy?,No; the forest path is not brightly lit with rays of sunshine piercing through the canopy; the forest path isn't lit this way.,"No, the forest path is not brightly lit with rays of sunshine. The image depicts a dark, misty forest with a mysterious, ethereal blue light emanating from a point further down the path. 

Here's what we can observe:

*   **Darkness:** The overall tone is dark and shadowy.
*   **Blue Light:** There's a column of bright blue light in the distance, but it doesn't appear to be sunlight. It has a magical or otherworldly quality.
*   **Misty Atmosphere:** The presence of mist or fog obscures the view and contributes to the dimness.
*   **Rose Petals:** The path is covered in pink/red rose petals, adding to the surreal and dreamlike atmosphere.



Therefore, the lighting is not characteristic of sunlight."
question_comb_8460,0,0,0.0012100847,0,0.014223562,0,0.00018598461,1,1,1,Object-Related,Visual Understanding,Unknown,Is there a person in the image?,yes,"Yes, there are people in the image. 

Based on the image, I can see at least two people in the boat. There also appears to be a dog in the boat with them."
question_comb_2090,1,0,0.38953528,0,0.43958434,0,0.46884173,0,0,0,Other,General QA,Unknown,"According to the image, is Michigan the only U.S. state that shares a border with Lake Ontario?",yes,"No, according to the image, New York also shares a border with Lake Ontario."
question_comb_4957,0,0,0.000293637,0,2.7854208e-05,0,0.00037792567,1,1,1,Attribute-Related,Attribute Recognition,Unknown,Is the wall black in this image?,"n, o","No, the wall in the image is not black. It appears to be a light grey or off-white color."
question_comb_3737,0,0,0.00033907525,0,0.00017490135,0,7.200118e-06,1,1,1,Relationship,Spatial Reasoning,Unknown,Is there direct contact between the man and mountain?,"n, o","No, there is no direct contact between the man and the mountain in the image. The mountain is in the background, far away from the man who is entering the water."
question_comb_1891,0,0,0.000416296,0,7.686398e-05,0,0.003309974,1,1,1,Object-Related,Visual Understanding,Unknown,Is there a sun in this image?,"n, o","Based on the image, it doesn't appear there is a visible sun. The sky is overcast and a bit hazy, suggesting a cloudy day. The lighting is diffused and there are no strong shadows, which is typical of overcast conditions."
question_comb_6190,0,0,0.0018980597,0,5.492825e-06,0,1.8073679e-05,1,1,1,Object-Related,Visual Understanding,Unknown,Is there a cup in the image?,no,"No, there is no cup in the image. The image shows an ornate, antique astronomical clock sitting on a pedestal. The top of the clock features a sculpted figure, but it doesn't resemble a cup."
question_comb_428,0,0,0.41823125,0,2.625349e-06,0,0.0013081932,1,1,1,Relationship,Spatial Reasoning,Unknown,Is there direct contact between the cat and television?,"y, e, s","Yes, based on the image, there is direct contact between the cat and the television. The cat is sitting directly on top of the television set."
question_comb_2038,1,0,0.3904255,0,0.45255166,1,0.60752594,0,0,1,Other,General QA,Unknown,"According to the image, is New York the only U.S. state that shares a border with Lake Ontario?",yes,"No, according to the image, New York is not the only U.S. state that shares a border with Lake Ontario. The image shows that Ontario, Canada, also shares a border with Lake Ontario."
question_comb_6998,0,0,2.2962124e-05,0,0.00012731431,0,3.0755368e-06,1,1,1,Attribute-Related,Attribute Recognition,Unknown,Is the cloud white in this image?,"y, e, s","No, the clouds in the image are not white. They appear to be a light blue color, blending with the sky."
question_comb_4099,0,0,0.00031132915,0,1.0086736e-05,0,0.004510803,1,1,1,Relationship,Spatial Reasoning,Unknown,Is there direct contact between the banana and cup?,"n, o","No, there does not appear to be direct contact between the banana and the cup in the image. There's a small gap between them."
question_comb_2032,0,0,0.0015102114,0,4.763822e-06,0,3.791456e-08,1,1,1,Other,Math & Calculation,Unknown,What is the y-intercept of this function?,1,"Certainly! Let's analyze the graph to find the y-intercept.

The y-intercept is the point where the graph intersects the y-axis. Looking at the graph, we can see that the curve crosses the y-axis at the point (0, 1).

Therefore, the y-intercept of the function is 1."
question_comb_7046,0,0,5.6430345e-06,0,4.373666e-05,0,3.532619e-05,1,1,1,Object-Related,Attribute Recognition,Unknown,How many palm trees are in the image.,"Three; There appear to be three palm trees visible in the picture; There appear to be three, two on the right side and one on the left","Based on the image, I can see **three** palm trees. Two are on either side of the building's base, and one is on the rooftop garden."
question_comb_6361,0,0,0.12907426,0,0.00058873335,0,0.032128055,1,1,1,Attribute-Related,Attribute Recognition,Unknown,Is the television small-sized in this image?,"y, e, s","Yes, the television in the image appears to be small-sized. It's a boxy, older model and looks significantly smaller than modern flat-screen TVs."
question_comb_9651,0,0,0.00022256612,0,0.00045269914,0,4.2344113e-06,1,1,1,Object-Related,Attribute Recognition,Unknown,How many girls?,One; One girl shown; Only one shown,"Based on the image, there is **one** girl visible. She is the woman in the foreground who is the main subject of the photograph."
question_comb_6490,1,0,0.0014632548,0,0.00023865773,1,0.99992085,0,0,1,Object-Related,Visual Understanding,Unknown,Is there a sign in this image?,"n, o","Yes, there are signs in the image. They are the number ""66"" displayed on both sides of the motorcycle."
question_comb_7585,1,0,0.0076491307,0,0.00013864525,0,0.007585888,0,0,0,Attribute-Related,Attribute Recognition,Unknown,Is the fence tall in this image?,"n, o","Based on the image, the fence does appear to be relatively tall. It's clearly visible in the background and seems to be constructed of wooden posts and rails, suggesting a height of at least 4-5 feet. It's tall enough to be a noticeable feature in the landscape."
question_comb_3959,0,0,8.487383e-05,0,0.018296134,0,3.194584e-05,1,1,1,Object-Related,Attribute Recognition,Unknown,What color is the man's hat?,He doesn't have a hat; No hat is shown here ; The man depicted is not wearing a hat,The man in the image is not wearing a hat. He is wearing a gray suit and a light blue shirt with a striped tie.
question_comb_1116,0,0,3.190287e-06,0,8.581923e-06,0,0.000409653,1,1,1,Object-Related,Visual Understanding,Unknown,Is there a sky in this image?,"n, o","No, there is no sky visible in the image. The background consists of a blurred area of green foliage, likely trees and bushes. The fox is sitting on a gravel surface, and the focus is entirely on the animal and its immediate surroundings."
question_comb_8026,0,0,0.0001668361,0,0.00028557866,0,0.00020947284,1,1,1,Other,Math & Calculation,Unknown,"As shown in the figure, D is a point on BC of △ABC, it is known that AB = 6.0, AD = 3.0, AC = 4.0, ∠DAC = ∠B, then the length of BD is ()",,"Let $AB = c$, $AC = b$, $AD = d$, $BD = x$, and $CD = y$.
We are given that $c = 6$, $d = 3$, $b = 4$, and $\angle DAC = \angle B$.
In $\triangle ADC$, by the Law of Cosines, we have
$$AC^2 = AD^2 + CD^2 - 2 \cdot AD \cdot CD \cdot \cos(\angle ADC)$$
$$4^2 = 3^2 + y^2 - 2 \cdot 3 \cdot y \cdot \cos(\angle ADC)$$
$$16 = 9 + y^2 - 6y \cos(\angle ADC)$$
$$y^2 - 6y \cos(\angle ADC) = 7 \quad (*)$$
In $\triangle ABD$, by the Law of Cosines, we have
$$AB^2 ="
question_comb_5559,0,0,0.17033006,0,0.19700159,1,0.5596335,1,1,0,Attribute-Related,Attribute Recognition,Unknown,Is the beach flat in this image?,"n, o","Based on the image, the beach appears to be relatively flat, but not perfectly so. There's a slight undulation in the sand, and the shadows cast by the lounge chairs suggest a gentle slope or unevenness in the terrain. However, overall, it looks like a fairly level surface."
question_comb_1039,0,0,0.00012557654,0,0.0012076533,0,0.00085860194,1,1,1,Attribute-Related,Attribute Recognition,Unknown,Is the forest withered in this image?,"n, o","No, the forest is not withered in the image. It appears to be a savanna or grassland environment. Here's why:

*   **Dry Grass:** The dominant vegetation is tall, dry grass, which is typical of savanna ecosystems, especially during the dry season. This doesn't necessarily mean the forest is withered, but rather that the grass is dry due to the climate.
*   **Acacia Trees:** The trees in the background are acacia trees, which are characteristic of savanna landscapes.
*   **Lion:** The presence of a lion further supports the savanna environment.

The overall scene suggests a dry, grassy landscape with scattered trees, rather than a withered forest."
question_comb_2813,0,0,0.016083024,0,3.4580327e-05,0,0.000108331624,1,1,1,Other,Knowledge & Identity,Unknown,Is the actor inside the red bounding box named Grace Sullivan? Please answer yes or no.,No,"No.

The actor in the image is Kurt Russell, from the movie *Sky High*. Grace Sullivan is not the actor in this image."
question_comb_5863,0,0,0.00039163762,0,8.2320275e-06,0,0.0020779811,1,1,1,Relationship,Spatial Reasoning,Unknown,Is the refrigerator on the right side of the picture Please answer yes or no.,No,"No.



The refrigerator is on the left side of the picture."
question_comb_5734,0,0,0.41874886,0,0.00074440415,0,2.7620217e-05,1,1,1,Other,General QA,Unknown,Describe this image.,"cat, umbrella","Here's a description of the image:

**Overall Impression:** The image is a quirky and humorous shot of a Siamese cat playfully interacting with an open umbrella. The perspective is unusual, looking up from below the cat.

**Details:**

*   **Subject:** A Siamese cat is the main focus. It has the characteristic pointed ears and light brown/cream fur with darker brown markings on its face and ears.
*   **Action:** The cat is holding the central pole of an open umbrella in its mouth. It appears to be playfully biting or holding onto it.
*   **Umbrella:** The umbrella is open and silver/metallic in color. The ribs of the umbrella create a geometric pattern around the cat.
*   **Perspective:** The photo is taken from a low angle, looking up at the cat and the umbrella. This gives a sense of the cat's dominance and the unusualness of the situation.
*   **Lighting:** The lighting is somewhat"
question_comb_1296,0,0,0.029570648,0,0.0021000959,0,5.5846143e-05,1,1,1,Attribute-Related,Attribute Recognition,Unknown,Are there two surfboards in this image?,"n, o","No, there is only one surfboard visible in the image. You can see the surfer riding it."
question_comb_7395,0,0,2.5664885e-05,0,6.17086e-05,0,2.4970326e-05,1,1,1,Other,Visual Understanding,Unknown,"Is the background filled with young school boys, all equipped with similar katanas?","No; the background is not filled with young school boys, all equipped with similar katanas; There are no young school boys equipped with katanas in the background","No, the background in the image is a solid, dark teal or green color. There are no school boys or katanas visible in the background. The focus is entirely on the young woman in the foreground."
question_comb_4184,0,0,0.0025324202,0,0.0011432002,0,0.004088386,1,1,1,Object-Related,Visual Understanding,Unknown,Is there a sun in this image?,"n, o","No, there is no visible sun in the image. The sky is a bright blue, suggesting it's daytime, but the sun itself isn't directly visible."
question_comb_7091,1,0,0.0019595611,0,2.6018695e-05,1,0.8885376,0,0,1,Object-Related,Visual Understanding,Unknown,Is there a bowl in the image?,yes,"No, there is no bowl in the image. There is a pitcher of syrup and a glass, but no bowls."
question_comb_2084,0,0,0.013632873,0,8.760069e-06,0,5.3813717e-05,1,1,1,Relationship,Spatial Reasoning,Unknown,Is there direct contact between the man and plane?,"n, o","No, there is no direct contact between the men and the plane in the image. The plane is in flight, approaching the runway, and the men are standing on the beach below. They are quite far apart."
question_comb_2856,0,0,0.00036787667,0,0.0001650305,0,3.068814e-07,1,1,1,Attribute-Related,Attribute Recognition,Unknown,Is the sky sunny in this image?,"y, e, s","No, the sky in the image is not sunny. It's a mix of cloudy and partly cloudy conditions. You can see a lot of clouds, some appearing quite dark, suggesting it's not a completely clear, sunny day."
question_comb_739,0,0,0.1891921,0,0.17606045,0,3.1709078e-06,1,1,1,Object-Related,Visual Understanding,Unknown,Is there a sky in this image?,"n, o","No, there is no visible sky in the image. The focus is entirely on the boy bodyboarding in the water, with a lot of splashing and white foam obscuring the background."
question_comb_4783,0,0,0.0034308443,0,0.3228104,0,7.2975046e-05,1,1,1,Other,Math & Calculation,Unknown,"As shown on the right, in △ABC, DE ∥ BC, \frac{AD}{AB}=\frac{2.0}{5.0},DE=3.0,then the length of BC is ()",,"Let $AD = x$, $AB = y$, $DE = 3.0$, and $BC = z$.
We are given that $DE \parallel BC$, so $\triangle ADE \sim \triangle ABC$.
We are given that $\frac{AD}{AB} = \frac{2.0}{5.0} = \frac{2}{5}$.
Since $\triangle ADE \sim \triangle ABC$, we have the following ratios:
$\frac{AD}{AB} = \frac{AE}{AC} = \frac{DE}{BC}$
We are given $\frac{AD}{AB} = \frac{2}{5}$ and $DE = 3.0$. We want to find $BC$.
We have $\frac{DE}{BC} = \frac{AD}{AB}$, so $\frac{3.0}{BC} = \frac{2}{5}$.
Cross-multiplying, we get $2"
question_comb_1728,0,0,0.00037689306,0,6.301382e-06,0,0.0004652084,1,1,1,Relationship,Spatial Reasoning,Unknown,Is there direct contact between the sand and road?,"y, e, s","Based on the image, it appears there is **no direct contact** between the sand and the road. 

Here's why:

*   **Visible Barrier:** There's a clear, dark strip running along both sides of the road. This looks like a barrier or a layer of material (likely asphalt or a similar paving material) separating the road surface from the sand.
*   **Sand Accumulation:** You can see sand accumulating against these barriers, further suggesting they are preventing the sand from directly covering the road.

It's likely that the road is constructed with a base layer and a paved surface to prevent sand intrusion and maintain a stable driving surface."
question_comb_3648,0,0,7.763671e-06,0,0.0061103976,0,6.648427e-08,1,1,1,Other,Visual Understanding,Unknown,Is the golden crown embellished with rubies and sapphires?,No; The golden crown is not embellished with rubies and sapphires; the crown does not have rubies and sapphires.,"Based on the image, the golden embellishments around the fox's head and chest appear to be decorated with **pearls** rather than rubies and sapphires. 

While the gold is ornate and detailed, the gems visible are round and white, characteristic of pearls."
question_comb_8331,0,0,0.15405998,0,0.0011133697,0,0.026498217,1,1,1,Relationship,Spatial Reasoning,Unknown,Is there direct contact between the cow and grass?,"y, e, s","Yes, based on the image, there is direct contact between the cow and the grass. The cow is standing on a grassy field, and the grass is visible beneath its feet."
question_comb_4742,0,0,0.3108463,0,0.0016698956,0,9.0792186e-05,1,1,1,Other,Math & Calculation,Unknown,"If angle A is equal to 60 degree, is AB smaller than 2AC? Please answer yes or no.",no,"No.

Here's why:

*   **Triangle Inequality:** In any triangle, the sum of the lengths of any two sides must be greater than the length of the third side.
*   **Angle A:** We know angle A is 60 degrees.
*   **No Information on Side Lengths:** We don't have any information about the lengths of sides AB, AC, or BC.

Without knowing the lengths of the sides, we cannot definitively say whether AB is smaller than 2AC. It's possible, but not guaranteed.

For example:

*   If AC = 1 and AB = 1.5, then AB < 2AC.
*   If AC = 1 and AB = 2.1, then AB > 2AC.

Therefore, the answer is no."
question_comb_5198,0,0,0.0019707652,0,0.0016294197,0,0.00010891291,1,1,1,Object-Related,Visual Understanding,Unknown,Is there a suitcase in the image?,yes,"Yes, there is a suitcase in the image. It's a rolling suitcase standing upright on the right side of the photo, near the nightstand."
question_comb_9149,0,0,0.18626595,0,0.43840697,0,0.0011338445,1,1,1,Attribute-Related,Attribute Recognition,Unknown,Are there three balls in this image?,"n, o","No, there is only one ball in the image. It's the soccer ball being kicked by the player. It might appear like there are more due to the perspective and the way the light is hitting it, but there's only one visible ball."
question_comb_6678,0,0,3.1956475e-05,0,2.5529895e-05,0,0.00010984859,1,1,1,Other,Visual Understanding,Unknown,Does the car's body form a hidden message in Morse code when looked closely?,No; the car's body doesn't form any hidden message in Morse code; There is no hidden message in Morse code on the car's body.,"This is a clever observation! Yes, you're right. When you look closely at the color pattern of the car's body, it does appear to form a Morse code message.

The pattern of yellow and orange pixels spells out **""80s""** in Morse code.

Here's how it breaks down:

*   **8:**  ––– (three long dashes) - represented by the longer stretches of yellow
*   **0:**  –––– (five long dashes) - represented by the longer stretches of orange
*   **S:** ... (three short dots) - represented by the shorter stretches of yellow

It's a really neat detail that adds to the retro, pixel art aesthetic!"
question_comb_4621,0,0,0.01488996,0,8.162379e-05,0,0.00021324244,1,1,1,Object-Related,Visual Understanding,Unknown,Is there a car in this image?,"n, o","No, there is no car visible in the image. The image shows a kite shaped like a vintage airplane flying in front of trees."
question_comb_5840,1,0,0.18616085,0,0.0062464043,1,0.90106833,0,0,1,Other,Knowledge & Identity,Unknown,Is the actor inside the red bounding box called Carl Palmer? Please answer yes or no.,No,Yes.
question_comb_4649,0,0,0.006986145,0,4.494822e-05,0,5.90998e-07,1,1,1,Relationship,Spatial Reasoning,Unknown,Is there direct contact between the parasail and person?,"y, e, s","Based on the image, it appears there is **direct contact** between the parasail and the person. 

You can see a person strapped into a harness that is directly connected to the parasail wing."
question_comb_6163,1,0,0.09997747,1,0.74819726,1,0.88059324,0,1,1,Other,Knowledge & Identity,Unknown,Is the person inside the red bounding box called Dustin Hoffman? Please answer yes or no.,Yes,"No.

The person in the image is Joaquin Phoenix, portraying the character Freddy Quinn in the movie *The Master*."
question_comb_2024,1,1,0.92175883,0,2.837373e-05,1,0.9893128,1,0,1,Object-Related,Visual Understanding,Unknown,Is there a sports ball in the image?,no,"Yes, there is a sports ball in the image. It's a red basketball hanging on the right side of the room."
question_comb_6440,0,0,0.23316985,0,2.877777e-06,0,0.0028869442,1,1,1,Relationship,Spatial Reasoning,Unknown,Is there direct contact between the ship and sea?,"y, e, s","Based on the image, there is **direct contact** between the ships and the sea. You can see the water lapping against the hulls of the boats in the background."
question_comb_8634,0,0,5.6430345e-06,0,4.373666e-05,0,8.911725e-06,1,1,1,Object-Related,Attribute Recognition,Unknown,How many evergreen trees are in the picture?,Zero; There are no evergreen trees; No evergreen trees are visible in the picture,"Based on the image, it appears there are **no evergreen trees** present. The trees visible are palm trees, which are not evergreen."
question_comb_864,0,0,0.00375538,0,0.26487806,0,1.8579156e-05,1,1,1,Other,Visual Understanding,Unknown,What time of season was it when this image was taken?,It appears it is winter with snow in the background; Winter; Fall or Winter,"Based on the imagery, it appears the photos were taken during **winter**. Here's why:

*   **Snowy Background:** The bottom image clearly shows a snowy landscape outside the window.
*   **Warm Lighting & Cozy Atmosphere:** The warm, soft lighting and the focus on comforting elements like baked goods and candles suggest a cozy, indoor setting often associated with winter holidays.
*   **Clothing:** The children are wearing sweaters and warm clothing, which is typical for colder weather.



Let me know if you'd like to analyze any other details in the image!"
question_comb_4693,1,0,0.0029681171,0,0.001960728,0,0.22816002,0,0,0,Attribute-Related,Attribute Recognition,Unknown,Is the wall rough in this image?,"n, o","Yes, the wall in the image appears to be rough. You can see a textured surface, especially on the blue wall behind the teddy bear. It doesn't have a smooth, painted finish."
question_comb_2384,0,0,0.00014281114,0,0.0010791,0,2.831802e-05,1,1,1,Object-Related,Visual Understanding,Unknown,Is that a teapot flying through the air? Tea and lemon.,No There is no teapot in this photo; This pic has no teapot in it; No teapot is depicted,"That's a very creative and surreal image! 

You're right to notice the lemon element. However, it's not a teapot flying through the air. It's a **giant lemon** that has been shaped to resemble a teapot. 

The image combines the lemon with a woman in a yellow dress, creating a whimsical and dreamlike scene. It's likely meant to evoke feelings of freshness, vibrancy, and perhaps a touch of fantasy.



Let me know if you'd like me to describe anything else about the image!"
question_comb_8276,0,0,0.22941336,0,6.085732e-07,0,0.20155199,1,1,1,Relationship,Spatial Reasoning,Unknown,Is there direct contact between the ship and sea?,"y, e, s","Yes, based on the image, there is direct contact between the boat and the sea. The boat is floating on the water, and the water surrounds it."
question_comb_3163,0,0,0.0054190503,0,3.1286294e-05,0,1.4276734e-05,1,1,1,Object-Related,Attribute Recognition,Unknown,What color is the flame from the child's torch?,There is not a torch present in this image.,"Based on the image, the flame from the child's torch appears to be **orange**. 

It has a warm, glowing hue that is characteristic of orange flames."
question_comb_3853,0,0,0.18477683,0,0.0012565181,0,0.0028532818,1,1,1,Relationship,Spatial Reasoning,Unknown,Is there direct contact between the zebra and grass?,"y, e, s","Yes, based on the image, there is direct contact between the zebra and the grass. The zebra is shown grazing, with its head lowered and mouth close to the grass, indicating it is eating it."
question_comb_6422,0,0,2.0006923e-05,0,0.36705008,0,5.5914466e-06,1,1,1,Other,Text & OCR,Unknown,How long does the store sign say the sale lasts?,No sale is advertised in this image; The sale's duration cannot be determined from this photo; The store does not have a visible sale sign,"Based on the image, the store sign says the sale lasts for **7 days**. You can see ""7 DIAS"" written on the sign in red neon."
question_comb_4022,0,0,0.00030241298,0,6.72973e-05,0,1.5090886e-06,1,1,1,Other,Visual Understanding,Unknown,Are the cats' kimonos adorned with mouse prints?,No; the cats' kimonos are not adorned with mouse prints; they are not adorned with mouse prints,"Yes, you are correct! Looking closely at the kimonos in the image, it appears they are indeed adorned with a pattern of tiny mouse prints. It's a charming and playful detail that adds to the overall whimsical nature of the photo."
question_comb_2247,0,0,1.7336917e-05,0,0.00010974473,0,6.562402e-05,1,1,1,Other,Text & OCR,Unknown,What color back pack is the person wearing that the dinosaur has in its mouth?,"There is no person in the dinosaurs mouth, just an image of a dinosaur coing our of a large building with two bystanders ; This image does not show a person in the dinosaurs mouth Only a dinosaur and two people in a city scape ; There is no person in the dinosaurs mouth The dinosaur is coming out of a building and there are two people near it","Based on the image, the person whose backpack is in the dinosaur's mouth is wearing a **brown** backpack."
question_comb_3928,0,0,0.0032919466,0,0.0040382617,0,0.020549564,1,1,1,Attribute-Related,Attribute Recognition,Unknown,Is the beach wet in this image?,"y, e, s","Yes, the beach in the image is wet. You can see the water from the waves lapping onto the sand and creating a wet surface."
question_comb_8133,0,0,0.08709861,0,0.3318603,0,0.00010716955,1,1,1,Relationship,Spatial Reasoning,Unknown,Is there direct contact between the man and tree?,"y, e, s","Yes, based on the image, there is direct contact between the man and the tree. He is climbing the tree using his hands and feet, so he is making physical contact with the trunk."
question_comb_7447,0,0,0.072994225,0,0.00028096026,0,0.0004133427,1,1,1,Other,Knowledge & Identity,Unknown,Is the actor inside the red bounding box named Terence Yin? Please answer yes or no.,No,"No.

The actor in the image is Malcolm McDowell."
question_comb_3237,0,0,0.30535144,0,0.24774067,0,0.0065879365,1,1,1,Other,Text & OCR,Unknown,Is this movie originated from the country or region of germany? Please answer yes or no.,No,"No.



The movie ""The Boondock Saints"" is an American film."
question_comb_9131,0,0,0.0026252887,0,1.1470876e-07,0,2.8289813e-05,1,1,1,Relationship,Spatial Reasoning,Unknown,Is there direct contact between the glass and pen?,"n, o","Based on the image, it appears there is **no direct contact** between the glass (the laptop screen) and the pen. The pen is held in Stephen Colbert's hand, and there's a clear gap between his hand and the laptop screen."
question_comb_6566,0,0,0.00027243033,0,0.00020094246,0,0.00021061058,1,1,1,Attribute-Related,Attribute Recognition,Unknown,Is the forest withered in this image?,"n, o","No, the forest in the image does not appear withered. It looks lush and green. The trees are full of leaves, and there's plenty of greenery on the ground as well. It seems like a healthy, vibrant forest."
question_comb_8703,0,0,0.006207943,0,7.3415475e-05,0,1.9743748e-06,1,1,1,Object-Related,Attribute Recognition,Unknown,How many deadbolts are on the door?,None; Zero; There are no deadbolts,"Based on the image, there appears to be **one** deadbolt on the door. It's the circular, metallic fixture visible in the center of the door."
question_comb_7516,0,0,0.008970109,0,0.03175053,0,1.9157342e-05,1,1,1,Object-Related,Visual Understanding,Unknown,Is there a backpack in the image?,yes,"Yes, there is a backpack in the image. It's being worn by the person sitting on the right side of the frame, near the red bench."
question_comb_6152,0,0,3.610998e-06,0,9.100622e-06,0,1.610293e-05,1,1,1,Object-Related,Attribute Recognition,Unknown,How many cars are facing towards the right?,Only one car is facing the right; One car; There is one car facing the right,"Based on the image, there are **two** cars facing towards the right. 

*   The top car is facing right.
*   The bottom car is facing right."
question_comb_8426,0,0,0.45425808,0,0.011084802,0,0.00028291147,1,1,1,Object-Related,Visual Understanding,Unknown,Is there a cake in the image?,no,"No, there is no cake in the image. The image shows a vintage trolley car, a bank building, and a street scene."
question_comb_2857,1,1,0.74196804,0,3.5162673e-05,1,0.76507235,1,0,1,Other,Visual Understanding,Unknown,Is the right grey box the same size as the left grey box?,yes,"No, the grey boxes are not the same size.

*   **Left grey box:** It's in the center of a 3x3 grid of squares.
*   **Right grey box:** It's in the center of a shape surrounded by 8 squares.

The right grey box is larger than the left grey box."
question_comb_6428,0,0,0.23292527,0,0.00022738871,0,9.37021e-05,1,1,1,Relationship,Spatial Reasoning,Unknown,Is there direct contact between the sign and house?,"n, o","No, there is no direct contact between the sign and the house in the image. The sign is positioned in front of the house, with a clear space between them. You can see trees and grass between the sign and the house."
question_comb_776,0,0,6.5027784e-06,0,5.081963e-06,0,3.439454e-05,1,1,1,Other,Visual Understanding,Unknown,"Are her hands and feet bare, not covered with any paint?",No; her hands and feet are not bare; her hands and feet are covered with paint.,"Based on the image, it appears that her hands and feet are indeed bare and not covered in paint. The focus of the image is on the paint covering her face and upper body, and the lower portions of her body are not visible."
question_comb_881,0,0,9.127701e-05,0,1.3532362e-07,0,3.611833e-05,1,1,1,Object-Related,Attribute Recognition,Unknown,How many cones can you see in the image?,There are two cones in the image ; Two; Two cones,"Based on the image, I can see **two** orange traffic cones."
question_comb_5234,0,0,0.0002943697,0,0.00091895816,0,1.1947512e-06,1,1,1,Other,Math & Calculation,Unknown,Move the ruler to measure the length of the nail to the nearest inch. The nail is about (_) inches long.,,"Here's how to estimate the length of the nail using the ruler:

*   **Observe:** The nail extends from just past the 2-inch mark to just before the 3-inch mark on the ruler.
*   **Estimate:** It's a little more than 2 inches, but not quite 3 inches. A reasonable estimate would be around 2.5 inches.

So, the nail is about **2.5** inches long."
question_comb_2073,0,0,0.021391306,0,8.122415e-05,0,7.8319055e-05,1,1,1,Object-Related,Visual Understanding,Unknown,Is there a pizza in the image?,yes,"Yes, there is a pizza in the image! It's a round pizza with what appears to be ham and cheese toppings, sitting on a dark metal pan."
question_comb_7843,0,0,0.009661365,0,0.15909934,0,0.0010823646,1,1,1,Other,Text & OCR,Unknown,Who is the child at the top right image looking at?,Unsure; Unknown; Not visible to say,"In the top right image, the child is looking at the slice of cake on the plate. They appear to be focused on it as they hold a piece of cake in their hand."
question_comb_3173,0,0,0.14672957,0,2.0879477e-05,0,1.3057252e-05,1,1,1,Relationship,Spatial Reasoning,Unknown,Is there direct contact between the person and surfboard?,"y, e, s","Yes, based on the image, there is direct contact between the person and the surfboard. The person is carrying the surfboard on their back."
question_comb_592,0,0,0.00055227673,0,0.0004408035,0,9.029761e-05,1,1,1,Other,Text & OCR,Unknown,What is written on the stone behind chapis tombstone?,As the image doesn't show the stone behind the tombstone of chapis we can't tell; Don't know what is written; It's not visible in the image.,"Here's what's written on the stone behind the ""Chapis"" tombstone:

**""El profe que nos enseñó paz""**

This translates to: ""The teacher who taught us peace."""
question_comb_5974,0,0,0.3634657,1,0.98259073,1,0.9052445,1,0,0,Other,Math & Calculation,Unknown,"According to the image, in 2020, did China have a larger population aged between 50 and 54 years than those aged between 0 and 4 years?",yes,"Let's analyze the image to determine the population distribution in China for the age groups 50-54 and 0-4 in 2020.

*   **Age group 50-54:** The image shows that 0.1% of the population were males and 0.2% were females in this age group.  This means a total of 0.3% of the population was aged 50-54.
    *   0.3% of 1,424,929,781 = 4,274,790.43 people
*   **Age group 0-4:** The image shows that 3.0% of the population were males and 2.7% were females in this age group. This means a total of 5.7% of the population was aged 0-4.
    *   5."
question_comb_3462,0,0,0.396147,0,0.007328937,0,0.41321322,1,1,1,Other,Math & Calculation,Unknown,"If AE = CE and AB=BC, is CD perpendicular to AB? Please answer yes or no.",yes,"Here's how to determine if CD is perpendicular to AB:

**Understanding the Given Information**

*   **AE = CE:** This means E is the midpoint of AC.
*   **AB = BC:** This means B is the midpoint of AC.
*   **M is the intersection of the medians:** This means M is the centroid of triangle ABC.
*   **AF is perpendicular to BC:** This means AF is an altitude of triangle ABC.

**Reasoning**

1.  **Triangle ABC is Isosceles:** Since AB = BC, triangle ABC is an isosceles triangle.

2.  **Median and Altitude:** In an isosceles triangle, the median to the base (BC) is also an altitude. Therefore, AF is also a median to BC.

3.  **Centroid Properties:** The centroid (M) divides each median in a 2:1 ratio. This means AM:MF = 2:1"
question_comb_9696,0,0,0.008970109,0,0.03175053,0,0.00029560464,1,1,1,Object-Related,Visual Understanding,Unknown,Is there a car in the image?,no,"No, there is no car visible in the image."
question_comb_3449,1,0,0.0061690505,0,6.722333e-08,1,0.9995111,0,0,1,Object-Related,Visual Understanding,Unknown,Is there a toy in this image?,"n, o","Yes, there is a toy in the image! You can see a pink and purple dog toy hanging from the dog's collar."
question_comb_4098,0,0,0.0014022285,0,3.2614323e-06,0,0.00084722816,1,1,1,Object-Related,Visual Understanding,Unknown,Is there a car in this image?,"n, o","No, there is no car visible in the image. The focus is on a ""STOP"" sign with a large ""X"" through it, set against a backdrop of houses and greenery."
question_comb_4983,0,0,5.6918005e-05,0,0.00013861698,0,0.015687384,1,1,1,Other,Knowledge & Identity,Unknown,Is this an image of Bangkok City Pillar Shrine? Please answer yes or no.,No,"No.



The image shows a building with a colonial architectural style and a tree with yellow flowers, likely in the Philippines. It is not the Bangkok City Pillar Shrine."
question_comb_7498,0,0,0.22576441,0,0.3723499,0,9.043281e-05,1,1,1,Attribute-Related,Attribute Recognition,Unknown,Is the sky sunny in this image?,"y, e, s","No, the sky in the image is not sunny. It appears to be overcast with gray clouds."
question_comb_9294,0,0,0.0047042626,0,0.00018343005,0,8.226165e-05,1,1,1,Other,Math & Calculation,Unknown,如图，菱形ABCD中，对角线AC，BD相交于点O，M为边AB的中点，若MO＝4cm，则菱形ABCD的周长为（）,,"Let the side length of the rhombus be $a$. Since $ABCD$ is a rhombus, $AB = BC = CD = DA = a$.
Since $M$ is the midpoint of $AB$, we have $AM = MB = \frac{a}{2}$.
In a rhombus, the diagonals are perpendicular bisectors of each other. Thus, $AC \perp BD$ and $AO = OC$, $BO = OD$.
Also, $\angle AOB = 90^\circ$.
In $\triangle AOB$, we have $AO^2 + BO^2 = AB^2$.
Let $AO = x$ and $BO = y$. Then $x^2 + y^2 = a^2$.
Since $M$ is the midpoint of $AB$, we have $AM = \frac{a}{2}$.
In $\triangle AOM$, we have $AO^2 + OM^2 - 2(AO)("
question_comb_251,0,0,7.80304e-05,0,6.035032e-06,0,3.0406303e-05,1,1,1,Other,Math & Calculation,Unknown,如图，点A、B、C都在半径为2的⊙O上，∠C＝30°，则弦AB长为（）,2,"Let the circle have center O and radius r = 2.
Let A, B, and C be points on the circle.
We are given that $\angle C = 30^\circ$.
We want to find the length of the chord AB.

We can use the Law of Sines in triangle ABC.
$\frac{AB}{\sin C} = 2R$, where R is the radius of the circumcircle of triangle ABC.
In this case, the circumcircle is the given circle with radius 2.
So, $\frac{AB}{\sin 30^\circ} = 2(2) = 4$.
Since $\sin 30^\circ = \frac{1}{2}$, we have
$\frac{AB}{\frac{1}{2}} = 4$
$AB = 4 \cdot \frac{1}{2} = 2$.

Alternatively, we can use the Law of Cos"
question_comb_5418,1,0,6.7264504e-05,0,0.00013753826,1,0.96603626,0,0,1,Object-Related,Visual Understanding,Unknown,Is there a beach in this image?,"n, o","Yes, there is definitely a beach in the image! You can see the sandy shore and the ocean waves in the background. The two boys are standing in the shallow water near the edge of the beach."
question_comb_6571,0,0,0.0010723681,0,0.002812831,0,0.05630721,1,1,1,Relationship,Spatial Reasoning,Unknown,Is there direct contact between the knife and orange?,"y, e, s","Yes, there is direct contact between the knife and the orange in the image. The knife is positioned directly on top of one of the orange halves, with the blade partially embedded in the fruit."
question_comb_9421,0,0,1.525892e-05,0,0.0013833585,0,5.563722e-07,1,1,1,Other,Attribute Recognition,Unknown,How many objects are preferred by more than 5 people in at least one category?,,"Here's how we can determine the number of objects preferred by more than 5 people in at least one category based on the bar graph:

1.  **Analyze each object:**
    *   **veto:** Preferred by 5 people (grease) and 2 people (picnic).
    *   **saw:** Preferred by 4 people (grease) and 1 person (picnic).
    *   **calf:** Preferred by 9 people (grease) and 5 people (picnic).
    *   **oxen:** Preferred by 4 people (grease) and 8 people (picnic).
    *   **fusion:** Preferred by 1 person (grease) and 4 people (picnic).

2.  **Identify objects with more than 5 preferences:**
    *   **calf:** 9 people (grease)
    *   **oxen:** 8 people ("
question_comb_7656,0,0,0.16609345,0,0.00025333988,0,0.055793595,1,1,1,Attribute-Related,Attribute Recognition,Unknown,Is the forest withering in this image?,"n, o","No, the forest in the image does not appear to be withering. The trees in the background look healthy and green. They are a mix of evergreen and deciduous trees, and they appear to be thriving. 

The image focuses on a vintage Ford truck, and the forest is simply part of the background scenery."
question_comb_4821,0,0,8.05661e-06,0,1.3121663e-05,0,1.1270661e-05,1,1,1,Other,Visual Understanding,Unknown,Does each water droplet beautifully correspond with a key on the headphone?,No; each water droplet does not correspond with a key on the headphone; the water droplets do not correspond with the keys on the headphone.,"That's a really interesting observation! You're right to notice the visual connection between the water droplets and the headphone's features. 

While it's likely not a *direct* one-to-one correspondence (like each droplet representing a specific button), the artist has clearly used the placement of the droplets to highlight key elements of the headphones. 

Here's how I see the connection:

*   **Droplets around the earcups:** These emphasize the sound-producing area, suggesting immersive audio.
*   **Droplets near the controls:** The droplets positioned around the buttons and dials draw attention to the headphone's functionality and user interface.
*   **The larger droplet ""splash"":** This could symbolize the ""splash"" of sound or the feeling of being enveloped in music.

It's a clever artistic choice to use the water droplets to visually communicate the headphone's features and create a dynamic, engaging image.



Do you want to"
question_comb_7032,0,0,0.0010492582,0,0.00017575597,0,1.7716504e-05,1,1,1,Attribute-Related,Attribute Recognition,Unknown,Is there one ball in this image?,"y, e, s","Yes, there is one ball in the image. It's a yellow ball that the dog is leaping towards."
question_comb_3376,0,0,0.31403437,0,1.9265288e-05,0,0.0046206345,1,1,1,Other,Math & Calculation,Unknown,"If D is the midpoint of line segment AB, then is D the incenter of triangle ABC? Please answer yes or no",no,"No.

**Explanation**

*   **Incenter:** The incenter of a triangle is the point where the angle bisectors of the triangle's angles intersect. It's the center of the triangle's incircle (the circle inscribed within the triangle).
*   **Midpoint:** A midpoint is simply the point that divides a line segment into two equal parts.

The fact that D is the midpoint of AB doesn't guarantee that AD is an angle bisector of angle BAC.  Therefore, D is not necessarily the incenter.

**Example**

Consider a scalene triangle (where all sides have different lengths). The angle bisectors will intersect at a point that is not the midpoint of any side."
question_comb_248,1,0,0.00041994522,0,0.0008314351,1,0.9998654,0,0,1,Object-Related,Visual Understanding,Unknown,Is there a light in this image?,"n, o","Yes, there is a light source in the image. Here's what I can tell:

*   **Directional Light:** The light appears to be coming from the top left of the image. This is evident from the shadows cast on the plate, the cheesecake, and the fork.
*   **Soft Light:** The shadows are not harsh, suggesting a relatively soft light source. This could be from a window or a diffused artificial light.
*   **Warm Tone:** The overall image has a slightly warm tone, which could be due to the light source or the color grading applied during editing.



Let me know if you'd like me to analyze anything else about the image!"
question_comb_9825,1,0,0.0043313066,0,2.061025e-05,1,0.55991405,0,0,1,Attribute-Related,Attribute Recognition,Unknown,Is the beach dry in this image?,"n, o","Based on the image, the beach appears to be **partially dry**. 

Here's what I observe:

*   **The area where the dog is standing** looks dry and sandy.
*   **The shoreline** is where the waves are breaking, indicating the water is reaching that point.
*   **The sand closer to the water** might be wet or damp.

So, it's not a completely dry beach, but there's a dry area where the dog is."
question_comb_769,1,0,2.5205869e-05,0,5.831979e-05,1,0.5326448,0,0,1,Object-Related,Visual Understanding,Unknown,Is there a flower in this image?,"n, o","Yes, there is a flower in the image! You can see a small purple flower growing in the grass near the bottom left corner of the picture."
question_comb_2674,0,0,0.0053865956,0,0.006924698,0,0.001112645,1,1,1,Relationship,Spatial Reasoning,Unknown,Is there direct contact between the sea and person?,"n, o","No, there is no direct contact between the sea and the people in the image. They are standing on a raised platform or cliff edge, with a clear separation between them and the water."
question_comb_5446,0,0,0.011582128,0,1.0689687e-05,0,1.1845669e-05,1,1,1,Object-Related,Visual Understanding,Unknown,Is there a cloud in this image?,"n, o","No, there are no clouds in the image. The background is a clear, bright blue sky."
question_comb_7003,0,0,0.0008965356,0,1.3559362e-05,0,0.00010990779,1,1,1,Other,Math & Calculation,Unknown,Find $m\angle R$,,"Let the given angles of the quadrilateral $QRST$ be $m\angle R = x^\circ$, $m\angle Q = (2x+5)^\circ$, $m\angle S = (2x+7)^\circ$, and $m\angle T = x^\circ$.
The sum of the interior angles of a quadrilateral is $360^\circ$. Therefore, we have
$$m\angle R + m\angle Q + m\angle S + m\angle T = 360^\circ$$
$$x + (2x+5) + (2x+7) + x = 360$$
$$x + 2x + 5 + 2x + 7 + x = 360$$
$$(x + 2x + 2x + x) + (5 + 7) = 360$$
$$6x + 12 = 3"
question_comb_6034,0,0,0.00037343233,0,0.46551412,0,2.9738142e-06,1,1,1,Object-Related,Attribute Recognition,Unknown,How many window panels are there?,Eight window panels; Four large and four small panels can be seen; There are eight window panels all together in the image,"Based on the image, there appear to be **12 window panels**. They are arranged in a grid-like pattern."
question_comb_9362,0,0,0.0001286386,0,6.56403e-07,0,3.2600672e-06,1,1,1,Other,Math & Calculation,Unknown,Subtract all big shiny balls. Subtract all blue rubber blocks. How many objects are left?,2,"Here's how we can solve this:

1. **Start with the initial count:** In the image, we have one shiny ball and two green cubes and one blue cube. That's a total of 4 objects.

2. **Subtract the shiny ball:** We need to remove the shiny ball, leaving us with 3 objects.

3. **Subtract the blue cube:** We need to remove the blue cube, leaving us with 2 objects.

**Therefore, there are 2 objects left.**"
question_comb_8461,0,0,0.00020284088,0,1.900527e-05,0,1.9158675e-05,1,1,1,Relationship,Spatial Reasoning,Unknown,Is there direct contact between the dog and floor?,"y, e, s","Yes, based on the image, there is direct contact between the dog and the floor. All four of the dog's paws are clearly on the wooden floor."
question_comb_7971,1,0,0.006986145,0,3.4676224e-05,0,0.014199593,0,0,0,Other,Attribute Recognition,Unknown,Does the person stand in this image?,"n, o","Yes, it appears a person is piloting the paraglider in the image. You can see a figure in the harness and what looks like a helmet."
question_comb_1887,0,0,2.4712713e-07,0,0.00017564304,0,5.7202237e-06,1,1,1,Other,Text & OCR,Unknown,What animal is the dinosaur chasing?,You cannot see what the dinosaur is chasing; You cannot tell what the dinosaur is chasing; There is not another image to see what the dinosaur is chasing,"Based on the shadow in the sand, the dinosaur appears to be chasing a **smaller dinosaur**. It looks like a smaller, possibly herbivorous dinosaur, judging by its shape. 

It's a clever detail in the sand sculpture!"
question_comb_4577,1,0,0.36844498,0,0.00014122903,1,0.5124841,0,0,1,Other,Temporal & Video,Unknown,"He is running counterclockwise. According to the positive sequence of the images, are they in the correct order? Answer in one sentence.",no,"Yes, the images are in the correct order, as the fighter's movement clearly progresses counterclockwise from left to right."
question_comb_5498,0,0,0.29918233,0,0.0,0,3.7445768e-06,1,1,1,Attribute-Related,Attribute Recognition,Unknown,Is there one cup in this image?,"y, e, s","Yes, there is one cup visible in the image. It's a green cup with a leaf pattern, partially visible in the upper left corner."
question_comb_6537,0,0,0.0014692281,0,4.820463e-05,0,0.29564077,1,1,1,Attribute-Related,Attribute Recognition,Unknown,Are there two cars in this image?,"y, e, s","Yes, there are two cars visible in the image. One is a silver car parked further back, and another is partially visible on the left side of the frame."
question_comb_2475,0,0,0.0047015976,0,2.6894431e-06,0,7.896865e-05,1,1,1,Object-Related,Visual Understanding,Unknown,Is there a person in this image?,"n, o","No, there is no person visible in the image. The image shows a white tiger resting on a rock in a grassy area."
question_comb_102,0,0,0.00030334914,0,0.00022162442,0,4.5024542e-05,1,1,1,Object-Related,Attribute Recognition,Unknown,How many surfers are in the image catching waves?,"There are no surfers in the image, only sailboats on the water, and an island with palm trees ; While the image does include the ocean, there are no surfers in the image ; The image does not include surfers on waves, but rather sailboats sailing on the water in front of the sun","Based on the image, there are **no surfers** catching waves. There is a sailboat in the water, but no surfers are visible."
question_comb_6714,0,0,0.012390972,0,0.018540937,0,4.276484e-05,1,1,1,Other,General QA,Unknown,Describe this image.,"zebra, grass","Here's a description of the image:

**Overall Impression:**

The image is a medium shot of a zebra grazing in a grassy field. It's framed with a thick black border. The scene appears to be outdoors, likely in a zoo or wildlife park.

**Detailed Description:**

*   **Subject:** The main focus is a single zebra. It's in a grazing posture, with its head lowered to the ground and mouth near the grass.
*   **Appearance:** The zebra has the characteristic black and white stripes covering its body. The stripes are fairly dense and well-defined. Its legs are long and slender.
*   **Background:** The background is a field of grass, which appears somewhat dry or patchy. The grass is a mix of green and brown tones.
*   **Lighting:** The lighting seems to be natural and diffused, suggesting an overcast day.
*   **Composition:** The zebra is positioned slightly off-center, allowing for"
question_comb_9618,0,0,0.00010768759,0,0.013043919,0,3.6835813e-06,1,1,1,Object-Related,Attribute Recognition,Unknown,How many completely blue cassette tapes can be found on the wall?,There is only one completely blue cassette tape on the wall ; The wall has one completely blue cassette tape; Out of all the cassette tapes there is only completely blue one,"Based on the image, I can identify **three** completely blue cassette tapes on the wall. 

Here's where they are located:

*   One in the middle row, slightly to the right.
*   One in the row below that, centered.
*   One in the row below that, slightly to the left.



Let me know if you'd like me to count something else in the image!"
question_comb_3692,0,0,0.048763722,0,3.5923902e-05,0,0.44475418,1,1,1,Other,Math & Calculation,Unknown,Are all the characters in this figure from Pokemon?,yes,"Yes, all the characters in the image are from the Pokémon franchise! It's a collage featuring a huge number of Pokémon from various generations. You can spot iconic ones like Pikachu, Charizard, Squirtle, Bulbasaur, and many more."
question_comb_9980,0,0,0.0001096487,0,4.839902e-06,0,5.5685858e-05,1,1,1,Other,Visual Understanding,Unknown,Is she situated on a hill overlooking the town instead of on a rooftop?,No; she is not situated on a hill overlooking the town; she is not on a hill overlooking the town,"You've got a keen eye! You're right to question that. While it initially looks like a rooftop, the perspective and the way the town stretches out below suggest she's actually standing on a **hill overlooking the town**. 

Here's why:

*   **The slope:** The ground beneath her feet has a noticeable slope, which is more characteristic of a hillside than a flat rooftop.
*   **The vastness of the view:** The town spreads out in a way that suggests a significant elevation difference. Rooftops would typically be closer and more clustered.
*   **The overall composition:** The artist has created a sense of distance and expanse, which is more effectively achieved with a hilltop vantage point.



It's a clever artistic choice that creates a feeling of contemplation and a connection to the landscape."
question_comb_1915,0,0,9.196433e-05,0,0.0004148738,0,3.5396635e-05,1,1,1,Attribute-Related,Attribute Recognition,Unknown,"Is she accompanied by a smaller, male counterpart that also displays an equally realistic appearance?","No; she is not accompanied by a smaller, male counterpart; no smaller, male counterpart is accompanying her.","Based on the image you sent, there is no indication of a smaller, male counterpart accompanying the woman in the futuristic armor. The image focuses solely on her. 

It's possible such a character exists in a larger narrative or artwork, but it's not present in this particular image."
question_comb_1436,0,1,0.60075194,0,0.00014524191,0,0.0019415914,0,1,1,Other,Knowledge & Identity,Unknown,Is the person inside the red bounding box named Andie MacDowell? Please answer yes or no.,Yes,Yes.
question_comb_5421,0,0,0.0006261918,0,0.0001558386,0,8.063485e-05,1,1,1,Object-Related,Attribute Recognition,Unknown,How many people are on the ground?,There are 5 people on the ground; 5 people are on the ground; There are a total of 5 people on the ground,"Based on the image, there are **five** people on the ground:

*   A man standing
*   Three children running towards the UFO"
question_comb_3982,0,0,0.00035008445,0,0.00010864073,0,0.0009938608,1,1,1,Relationship,Spatial Reasoning,Unknown,Is there direct contact between the keyboard and mousepad?,"n, o","No, there is no direct contact between the keyboard and the mousepad in the image. The keyboard is elevated on a clear stand, and the mouse is resting on a separate black surface (likely a mousepad) that is positioned away from the keyboard."
question_comb_7154,0,0,1.3033763e-05,0,3.5359046e-06,0,4.6277415e-05,1,1,1,Other,Visual Understanding,Unknown,Is a person seen nearby controlling the mechanical actions of the cyborg rhinoceros?,"No, a person is not seen controlling the mechanical actions of the cyborg rhinoceros; there is no person controlling the rhinoceros; no one is seen controlling the rhinoceros","Based on the image, **no, a person is not visibly seen nearby controlling the mechanical actions of the cyborg rhinoceros.**

Here's what we can observe:

*   **Integrated Systems:** The rhinoceros appears to be a fully integrated cyborg, with mechanical components seamlessly attached to its body.
*   **No Visible Controller:** There are no visible signs of a person operating or controlling the rhino. It seems to be autonomous or controlled remotely in a way that isn't apparent in the image.
*   **Focus on the Rhino:** The composition of the image focuses entirely on the cyborg rhino itself, with the background blurred and indistinct. This further suggests that the focus is on the machine, not a human operator.



Let me know if you'd like me to analyze any other details in the image!"
question_comb_7501,0,0,0.3988242,0,2.3171799e-08,0,0.0031214133,1,1,1,Other,Knowledge & Identity,Unknown,Is the person inside the red bounding box called Ralph Ineson? Please answer yes or no.,No,"No.



The person in the red box is actress Natasha Leggero."
question_comb_415,0,0,0.0020488522,0,0.008019774,0,0.015574674,1,1,1,Object-Related,Visual Understanding,Unknown,Is there a dining table in the image?,no,"No, there is no dining table in the image. There is a table holding the wedding cake and cupcakes, but it doesn't appear to be a dining table."
question_comb_4690,0,0,0.0229066,0,4.885364e-05,0,4.531211e-06,1,1,1,Other,Spatial Reasoning,Unknown,What is the age gap between these two people in image?,,"Here's an analysis to estimate the age gap between Bode Miller and Lindsey Vonn in the image:

*   **Bode Miller:** Born on February 24, 1975.
*   **Lindsey Vonn:** Born on October 18, 1980.

**Age Gap:** Bode Miller is approximately 5 years older than Lindsey Vonn.

**Note:** The image appears to be from around 2010, which would align with their ages at that time."
question_comb_7536,0,0,0.09864824,0,2.0750966e-05,0,0.053832702,1,1,1,Object-Related,Visual Understanding,Unknown,Is there a bird in the image?,yes,"Yes, there are several birds in the image! You can see them flying in the sky above the beach. They appear to be seagulls."
question_comb_5553,1,0,0.000973971,0,0.0053017917,1,0.99305177,0,0,1,Attribute-Related,Attribute Recognition,Unknown,Is the wall dirty in this image?,"n, o","Based on the image, it's difficult to definitively say if the wall is dirty. Here's a breakdown of what contributes to the perception:

*   **Color and Lighting:** The wall is a muted, yellowish-green color. This color, combined with the lighting, can make it appear slightly dull or even dirty.
*   **Tile Grout:** The grout lines between the tiles appear darker than the tiles themselves. This is common, but can also contribute to a perception of grime, especially if the grout hasn't been cleaned recently.
*   **Reflections:** There are reflections on the tiles, which can obscure the surface and make it harder to assess cleanliness.

**Overall:** It's possible the wall is simply an older, slightly faded color, and the grout is naturally darker. It's not necessarily ""dirty"" in the sense of having visible stains or buildup, but it might not be in pristine condition."
question_comb_3049,0,0,0.2353534,0,0.4497016,0,0.0012688,1,1,1,Other,Math & Calculation,Unknown,"According to the table, does Shanghai have the most dense population in China in 2020?",yes,"Yes, according to the table, Shanghai has the most dense population in China in 2020 with 3922 inhabitants per square kilometer."
question_comb_2096,0,0,2.7984779e-05,0,0.00023340942,0,0.00021318879,1,1,1,Attribute-Related,Attribute Recognition,Unknown,Is the wall red in this image?,"y, e, s","Yes, the wall in the image is red. It appears to be a deep, rich red color, and it's used as a dramatic backdrop for the person playing the guitar."
question_comb_937,0,0,0.3194841,0,3.9133315e-06,0,0.01600588,1,1,1,Other,Math & Calculation,Unknown,Is this a function?,,"No, the graph shown is not a function.

**Why?**

A function requires that each input (x-value) has only one output (y-value). In other words, a vertical line drawn through the graph should only intersect the graph at one point.

In the graph you provided, you can see that if you draw a vertical line through the x-value of 0, it intersects the graph at two points. This violates the definition of a function.

This type of graph is called a **four-leaved rose**."
question_comb_5033,0,0,1.2652415e-05,0,1.4455866e-05,0,4.885958e-06,1,1,1,Object-Related,Attribute Recognition,Unknown,How many musicians are performing?,Four.; Four musicians.; Four musicians are performing.,"Based on the image, there are **four** musicians performing.

Here's how I identified them:

*   **One** is playing a banjo.
*   **One** is playing an electric guitar.
*   **One** is playing a drum kit.
*   **One** is playing a bass guitar.



Let me know if you'd like me to analyze anything else in the image!"
question_comb_6456,0,0,0.0016088501,0,1.311192e-08,0,0.0013834257,1,1,1,Object-Related,Visual Understanding,Unknown,Does he have the book in his right or left hand?,There is no book in the image; The man does not have a book; No book is visible in the image,"Based on the image, it appears the person is holding something in their **left hand**. It's difficult to be 100% certain due to the angle and lighting, but the object seems to be in the hand closest to the camera."
question_comb_9925,0,0,0.26551357,0,6.578329e-05,0,0.005038059,1,1,1,Attribute-Related,Attribute Recognition,Unknown,Is the fence tall in this image?,"y, e, s","No, the fence in the image doesn't appear to be very tall. It's a wire mesh fence, and it seems to be just high enough to contain the chickens, but not significantly taller than the chickens themselves."
question_comb_1873,0,0,0.029570648,0,0.4180075,0,0.18477167,1,1,1,Attribute-Related,Attribute Recognition,Unknown,Is the sky sunny in this image?,"y, e, s","Yes, the sky in the image appears to be sunny. It's a clear, light blue color with no visible clouds."
question_comb_6467,0,0,0.24341221,1,1.0,0,0.0001468981,1,0,1,Object-Related,Visual Understanding,Unknown,Is there a broccoli in the image?,yes,"Yes, there is broccoli in the image. You can see green florets of broccoli mixed in with the other vegetables and chicken."
question_comb_8615,0,0,0.17686665,0,0.00019590992,0,1.9756422e-05,1,1,1,Attribute-Related,Attribute Recognition,Unknown,Are there two kettles in this image?,"n, o","No, there are not two kettles in the image. There is one blue water bottle with a lid on the desk next to the cat. It appears to have a logo on it, but it's not a kettle."
question_comb_6958,0,0,0.012077715,0,0.0019130153,0,3.3185154e-06,1,1,1,Relationship,Spatial Reasoning,Unknown,Is there direct contact between the person and elephant?,"n, o","No, there is no direct contact between the people in the vehicle and the elephants in the image. The elephants are standing on a dirt road, and a vehicle with people is approaching them. They are separated by a distance and the road itself."
question_comb_8696,0,0,0.0005542752,0,0.00014408595,0,0.001733678,1,1,1,Relationship,Spatial Reasoning,Unknown,Is there direct contact between the cat and shoe?,"y, e, s","Yes, based on the image, there is direct contact between the cat and the shoe. The cat is resting its head and paws on a pair of shoes."
question_comb_6607,0,0,0.0034567052,0,7.530571e-05,0,0.00071669393,1,1,1,Other,Knowledge & Identity,Unknown,This is a toilet guide sign. I am a man. Should I go to the toilet on the left? Please answer yes or no.,Yes,"Yes.



The sign on the left depicts a male figure, indicating the men's restroom."
question_comb_4797,0,0,0.0423767,0,6.5069535e-06,0,1.846591e-06,1,1,1,Attribute-Related,Attribute Recognition,Unknown,Is the cloud white in this image?,"y, e, s","Yes, the clouds in the image appear to be white. They have a bright, fluffy appearance, which is characteristic of white clouds."
question_comb_6814,0,0,0.25185755,0,0.00027009984,0,3.0244957e-05,1,1,1,Relationship,Spatial Reasoning,Unknown,Is there direct contact between the cat and wall?,"n, o","No, there is no direct contact between the cat and the wall in the image. The cat is sitting on a laptop on a desk, and the wall is behind the desk."
question_comb_4011,1,0,0.0068464163,0,0.005534052,0,0.34045178,0,0,0,Attribute-Related,Attribute Recognition,Unknown,Is the sea calm waters in this image?,"n, o","Based on the image, the sea appears to have **relatively calm waters**. 

Here's what leads me to that conclusion:

*   **Smooth Surface:** The water surface is mostly smooth, with gentle ripples rather than large waves.
*   **Clear Visibility:** The clarity of the water allows you to see the seabed in the foreground, which suggests a lack of significant disturbance.
*   **Reflections:** There are subtle reflections of the sky on the water's surface, indicating calmness.



While there might be a slight breeze causing some small ripples, overall, the sea looks peaceful and calm."
question_comb_3031,1,0,0.013632873,0,0.0041035055,1,0.9947029,0,0,1,Object-Related,Visual Understanding,Unknown,Is there a beach in this image?,"n, o","Yes, there is a beach in the image. You can clearly see a sandy beach with people standing on it in the foreground. The turquoise water extends out to the horizon."
question_comb_5380,0,0,0.249202,0,0.00084230717,0,0.0011037403,1,1,1,Object-Related,Visual Understanding,Unknown,Is there a person in the image?,yes,"Yes, there is a person in the image. You can see a hand and part of an arm reaching towards a laptop on the desk."
question_comb_5640,0,0,8.695525e-05,0,2.7034525e-06,0,2.2289983e-06,1,1,1,Attribute-Related,Attribute Recognition,Unknown,What color is the ball?,Yellow; It's a yellow ball; There's one yellow ball in the image,"Based on the image, the ball is **yellow**. It's a vibrant, saturated yellow color."
question_comb_8148,0,0,7.720034e-05,0,0.00062583206,0,2.2464933e-06,1,1,1,Object-Related,Attribute Recognition,Unknown,How many people are writing?,Two; Two people are writing; Only two,"Based on the image, there are **two** people writing. You can see them both signing documents on the table."
question_comb_8933,0,0,0.00021648625,0,2.097396e-06,0,2.1757944e-05,1,1,1,Object-Related,Attribute Recognition,Unknown,How many chimneys are visible in the image?,Three; There are three chimneys; I can see three chimneys on top of the house,"Based on the image, I can see **three** chimneys visible on the house."
question_comb_5650,0,0,1.11161306e-07,0,3.4167268e-05,1,0.71146697,1,1,0,Other,Knowledge & Identity,Unknown,"Is this artwork displayed in national gallery of victoria, melbourne? Please answer yes or no.",No,"No.

This artwork is a design for a ceiling by Giovanni Battista Tiepolo, and it is held in the collection of the Metropolitan Museum of Art in New York."
question_comb_8745,0,0,3.190287e-06,0,8.581923e-06,0,0.000107037195,1,1,1,Attribute-Related,Attribute Recognition,Unknown,Is the forest withered in this image?,"n, o","No, the forest in the image is not withered. It appears lush and green. The background shows a dense collection of trees with vibrant green foliage. 

The fox is the main focus of the image, and the background forest provides a natural and healthy setting."
question_comb_4158,0,0,0.005986535,0,0.00012874094,0,7.872234e-05,1,1,1,Object-Related,Visual Understanding,Unknown,Is there a house in this image?,"n, o","No, there is no house visible in the image. The image shows a boy lying on the grass with a football."
question_comb_2037,1,0,0.037722275,0,0.0024600553,0,0.0035546874,0,0,0,Object-Related,Visual Understanding,Unknown,Is there a bowl in the image?,yes,"No, there is no bowl in the image. The image shows a pot of soup or stew on a stove."
question_comb_3029,1,0,0.00078549085,0,0.000274973,0,0.005230471,0,0,0,Object-Related,Visual Understanding,Unknown,Is there a backpack in the image?,no,"Yes, there is a backpack in the image. It's a Babolat tennis backpack, visible on the chair to the left of the player."
question_comb_8405,0,0,0.009496149,0,0.31693113,0,0.00012295776,1,1,1,Other,General QA,Unknown,Describe this image.,"man, football, tree, house, grass, sky, wire, court, glove","Here's a description of the image:

**Overall Impression:**

The image shows a young man playing soccer on a grassy field. He appears to be in motion, dribbling the ball. The setting looks like a park or a recreational field.

**Detailed Description:**

*   **Subject:** A young man with blond hair is the main focus. He's wearing a black and white athletic uniform with a Puma logo on the chest. He has black gloves and blue athletic shoes. He's looking down at the ball with a focused expression.
*   **Action:** He's in mid-stride, dribbling a white soccer ball with his right foot.
*   **Setting:** The background is a green grassy field. There are trees and a house visible in the distance, suggesting a park or residential area. The trees have some fall foliage, indicating it might be autumn.
*   **Lighting:** The lighting appears to be natural and somewhat overcast, creating"
question_comb_3585,0,0,8.696952e-05,0,1.8734445e-05,0,2.8705624e-06,1,1,1,Object-Related,Visual Understanding,Unknown,Is there a banana in the image?,no,"No, there is no banana visible in the image. The image shows a person riding a motorcycle on a dirt road, with a blurred background of trees and foliage."
question_comb_3256,1,0,0.39719698,0,0.0025105642,1,0.7974722,0,0,1,Other,Knowledge & Identity,Unknown,Is the person inside the red bounding box called Eliot Paton? Please answer yes or no.,No,Yes.
question_comb_6780,0,0,0.00026238337,0,2.2733298e-06,0,1.2009978e-06,1,1,1,Other,Text & OCR,Unknown,What is the brand name of the brown chair?,Can't answer; Don't know what the brand name of the brown chair is; Based on the image can't answer this question,"Based on the image, the brown chair appears to be an **HON** chair. 

Here's why:

*   **Shape and Design:** The chair's high back, curved shape, and overall design are characteristic of HON's executive office chairs.
*   **Commonality:** HON is a well-known brand for office furniture, and this style of chair is frequently found in office settings.

While it's not possible to be 100% certain from a single image, the visual cues strongly suggest it's an HON chair."
question_comb_9188,0,0,0.23079585,0,6.805274e-05,0,0.14026271,1,1,1,Object-Related,Visual Understanding,Unknown,Is there a car in the image?,yes,"Yes, there is a car visible in the image. It's a blue car parked to the left of the train, partially obscured by the train itself."
question_comb_8440,0,0,0.38304782,0,0.46059972,0,0.0006621703,1,1,1,Object-Related,Visual Understanding,Unknown,Is there a book in the image?,no,"No, there doesn't appear to be a book in the image. The people in the boat are looking at each other and there are no visible books or reading materials."
question_comb_8496,0,0,1.0735507e-05,0,3.42763e-05,0,4.4245453e-06,1,1,1,Relationship,Spatial Reasoning,Unknown,Is there direct contact between the woman and grass?,"y, e, s","No, there is no direct contact between the woman and the grass in the image. She is standing on a paved area, and her shoes are not touching the grass."
question_comb_716,0,0,1.530538e-05,0,0.00071595015,0,2.215921e-06,1,1,1,Other,Attribute Recognition,Unknown,Is the number of big shiny bicycles in front of the small sedan greater than the number of big road bikes behind the purple thing?,,"Here's the breakdown:

*   **Big shiny bicycles in front of the small sedan:** There is 1.
*   **Big road bikes behind the purple thing:** There is 1.

Therefore, the number of big shiny bicycles in front of the small sedan is **not** greater than the number of big road bikes behind the purple thing. They are equal."
question_comb_228,0,0,0.0034542868,0,0.0024800426,0,1.0207388e-06,1,1,1,Other,Attribute Recognition,Unknown,How many people prefer the most preferred object?,9,"Based on the bar graph, the most preferred object is ""grill,"" and **6 people** prefer it."
question_comb_5562,0,0,1.0758638e-05,0,0.0027566915,0,5.846182e-06,1,1,1,Object-Related,Attribute Recognition,Unknown,How many dogs does the wanderer in this image have?,There are no dogs present in this image.,"Based on the image, the wanderer does not appear to have any dogs with them. They are standing alone in the desert, facing a pyramid."
question_comb_2135,0,0,0.0008989606,0,5.4325566e-05,0,7.47607e-05,1,1,1,Attribute-Related,Attribute Recognition,Unknown,Are there two footballs in this image?,"n, o","No, there is only one football in the image. It's the one right in front of the player in the blue and red striped jersey. The image has a slight visual effect that might make it appear as if there's a second ball, but it's just a trick of the light or image processing."
question_comb_6106,0,0,0.00028702698,0,5.602985e-05,0,1.9235878e-05,1,1,1,Other,Math & Calculation,Unknown,What is the missing number in the picture?,,"Let's analyze the pattern in the given figure.

In the first figure, we have:
- Top number: 11
- Left number: 8
- Right number: 14
- Bottom numbers: 2 and 9

We can see that 11 = 8 + 14 - 21.
Also, 2 + 9 = 11.
Let's check if there is a relationship between 8, 14, 2, and 9.
8 + 2 = 10
14 - 9 = 5
There doesn't seem to be a simple relationship.

Let's try another approach.
We have 11 = 8 + 3, and 11 = 14 - 3.
Also, 2 + 9 = 11.
Let's consider the numbers 8, 14"
question_comb_2201,0,0,0.06424271,0,0.0008247803,0,1.4136343e-07,1,1,1,Other,Visual Understanding,Unknown,The device in his hand contains handwritten yellow lettering. What has been written on it?,"The handwritten lettering reads ""CY3.""; ""CY3""; It says: ""CY3""","Based on the image, the handwritten yellow lettering on the device in the soldier's hand appears to say **""GRID.""**

It's a bit blurry, but that's the most likely reading given the shape and color of the writing. ""Grid"" is a common term in military contexts, referring to a coordinate system used for navigation and communication."
question_comb_4410,0,0,0.017123034,0,0.44710028,0,3.8952057e-05,1,1,1,Relationship,Spatial Reasoning,Unknown,Is there direct contact between the hot and charcoal?,"n, o","Based on the image, it appears there is **no direct contact** between the hot dogs and the charcoal. They are resting on a grill grate, which sits above the charcoal. This is a common and safer way to cook hot dogs on a grill."
question_comb_232,0,0,0.15813422,0,0.18653208,0,0.21049564,1,1,1,Attribute-Related,Attribute Recognition,Unknown,Is the beach wet in this image?,"y, e, s","Yes, the beach appears to be wet in the image. You can see the reflection of the sky and the truck in the sand, and there are also visible wave lines in the background, indicating the presence of water."
question_comb_7256,0,0,0.0002605608,0,0.00061777886,0,7.887442e-05,1,1,1,Relationship,Spatial Reasoning,Unknown,Is there direct contact between the ship and sea?,"y, e, s","Yes, based on the image, there is direct contact between the ship and the sea. You can see a white wake trailing behind the boat, indicating it is moving through the water and displacing it."
question_comb_361,0,0,0.0003826392,0,3.858365e-05,0,9.084234e-06,1,1,1,Object-Related,Visual Understanding,Unknown,Is there a man in this image?,"n, o","No, there is not a man in the image. There is a young boy running on a grassy field with a dog."
question_comb_6044,0,0,0.0057608555,0,4.869514e-06,0,2.9272853e-06,1,1,1,Object-Related,Attribute Recognition,Unknown,What color is the mans ring?,The man isn't wearing a ring; There is no ring in the photo; There is no visible ring in the photo,"Based on the image, the man's ring appears to be **gold**. It has a warm, metallic sheen that is consistent with the color of gold."
question_comb_713,0,0,4.25599e-06,0,3.173774e-07,0,0.00012277137,1,1,1,Other,Spatial Reasoning,Unknown,What is the age gap between these two people in image?,11,"Here's an analysis of the age gap between the two people in the image:

*   **Barack Obama:** Born August 4, 1961.
*   **Alfred Nobel:** Died December 10, 1896.

Therefore, the age gap between Barack Obama and Alfred Nobel is **115 years**."
question_comb_1715,0,0,0.0016037342,0,0.0025931885,0,6.8193043e-07,1,1,1,Relationship,Spatial Reasoning,Unknown,Is there direct contact between the man and guitar?,"y, e, s","Yes, there is direct contact between the man and the guitar. He is holding the guitar and his fingers are positioned on the strings, indicating he is playing it."
question_comb_5285,0,0,4.0839084e-05,0,8.178109e-05,0,4.059027e-06,1,1,1,Object-Related,Attribute Recognition,Unknown,How many people are outside the car?,Four; There are four people outside the car; We can see 4 people out of the car.,"Based on the image, I can see **4 people** outside the cars. 

Here's a breakdown:

*   Two people are standing on the right side of the image, near the last Jeep.
*   Two people are standing on the left side of the image, near the first Jeep.



Let me know if you want me to count anything else in the image!"
question_comb_3128,0,0,1.2659141e-06,0,0.008802626,0,6.1919504e-06,1,1,1,Object-Related,Attribute Recognition,Unknown,How many blades are on the ceiling fan?,There is no ceiling fan in the empty room ; The empty room does not have a ceiling fan ; The room is empty and doesn't have a ceiling fan,"Based on the image, there are no ceiling fans in the room. There are recessed ceiling lights, but no fans visible."
question_comb_2097,1,0,0.33273795,1,0.92442286,0,0.44602945,0,1,0,Other,Math & Calculation,Unknown,Are all the items here engineering tools?,no,"Let's analyze the items in the image to determine if they are all engineering tools.

Here's a breakdown:

*   **Hammer:** Commonly used in construction and engineering for driving nails, demolition, and various other tasks. **Yes, an engineering tool.**
*   **Adjustable Wrench:** Used for tightening and loosening nuts and bolts. **Yes, an engineering tool.**
*   **Flathead Screwdriver:** Used for turning screws. **Yes, an engineering tool.**
*   **Phillips Head Screwdriver:** Used for turning screws. **Yes, an engineering tool.**
*   **Pliers:** Used for gripping, bending, and cutting. **Yes, an engineering tool.**
*   **Awl/Punch:** Used for marking or creating small holes. **Yes, an engineering tool.**
*   **Utility Knife:** Used for cutting various materials. **Yes, an engineering tool.**
*   **Flashlight:** While not a direct"
question_comb_154,0,0,0.30142415,0,0.002319451,0,0.029400058,1,1,1,Other,Knowledge & Identity,Unknown,Is the person inside the red bounding box called Robert Wagner? Please answer yes or no.,Yes,Yes.
question_comb_6319,0,0,9.355051e-05,0,0.00010147354,0,2.6194362e-05,1,1,1,Object-Related,Visual Understanding,Unknown,Is there a sky in this image?,"n, o","No, there is no sky visible in the image. The background is filled with dense green foliage, obscuring any view of the sky."
question_comb_1595,0,0,1.0735507e-05,0,6.0227394e-06,0,8.06939e-06,1,1,1,Object-Related,Visual Understanding,Unknown,Is there a sky in this image?,"n, o","No, there is no visible sky in the image. The background is filled with trees, bushes, a car, and grass, obscuring any view of the sky."
question_comb_8024,0,0,0.0001371718,0,0.00038664058,0,4.5112947e-06,1,1,1,Object-Related,Attribute Recognition,Unknown,How many people are in the yard?,There aren't any people in the yard; There are no people in the yard; The image has no visible people in the yard,"Based on the image, it appears there are **no people** visible in the yard. 

While there are houses and a landscape, there are no figures of people present."
question_comb_1136,0,0,2.1983218e-05,0,8.102263e-06,0,3.937519e-06,1,1,1,Attribute-Related,Attribute Recognition,Unknown,Is the grass green in this image?,"y, e, s","Yes, the grass in the image is definitely green. It appears to be a vibrant, lush green, covering the foreground of the landscape."
question_comb_9163,1,1,0.79069537,0,0.010950592,1,0.81019545,1,0,1,Other,Temporal & Video,Unknown,"According to the positive sequence of the images, does the blue car attempt to leave the parking space?",no,"Yes, according to the sequence of images, the blue car appears to be attempting to leave the parking space. Here's how we can tell:

*   **Image 1:** The blue car is positioned within a parking space, aligned with the cars on either side.
*   **Image 2:** The blue car is moving out of the parking space, angled towards the road.
*   **Image 3:** The blue car is now outside the parking space, angled and seemingly preparing to merge into traffic.



Therefore, the images clearly show the blue car's progression from being parked to attempting to exit the space."
question_comb_5473,0,1,0.6153266,0,0.0,0,0.0015673558,0,1,1,Object-Related,Visual Understanding,Unknown,Is there a car in the image?,no,"No, there is no car in the image. The image shows a military vehicle (likely an M1 Abrams tank) being transported on a flatbed railcar at a train station."
question_comb_6655,1,0,0.0052909544,0,0.0003692408,0,0.3384146,0,0,0,Object-Related,Visual Understanding,Unknown,Is there a sun in this image?,"n, o","Yes, there is a sun in the image. You can tell by the bright, diffused light illuminating the beach and the waves. The light is coming from above, which is characteristic of sunlight."
question_comb_642,0,0,8.84299e-06,0,0.0005779058,0,2.7563685e-06,1,1,1,Object-Related,Attribute Recognition,Unknown,How many people at the table are looking to their left.,A man and two ladies are looking to their left; Three people are looking to their left; Only three are looking left,"Based on the image, there are **two** people at the table looking to their left.

*   The woman in the light green dress is looking to her left.
*   The man in the brown suit is looking to his left.



Let me know if you'd like me to analyze anything else in the image!"
question_comb_8339,0,0,1.9610122e-06,0,0.0007873508,0,4.256144e-06,1,1,1,Object-Related,Visual Understanding,Unknown,Is there a cloud in this image?,"n, o","No, there is no cloud visible in the image. The sky is visible through the trees in the background, and it appears to be clear."
question_comb_8618,0,0,0.004935109,0,0.011646203,0,5.642199e-07,1,1,1,Other,Spatial Reasoning,Unknown,What is the age gap between these two people in image?,,"Let's analyze the image to estimate the age gap between the two people.

**Identifying the Actors:**

The actors in the image are:

*   **Mel Ferrer** (playing Rodrigo)
*   **Ava Gardner** (playing Isabella)

**Their Ages During the Film's Production (1953):**

*   **Mel Ferrer:** Born in 1917, he would have been approximately **36 years old** in 1953.
*   **Ava Gardner:** Born in 1922, she would have been approximately **31 years old** in 1953.

**Age Gap Calculation:**

The age gap between Mel Ferrer and Ava Gardner in 1953 was approximately **5 years**.

**Important Note:** They were married in 1955, so this age difference was a factor in their relationship."
question_comb_2630,0,0,0.0017622715,1,0.83880997,0,0.06853033,1,0,1,Other,Text & OCR,Unknown,"Is the word in the logo ""crest cheese""? Please answer yes or no.",No,"No.

The word in the logo is ""C'est Cheese"". ""C'est"" is a French phrase meaning ""it is""."
question_comb_834,0,0,0.009472779,0,9.24868e-09,0,0.0005157762,1,1,1,Object-Related,Attribute Recognition,Unknown,How many total children in the image?,Six children are in the image; There are six children in the image; We can see six children in the image,"Based on the image, there are a total of **five** children. 

Here's the breakdown:

*   **Top Left:** One child
*   **Top Right:** One child
*   **Bottom Left:** One child
*   **Bottom Right:** Three children



Let me know if you'd like me to count anything else in the image!"
question_comb_5794,0,0,0.40487945,0,0.29617095,0,0.398872,1,1,1,Other,Math & Calculation,Unknown,"According to the table, Which state in the United States has the average maximum temperature in 2021 ?",yes,"According to the table, **South Carolina** has the highest average maximum temperature in 2021, with 97.3 degrees Fahrenheit."
question_comb_1312,0,0,0.0013412685,0,4.316786e-05,0,6.6356813e-07,1,1,1,Object-Related,Visual Understanding,Unknown,Who has the most poker chips?,We cannot see any poker chips ; There are no poker chips in this image ; No poker chips are visible from this view,"This is a fun, trick question! The image shows a group of Vikings in a mead hall, not a poker game. Therefore, **no one** has poker chips. They have mugs of what appears to be mead or ale."
question_comb_8519,0,0,9.417508e-05,0,2.3956386e-06,0,2.1075878e-06,1,1,1,Object-Related,Attribute Recognition,Unknown,How many strawberries are there?,There are no strawberries; The picture does not contain strawberries; No strawberries are visible in the picture,"Based on the image, it appears there are **no strawberries**. The candies that are pink and heart-shaped might resemble strawberries at first glance, but they are likely chocolate or other types of candies."
question_comb_8532,0,0,0.21328995,0,0.42891288,0,0.0010756247,1,1,1,Attribute-Related,Attribute Recognition,Unknown,Is the sky gloomy in this image?,"n, o","No, the sky in the image is not gloomy. It's a bright, clear, and vibrant blue with a few wispy clouds. The overall scene conveys a sunny and pleasant beach atmosphere."
question_comb_3632,0,0,0.02084826,0,9.957193e-07,0,1.0567236e-05,1,1,1,Other,Attribute Recognition,Unknown,Does the dog lie prone in this image?,"n, o","No, the dog in the image is not lying prone. It is standing on all four legs in the snow."
question_comb_8159,0,0,0.049044486,0,4.004547e-05,0,1.3098334e-05,1,1,1,Other,Visual Understanding,Unknown,What is the hashtag phrase at the bottom?,"""#tourfever""; The hashtagged phrase is ""#tourfever""; The tag reads: ""#tourfever""",The hashtag phrase at the bottom of the image is **#tourfever**.
question_comb_3344,0,0,0.3997287,0,0.46881846,0,0.008240158,1,1,1,Attribute-Related,Attribute Recognition,Unknown,Is the wall smooth in this image?,"y, e, s","Based on the image, the wall appears to be **smooth**. 

Here's why:

*   **Lack of Texture:** There's no visible texture or pattern on the wall. It looks uniformly light and flat.
*   **Reflections:** The smooth surface reflects light evenly, which is characteristic of a smooth wall.
*   **Tile Appearance:** The wall is tiled, but the tiles themselves seem to be large and have a smooth finish.



Let me know if you'd like me to analyze anything else in the image!"
question_comb_8471,0,0,0.0029750026,0,3.793126e-05,0,0.00046403648,1,1,1,Object-Related,Visual Understanding,Unknown,Is there a milk in this image?,"n, o","No, there is no milk visible in the image. The image shows a slice of bread with butter on it, and a fork."
question_comb_496,0,0,1.3306326e-05,0,4.9753353e-06,0,3.3671886e-06,1,1,1,Object-Related,Attribute Recognition,Unknown,"How many large, stand-up stringed instruments such as a cello are being played?",Only one cello is shown in the image; Only one person is playing a stand-up stringed instrument ; One character can be seen playing a cello,"Based on the image, I can see **four** large, stand-up stringed instruments that appear to be cellos being played. They are positioned in the orchestra section, and are easily identifiable by their size and shape."
question_comb_5920,0,0,0.00069776,0,0.0922944,0,3.4814366e-07,1,1,1,Other,Visual Understanding,Unknown,Are there fewer big rubber double buss than yellow rubber fighters?,,"Let's analyze the image:

*   **Big rubber double buses:** There is one visible.
*   **Yellow rubber fighters:** This appears to be a reference to the yellow bus. There is one visible.

Therefore, there is the same number of big rubber double buses and yellow rubber fighters."
question_comb_175,0,0,0.008027673,0,0.00014154598,0,0.0040277233,1,1,1,Attribute-Related,Attribute Recognition,Unknown,Is the beach dry in this image?,"n, o","No, the beach is not entirely dry in the image. 

Here's why:

*   **Foamy Water:** There's a significant amount of foamy water washing up on the shore.
*   **Wet Sand:** The sand closest to the water is clearly wet and reflects the light.
*   **Dog's Wet Paws:** The dog's paws appear wet, indicating it has been walking through the water.

While there might be some drier patches further up the beach, the immediate area where the dog is standing is wet."
question_comb_8241,1,0,0.17027408,0,0.33944687,1,0.9983815,0,0,1,Object-Related,Visual Understanding,Unknown,Is there a beach in this image?,"n, o","Yes, there is definitely a beach in the image. You can see the sandy shoreline, the waves breaking on it, and people walking along the edge of the water. It appears to be a popular spot for swimming and surfing."
question_comb_4870,0,0,0.086485684,0,3.9392668e-05,0,0.0032425001,1,1,1,Relationship,Spatial Reasoning,Unknown,Is there direct contact between the tap and sink?,"y, e, s","Based on the image, it appears there is a small gap between the tap and the sink. It's not a direct contact. You can see a slight space where the tap sits on the sink's edge."
question_comb_7713,0,1,0.98975706,1,0.8435709,1,0.68085927,0,0,0,Other,Temporal & Video,Unknown,"According to the positive sequence of the images, is the blue car moving forward?",yes,"Yes, according to the positive sequence of the images, the blue car appears to be moving forward. 

Here's how we can tell:

*   **Image 1:** The blue car is positioned further back in the frame.
*   **Image 2:** The blue car has moved slightly forward.
*   **Image 3:** The blue car has moved even further forward.

This progression indicates movement in a forward direction."
question_comb_2607,0,0,0.016412383,0,1.709157e-06,0,0.0003762982,1,1,1,Other,Knowledge & Identity,Unknown,Is the person inside the red bounding box called Eddie Tagoe? Please answer yes or no.,No,No.
question_comb_2914,0,0,0.0030322399,0,0.00027188798,0,0.020831473,1,1,1,Object-Related,Visual Understanding,Unknown,Is there a sled in this image?,"n, o","No, there is no sled in the image. The person in the image is wearing skis and has a backpack."
question_comb_6028,0,0,0.0045881653,0,0.0003153449,0,1.7306006e-06,1,1,1,Other,Spatial Reasoning,Unknown,What is the age gap between these two people in image?,,"Here's an analysis of the age gap between Louis Armstrong and Audrey Hepburn in the image:

*   **Louis Armstrong:** Born August 4, 1901, died July 6, 1971.
*   **Audrey Hepburn:** Born May 4, 1929, died January 20, 1993.

Based on their birthdates, the age gap between Louis Armstrong and Audrey Hepburn is approximately **23 years**."
question_comb_8126,0,0,0.15602243,0,0.42350596,0,0.06848696,1,1,1,Attribute-Related,Attribute Recognition,Unknown,Is the beach uneven in this image?,"y, e, s","Yes, the beach in the image appears to be uneven. You can see a variety of textures and sizes of pebbles and shells scattered across the sand, indicating an irregular surface."
question_comb_9190,0,0,1.57465e-06,0,0.00017516856,0,2.1513322e-05,1,1,1,Object-Related,Attribute Recognition,Unknown,How many umbrellas in the picture?,Zero umbrellas; Zero umbrellas can be pictured; You can't see any umbrellas in the image,"Based on the image, it appears the woman is wearing a coat with a cape-like design that resembles an umbrella. 

Therefore, there is **one** umbrella-like element in the picture."
question_comb_4143,0,0,0.00037323052,0,1.0100781e-05,0,1.4721913e-05,1,1,1,Attribute-Related,Attribute Recognition,Unknown,Is there one bench in this image?,"y, e, s","Yes, there is one bench in the image. It's a wooden bench positioned in front of a large, green hedge."
question_comb_6307,0,0,2.0345476e-08,0,1.0237512e-08,0,0.00026746394,1,1,1,Attribute-Related,Attribute Recognition,Unknown,Is the grass blue in this image?,"n, o","No, the grass in the image is not blue. It appears to be a vibrant green color. The blue you might be perceiving is likely from the sky and the distant mountains, which are reflecting the blue light."
question_comb_4869,0,0,0.00039203864,0,7.958998e-06,0,4.170402e-05,1,1,1,Object-Related,Visual Understanding,Unknown,Is there a frisbee in the image?,yes,"Yes, there is a frisbee in the image. It's being caught by the person jumping in the air on the left side of the photo."
question_comb_5898,0,0,0.00012568376,0,0.002692832,0,1.819543e-05,1,1,1,Object-Related,Attribute Recognition,Unknown,How many gummy hearts are in this image?,We see eight gummy hearts in the image; There are eight gummy hearts in the image; Eight,"Based on the image, I can see **4 gummy hearts**. 

Here's how I counted them:

*   One is on the front, partially obscured by the gummy bears.
*   One is to the right of the gummy bears.
*   Two are in the lower left corner.



Let me know if you'd like me to count anything else in the image!"
question_comb_4701,0,0,0.18626595,0,0.00048607073,0,1.5355865e-05,1,1,1,Relationship,Spatial Reasoning,Unknown,Is there direct contact between the man and woman?,"n, o","No, there is no direct contact between the man (the referee) and the woman (the player) in the image. They are standing a distance apart on the field."
question_comb_1047,0,0,0.00020987929,0,2.648141e-07,0,2.2747913e-06,1,1,1,Other,Text & OCR,Unknown,What color is the child's left earring?,The child's left ear is not visible so the color of the left earring cannot be determined,"Based on the image, the child does not appear to be wearing an earring."
question_comb_5935,1,0,0.0021556355,0,6.544086e-05,1,0.99979335,0,0,1,Object-Related,Visual Understanding,Unknown,Is there a ground in this image?,"n, o","Yes, there is a ground in the image. It's a grassy field, likely a soccer field, where the players are playing. You can clearly see the grass texture and the general flatness of the ground."
question_comb_4642,0,0,0.4463777,0,0.382517,0,0.16221428,1,1,1,Other,Math & Calculation,Unknown,"If D is the midpoint of line segment AB, then is D the incenter of triangle ABC? Please answer yes or no",no,"No.

**Explanation**

*   **Incenter:** The incenter of a triangle is the point where the angle bisectors of the triangle's angles intersect. It's the center of the triangle's incircle (the circle inscribed within the triangle).
*   **Midpoint:** The midpoint of a line segment is the point that divides the segment into two equal parts.

In the given diagram, D is the midpoint of AB. This means it divides AB into two equal segments. However, there's no information to suggest that D lies on the angle bisectors of angles A, B, or C. Therefore, D is not necessarily the incenter of triangle ABC.

**Example**

Consider a right triangle ABC with angle C = 90 degrees. If D is the midpoint of the hypotenuse AB, then D is the circumcenter of the triangle (the center of the circle that passes through all three vertices). The incenter and circum"
question_comb_9313,0,0,0.09329376,1,0.93917406,0,0.25520462,1,0,1,Attribute-Related,Attribute Recognition,Unknown,Are there four trees in this image?,"y, e, s","Yes, there are four palm trees visible in the image."
question_comb_6836,0,0,0.3807525,0,2.5357931e-05,0,7.241686e-05,1,1,1,Relationship,Spatial Reasoning,Unknown,Is there direct contact between the giraffe and grass?,"y, e, s","Yes, based on the image, there is direct contact between the giraffe's hooves and the grass. You can see the giraffe standing on a patch of green grass."
question_comb_2641,0,0,0.25161806,1,0.9831849,0,6.751269e-05,1,0,1,Attribute-Related,Attribute Recognition,Unknown,Is the tree withered in this image?,"n, o","No, the tree in the image does not appear withered. It is a large, leafy tree with a full canopy of green leaves. It looks healthy and vibrant."
question_comb_6539,0,0,0.004640064,0,4.0652644e-06,0,4.0143816e-05,1,1,1,Object-Related,Visual Understanding,Unknown,Is there a bicycle in the image?,no,"No, there is no bicycle in the image. The image shows a plate of food consisting of scrambled eggs with asparagus, a small salad, and slices of bread. There's also a glass of water and a fork in the background."
question_comb_343,0,0,0.00033808095,0,0.0007538871,0,7.378304e-06,1,1,1,Object-Related,Attribute Recognition,Unknown,How many numbers are on the license plate?,"There are 5 numbers on the license plate; There are 2 3's, 2 9's and 1 1 on the license plate for 5 numbers; The numbers on the steering wheel are 3,3,9,9, and 1 for a total of 5 numbers","Based on the image, the license plate has **four** numbers: 33931."
question_comb_3433,0,0,4.2595167e-07,0,0.00013602934,0,5.114857e-05,1,1,1,Other,Knowledge & Identity,Unknown,Is this picture captured in a place of aqueduct? Please answer yes or no.,No,"No.

The image shows a group of people seated in what appears to be an event venue, likely a theater or auditorium. There's no indication of an aqueduct in the background or setting."
question_comb_1433,0,0,5.7612015e-06,0,0.0005543486,0,0.00039619036,1,1,1,Other,Knowledge & Identity,Unknown,Is the actor inside the red bounding box called Nancy Vee? Please answer yes or no.,No,"No.

The person in the red box is likely portraying a Taoist priest or sage. Nancy Vee is not associated with this image."
question_comb_5752,0,0,0.18455316,0,0.3374572,0,0.0002358143,1,1,1,Object-Related,Visual Understanding,Unknown,Is there a knife in this image?,"n, o","No, there is no knife visible in the image."
question_comb_9930,0,0,0.0012904457,0,0.006190552,0,3.753264e-08,1,1,1,Object-Related,Attribute Recognition,Unknown,How many spiders can be seen in this image?,There are no spiders in this image; No spiders can be seen in this image; There are no spiders in this picture,"Based on the image, I can see **two** spiders. 

Here's where they are:

*   **One** is visible on the left side of the stone carving, near the top.
*   **One** is visible on the right side of the stone carving, near the bottom.



Let me know if you'd like me to take another look!"
question_comb_8828,0,0,0.0010098009,0,0.0031319077,0,7.200682e-06,1,1,1,Other,Text & OCR,Unknown,How many fins does the shark have?,"The whole shark is not visible so we cannot see fins; The fins are not visible; Without seeing the whole shark, we cannot determine the number of fins it has","Based on the image, it's difficult to see all of the shark's fins clearly. However, we can see the **dorsal fin** (the one on the top of its back) and likely the **pectoral fins** (the ones on its sides). 

Sharks typically have:

*   **Two dorsal fins**
*   **Two pectoral fins**
*   **Two pelvic fins**
*   **One caudal fin** (tail fin)
*   **Two anal fins** (in some species)

So, a shark usually has a total of **5-7 fins**. While we can't see all of them in this photo, we can confirm the presence of at least two."
question_comb_5468,0,0,0.010943214,0,1.3914971e-05,0,3.586051e-05,1,1,1,Object-Related,Visual Understanding,Unknown,Is there a frisbee in the image?,yes,"Yes, there is a frisbee in the image. It's being caught by a dog in mid-air."
question_comb_5707,0,0,0.0001526926,0,0.00010230093,0,4.774911e-06,1,1,1,Object-Related,Attribute Recognition,Unknown,How many snowballs are piled outside the camper?,There are no snowballs piled outside the camper; There is not a visible snowball pile outside of the camper; The image has no visible snowball piles,"Based on the image, it appears there are **five** snowballs piled outside the camper. They are clustered near the small table with the drinks."
question_comb_350,0,0,1.6964928e-05,0,7.157399e-05,0,4.4196986e-05,1,1,1,Object-Related,Attribute Recognition,Unknown,How many people with red jackets you see?,There are two people with red jackets.; Two people are wearing red jackets.; Two red jackets appear throughout the image.,"Based on the image, I can see **two** people wearing red jackets."
question_comb_1806,0,0,0.0010426914,1,0.69641286,0,0.0005337905,1,0,1,Other,Math & Calculation,Unknown,一副三角板如图所示摆放，若∠1＝80°，则∠2的度数是（）,,"Let the given angles be $\angle 1 = 80^\circ$, $\angle A = 30^\circ$, and $\angle B = 45^\circ$.
We are given a figure with two right triangles. Let the vertices of the triangles be $A$, $B$, and $C$ for the triangle with $\angle A = 30^\circ$, and $D$, $E$, and $F$ for the triangle with $\angle B = 45^\circ$.
In the triangle with $\angle A = 30^\circ$, let the other angles be $\angle A = 30^\circ$, $\angle C = 90^\circ$, and $\angle B = 180^\circ - 30^\circ - 90^\circ = 60^\circ$.
In the triangle with $\angle B = 45^\circ$, let the other angles be $\angle B = 4"
question_comb_4761,0,0,6.2537074e-05,0,0.29856265,0,5.7099925e-07,1,1,1,Other,Attribute Recognition,Unknown,Is the number of metallic fighters right of the small purple shiny aeroplane greater than the number of large yellow articulated buss?,,"Let's analyze the image to answer your question.

*   **Metallic fighters:** There are two metallic fighters (purple and silver) to the right of the small purple shiny aeroplane.
*   **Large yellow articulated buss:** There is one large yellow articulated buss in the image.

Therefore, the number of metallic fighters (2) is greater than the number of large yellow articulated busses (1).

**So, the answer is yes.**"
question_comb_5318,0,0,0.019526783,0,0.019668175,0,0.039835576,1,1,1,Other,Math & Calculation,Unknown,Are all the items in this figure fried chicken?,no,"No, not all the items in the figure are fried chicken. 

Here's a breakdown:

*   **Top Image:** This is a basket full of fried chicken.
*   **Bottom Image:** This is a cat.

So, while the top image shows fried chicken, the bottom image is a feline friend!"
question_comb_2243,0,0,0.00023696195,0,0.30484352,0,0.00071341346,1,1,1,Other,Visual Understanding,Unknown,Is the middle of the picture bright?,"Yes, the middle of the picture is bright; Yes, it is bright; The middle of the picture is bright","Yes, the middle of the picture is very bright. It appears to be a stage with a spotlight shining on it, creating a strong contrast with the darker surrounding areas of the auditorium."
question_comb_2023,0,0,6.436427e-05,0,5.0599015e-06,0,2.9982679e-05,1,1,1,Other,Visual Understanding,Unknown,Does its shadow fall onto the distant moon?,No; its shadow doesn't fall onto the distant moon; the shadow doesn't fall on the moon,"Let's analyze whether the shadow of the hazelnut in the image would fall on the distant moon.

**Here's the breakdown:**

*   **Size and Distance:** The hazelnut is relatively small compared to the planet and the vastness of space. The moon is also quite far away from the planet.
*   **Shadow Formation:** For a shadow to be cast, an object needs to block light. The hazelnut is blocking light from the stars behind it.
*   **Shadow Size and Distance:** The size of the shadow cast by an object diminishes with distance. Because the moon is so far away, the shadow cast by the hazelnut would be incredibly faint and diffuse. It would be practically impossible to see.

**Conclusion:**

No, the shadow of the hazelnut would not be visible on the distant moon. It would be far too faint to be discernible against the background of the planet and stars.

**Note:** The image is a surreal and"
question_comb_3920,0,0,7.573399e-05,0,0.011126482,0,3.91147e-06,1,1,1,Object-Related,Attribute Recognition,Unknown,How many toes does the lizard have visible?,There are 9 toes visible on the lizard.,"Let's count the toes visible on the lizard in the image!

Based on what we can see, the lizard has **5 toes** visible on each of its front feet. That makes a total of **10 toes** visible in the image."
question_comb_8782,0,0,0.00014404269,0,0.00013151046,0,9.113359e-05,1,1,1,Other,Math & Calculation,Unknown,Is the function invertible?,,"Yes, the function g(x) = 0.5^x is invertible.

Here's why:

*   **One-to-one property:** The graph of the function shows that for every x-value, there is only one corresponding y-value. This means the function is one-to-one.
*   **Exponential functions are invertible:** Exponential functions of the form f(x) = a^x (where a > 0 and a ≠ 1) are always one-to-one and therefore invertible.

Since the function is one-to-one, it has an inverse function. The inverse function would be g⁻¹(x) = log₀.₅(x)."
question_comb_2949,0,0,0.005904894,0,0.00011868788,0,1.7359795e-06,1,1,1,Object-Related,Attribute Recognition,Unknown,What color is the plate shown in the image?,The color of the plate is white.,The plate in the image is white.
question_comb_7591,0,1,0.8152535,1,0.98602587,0,0.006514912,0,0,1,Attribute-Related,Attribute Recognition,Unknown,Is the mouse white in this image?,"y, e, s","Yes, the mouse in the image is white."
question_comb_390,0,0,0.00086976466,0,0.00020595732,0,7.086462e-05,1,1,1,Attribute-Related,Attribute Recognition,Unknown,Are there two benches in this image?,"n, o","No, there is only one bench in the image. It has a backrest and a seat."
question_comb_6027,0,0,0.13190621,0,2.4675414e-06,0,0.004631727,1,1,1,Other,Knowledge & Identity,Unknown,Is the actor inside the red bounding box named Shirley MacLaine? Please answer yes or no.,Yes,Yes.
question_comb_9919,0,0,0.002442017,0,6.807948e-05,0,0.00038629997,1,1,1,Other,Knowledge & Identity,Unknown,Is this photo taken in a place of restaurant? Please answer yes or no.,Yes,"Yes.



The photo shows a building with awnings and outdoor seating, clearly indicating it's a restaurant or cafe. The sign ""Albion"" is also visible."
question_comb_9297,0,0,4.3484884e-05,0,3.8629814e-06,0,3.8473854e-06,1,1,1,Object-Related,Attribute Recognition,Unknown,How many tree trunks are visible?,Five; There are five visible tree trunks; I can see five tree trunks in the background,"Based on the image, I can see **11** tree trunks visible."
question_comb_6435,0,0,0.0014632548,0,0.00023865773,0,1.0597451e-05,1,1,1,Other,Attribute Recognition,Unknown,Does the person swim in this image?,"n, o","No, the image shows a person riding a vintage motorcycle on a racetrack. There's no indication of swimming activity in the picture."
question_comb_6275,0,0,0.13273928,0,0.0008279896,0,0.0001562086,1,1,1,Relationship,Spatial Reasoning,Unknown,Is there direct contact between the paper and tap?,"n, o","Based on the image, **no, there is no direct contact between the paper and the tap.**

The paper roll is mounted on a small blue holder attached to the wall. The tap is also mounted on the wall, but it's positioned a bit further away from the paper holder. There's a clear gap between the two."
question_comb_8534,0,0,0.0031322888,0,0.00014902708,0,1.05225546e-07,1,1,1,Relationship,Spatial Reasoning,Unknown,Is there direct contact between the person and tree?,"n, o","No, there is no direct contact between the person and the tree in the image. The person is standing a distance away from the tree, and there's a bus and other objects between them."
question_comb_6953,0,0,0.0014786475,0,1.6795408e-07,0,0.00066335645,1,1,1,Object-Related,Visual Understanding,Unknown,Is there a bowl in the image?,no,"No, there is no bowl in the image. There is a ball being hit by a person playing a sport, likely pelota vasca (a Basque sport)."
question_comb_3296,0,0,0.00963712,0,0.0004089992,1,0.83530194,1,1,0,Attribute-Related,Attribute Recognition,Unknown,Is the forest withering in this image?,"n, o","Based on the image, it doesn't appear that the forest is withering. Here's what I observe:

*   **Healthy-looking trees:** The trees in the foreground and mid-ground appear to be green and full, suggesting they are healthy.
*   **Mountainous landscape:** The overall scene depicts a natural, mountainous environment, which is generally not associated with widespread forest withering.
*   **No visible signs of distress:** There are no obvious signs of disease, drought, or other factors that would indicate withering in the visible parts of the forest.

It's possible that there are areas of the forest further away that might be experiencing issues, but from what's visible in the image, the forest appears to be in good condition."
question_comb_6611,0,0,0.0016243237,0,5.990283e-05,0,3.341374e-05,1,1,1,Object-Related,Visual Understanding,Unknown,Is there a sports ball in the image?,yes,"Yes, there is a sports ball in the image. It appears to be a soccer ball."
question_comb_7024,0,0,0.0023476768,0,7.102689e-06,0,0.00027108018,1,1,1,Other,Attribute Recognition,Unknown,Does the giraffe stand in this image?,"y, e, s","Yes, the giraffe in the image is standing. You can clearly see its legs and posture indicating it's standing upright."
question_comb_314,0,0,9.910679e-06,0,0.0003507546,0,3.6124256e-05,1,1,1,Other,Visual Understanding,Unknown,is the girl casting a protective circle around the fox?,No; the girl is not casting a protective circle around the fox; the girl isn't doing that,"Based on the image, it doesn't appear the girl is casting a protective circle around the fox. Here's what I observe:

*   **Her posture:** She's standing with her back to the viewer, looking up at the massive fox. Her hands are not raised in a gesture that suggests casting a spell or creating a circle.
*   **Lack of visual cues:** There are no visible lines, symbols, or energy emanating from her that would indicate a protective circle.
*   **The scene's context:** The scene seems to depict a confrontation or a moment of awe/fear. The fox is immense and powerful, and the surrounding environment is fiery, suggesting a chaotic situation. It's more likely she's facing the fox rather than trying to protect it.

It's possible there's a narrative element not visible in the image, but visually, it doesn't look like she's casting a protective circle."
question_comb_7199,0,0,0.18732423,0,0.028711412,0,1.7328668e-07,1,1,1,Other,Text & OCR,Unknown,How many light fixtures are on the ceiling?,The light fixtures can't be seen in the image; No light fixtures can be seen in the image; The light fixtures are not visible in the image,"Based on the image, it's difficult to determine the exact number of light fixtures on the ceiling. The image is taken from a low angle, and the ceiling is not clearly visible. However, there is a bright area at the top of the image that could indicate the presence of multiple light fixtures.

Without a clearer view of the ceiling, it's impossible to give a definitive answer."
question_comb_4523,0,0,0.0064602634,0,7.994471e-05,0,4.6850037e-06,1,1,1,Object-Related,Visual Understanding,Unknown,Whose portrait is hanging on the wall?,No portrait is hanging on the wall; No portrait is visible on the wall; There is no portrait hanging on the wall,"Based on the image, there is **no portrait** hanging on the wall. 

The wall has a decorative pattern of intersecting lines, creating a geometric design. It appears to be a textured wallpaper or a similar wall covering."
question_comb_1559,0,0,0.07155639,0,0.0004053069,0,4.835745e-07,1,1,1,Other,Text & OCR,Unknown,When was this account sheet prepared?,The date is not mentioned in the image; Don't know when this sheet was prepared; Cannot tell.,"Based on the source listed at the bottom of the image, this account sheet was prepared by the CTJ (Citizens for Tax Justice) through an analysis of companies' 10-Ks. 

**It's important to note that the image doesn't specify a precise date.** However, 10-K reports are annual reports that publicly traded companies file with the U.S. Securities and Exchange Commission (SEC). Given the context of ""repatriation"" (likely referring to the 2017 Tax Cuts and Jobs Act), it's highly probable that this analysis was done **around 2018 or early 2019**, as companies would have been reporting on the impact of the new tax law in their 2018 10-Ks."
question_comb_1895,0,0,5.1936513e-05,0,0.24821243,0,7.89332e-08,1,1,1,Other,Attribute Recognition,Unknown,How many people like the least preferred object in the whole chart?,,"Here's how to determine the number of people who like the least preferred object in the chart:

1.  **Identify the categories:** The categories are tense, crack, sermon, and jump.
2.  **Examine each bar:** For each object (trace, odor, brood, peril), look at the smallest segment of the bar. This represents the least preferred category for that object.
3.  **Read the values:**
    *   Trace: The smallest segment is ""tense,"" and it extends to approximately 5 people.
    *   Odor: The smallest segment is ""jump,"" and it extends to approximately 5 people.
    *   Brood: The smallest segment is ""crack,"" and it extends to approximately 5 people.
    *   Peril: The smallest segment is ""tense,"" and it extends to approximately 5 people.

Therefore, the least preferred object in the whole chart is liked by approximately **5**"
question_comb_5111,1,0,0.0018830344,0,0.006349355,1,0.998552,0,0,1,Object-Related,Visual Understanding,Unknown,Is there a beach in this image?,"n, o","Yes, there is definitely a beach in the image! You can see the sand and water, and a dog standing in the shallow water near the shoreline."
question_comb_8575,0,0,0.011604804,0,0.002158609,0,0.0036934353,1,1,1,Attribute-Related,Attribute Recognition,Unknown,Is the telephone round in this image?,"n, o","No, the telephone in the image is not round. It's a standard rectangular shape, typical of older desk phones. The round object is a mousepad with the Accenture logo on it."
question_comb_2026,0,1,0.60633177,1,0.9884094,0,1.8678447e-05,0,0,1,Object-Related,Visual Understanding,Unknown,Is there a mouse in the image?,yes,"Yes, there is a mouse in the image. It's a white mouse located on the right side of the keyboard."
question_comb_8243,1,0,6.664308e-05,0,0.0001833928,1,0.9998492,0,0,1,Object-Related,Visual Understanding,Unknown,Is there a light in this image?,"n, o","Yes, there is a light in the image. The screens of the laptop, tablet, and phones are all emitting light. Additionally, the overall lighting of the room suggests there's a light source illuminating the scene, though it's not directly visible in the image."
question_comb_4045,0,0,0.00025576027,0,4.761042e-06,0,0.00022250714,1,1,1,Attribute-Related,Attribute Recognition,Unknown,Is the wall uneven in this image?,"y, e, s","Yes, the wall in the image appears to be uneven. You can see several signs of this:

*   **Texture:** The wall has a rough, textured surface with areas where the paint or plaster is peeling and crumbling.
*   **Cracks and Imperfections:** There are visible cracks and other imperfections in the wall's surface.
*   **Uneven Color:** The color of the wall isn't uniform, suggesting variations in the underlying surface.
*   **Shadows:** The shadows cast on the wall highlight the unevenness and contours.



Overall, the wall doesn't have a smooth, flat appearance, indicating that it is indeed uneven."
question_comb_5979,0,0,0.16638586,0,0.46049443,0,0.23921135,1,1,1,Attribute-Related,Attribute Recognition,Unknown,Is the wall yellow in this image?,"y, e, s","Yes, the wall in the image appears to be yellow. It has a warm, slightly muted yellow tone."
question_comb_6903,0,0,4.9183378e-05,0,0.00083426904,0,1.4439855e-05,1,1,1,Object-Related,Attribute Recognition,Unknown,How many trees on van?,One; One tree; One tree in the image,"Based on the image, it appears there is **one main tree** growing on top of the van. 

However, there are also several smaller plants and shrubs surrounding the base of the tree and along the roof of the van, which could be considered smaller trees or bushes. 

So, depending on how you define ""tree,"" you could say there's one main tree and several smaller plants."
question_comb_7170,0,0,0.2582959,0,0.0020692043,0,4.832527e-05,1,1,1,Object-Related,Visual Understanding,Unknown,Is there a knife in the image?,no,"No, there is no knife visible in the image."
question_comb_7699,0,0,0.00079956953,0,1.5784699e-05,0,2.8327124e-05,1,1,1,Relationship,Spatial Reasoning,Unknown,Is there direct contact between the flower and vase?,"y, e, s","Yes, there is direct contact between the flowers and the vase in the image. You can see the stems of the flowers inserted into the opening of the vase."
question_comb_6954,0,0,6.6179878e-06,0,9.124295e-06,0,1.4293504e-05,1,1,1,Other,Visual Understanding,Unknown,Does each lit cube represent a functioning unit of the building?,No; each lit cube does not represent a functioning unit of the building; each lit cube does not.,"Based on the image, it's highly likely that each lit cube represents a functioning unit within the building. Here's why:

*   **Visual Structure:** The cubes are arranged in a grid-like pattern that closely follows the structure of the building. This suggests a one-to-one correspondence.
*   **Illumination:** The glowing nature of the cubes implies activity or functionality. It's a visual cue that something is ""on"" or operating within that space.
*   **Artistic Concept:** The image seems to be exploring the idea of a building as a collection of interconnected, independent units. The cubes could symbolize apartments, offices, or other self-contained spaces.

**Therefore, the most reasonable interpretation is that each lit cube represents a functioning unit of the building.**



If you'd like, give me another image to analyze!"
question_comb_608,0,0,0.00022731998,0,7.538978e-05,0,1.2724369e-06,1,1,1,Other,Visual Understanding,Unknown,"Was the work painted in the 20th century, not in 1866?",No; the work was not painted in the 20th century; it was not painted in the 20th century.,"You're right to question the dating! The painting you've shown is **""Christ and the Fishermen"" by Arnold Böcklin**, and it was indeed painted in **1866**. 

However, it's understandable why you might think it's from the 20th century. Böcklin's style is quite unique and often described as Symbolist or Romantic, and it has a dreamlike, almost surreal quality that can feel modern. 

Here's why it's definitively from 1866:

*   **Böcklin's Career:** Böcklin was a prominent artist in the mid-19th century. ""Christ and the Fishermen"" is one of his most famous works.
*   **Art Historical Context:** The painting aligns with the artistic trends of the mid-19th century, particularly the Romantic movement's focus on emotion, the sublime, and the mystical."
question_comb_1497,0,0,1.3641389e-06,0,0.00022667825,0,1.2346072e-05,1,1,1,Object-Related,Attribute Recognition,Unknown,How many green vehicles can you see?,There is one green vehicle; Only one vehicle is green; There is one vehicle which is green in color,"Based on the image, I can see **two** green vehicles. They are located in the bottom row, on the left and in the middle."
question_comb_6750,0,0,0.0036361974,0,8.6095264e-05,0,0.0013662201,1,1,1,Attribute-Related,Attribute Recognition,Unknown,Is the sky sunny in this image?,"y, e, s","Yes, the sky in the image is sunny. You can see a bright blue sky with fluffy white clouds."
question_comb_6883,0,0,0.0010594452,0,8.761505e-05,0,0.0048108003,1,1,1,Other,Text & OCR,Unknown,Is this movie originated from the country or region of usa? Please answer yes or no.,Yes,"Yes.



The movie ""Miller's Crossing"" is set in the 1930s Midwest, specifically in a fictionalized version of St. Paul, Minnesota, USA."
question_comb_1418,0,0,0.00056568073,0,3.3942695e-05,0,1.668619e-06,1,1,1,Object-Related,Attribute Recognition,Unknown,How many fish are in the water?,No fish are visible ; I don't see any fish in the image ; No fish,"Based on the image, it's difficult to say exactly how many fish are in the water. There are a few small, silhouetted shapes visible near the surface, but they are too indistinct to count accurately. 

**Therefore, it's impossible to determine the number of fish in the water from this image.**"
question_comb_1475,0,1,0.59016377,0,0.34744447,0,0.00019007575,0,1,1,Object-Related,Visual Understanding,Unknown,Is there a motorcycle in the image?,yes,"Yes, there are multiple motorcycles in the image. You can see at least two clearly, and potentially more further down the aisle."
question_comb_8974,0,0,0.04977082,0,4.0737872e-05,0,0.07431444,1,1,1,Attribute-Related,Attribute Recognition,Unknown,Is the mountain tall in this image?,"n, o","No, there is no mountain in the image. There is a landmass in the distance, but it appears to be a coastline or a low-lying area rather than a tall mountain."
question_comb_3365,0,0,0.00041664953,0,0.00014833,0,0.00076999963,1,1,1,Relationship,Spatial Reasoning,Unknown,Is there direct contact between the necklace and skate?,"n, o","Based on the image, it appears there is **no direct contact** between the dog's necklace and the skateboard. The necklace is resting on the dog's fur, and the skateboard is positioned beneath the dog's paws."
question_comb_7944,0,0,0.00013637649,0,3.252028e-06,0,7.158313e-06,1,1,1,Other,Visual Understanding,Unknown,Is the sky transitioning to a beautiful sunset with an array of reds and purples rather than just blue?,"No; The sky is not transitioning to a beautiful sunset with an array of reds and purples, it's just blue; The sky does not transition to a beautiful sunset with an array of reds and purples.","You're right to notice that! The sky in the image isn't a typical blue. It's definitely transitioning into a sunset-like display. 

Here's a breakdown of what's happening in the sky:

*   **Warm Tones:** The dominant colors are warm – oranges, yellows, and golds. This is characteristic of a sunset or sunrise.
*   **Hints of Purple:** There are also subtle hints of purple and reddish-purple tones mixed in, which further reinforces the sunset/twilight feel.
*   **Cloudy/Ethereal:** The sky isn't a clear, uniform color. It has a cloudy, almost ethereal quality, with swirling patterns that add to the dramatic effect.

The overall effect is a very striking and unusual sky, far from a standard blue. It contributes significantly to the image's otherworldly and dramatic atmosphere.



Let me know if you'd like me to describe any other details in the"
question_comb_3086,0,0,0.0012491358,0,0.009332346,0,2.1436237e-05,1,1,1,Relationship,Spatial Reasoning,Unknown,Is there direct contact between the dog and forest?,"n, o","Based on the image, there is no direct contact between the dog and the forest. The forest is visible in the background, but the dog is standing on a beach, a significant distance away from the trees."
question_comb_6807,0,0,0.021233667,0,1.4727644e-05,0,0.00074922864,1,1,1,Relationship,Spatial Reasoning,Unknown,Is there direct contact between the forest and cloud?,"n, o","Based on the image, there is **no direct contact** between the forest and the clouds. 

Here's why:

*   **Distance:** The clouds are clearly visible in the sky, and there's a significant distance between the tops of the trees and the cloud formations.
*   **Visibility:** You can see the blue sky between the tree branches and the clouds, indicating a gap.

The image captures a view looking upwards through the forest canopy towards the sky, creating the impression of the trees reaching towards the clouds, but they are not touching."
question_comb_5781,0,0,0.00043075968,0,2.8461103e-05,0,4.3803443e-06,1,1,1,Other,Text & OCR,Unknown,How tall is the tree?,We can not see the top of the tree so we do not know how high it is; The top of the tree isn't visible; The top extends out of frame so we don't know its height,"It's tricky to say for sure without a reference point, but based on the image, here's an estimate:

*   **Visual Clues:** The house itself looks quite large, with multiple stories. The surrounding trees are also substantial, suggesting a mature forest.
*   **Estimation:** Considering the size of the house and the surrounding trees, I'd estimate the tree to be **at least 80-100 feet tall, and potentially even taller (120-150 feet)**. It's a very large, old tree.

**Important Note:** This is just an educated guess based on the visual information. The artist may have exaggerated the scale for aesthetic purposes."
question_comb_2637,0,0,0.00022992659,0,0.014324569,0,1.1559444e-05,1,1,1,Object-Related,Visual Understanding,Unknown,Is there a baseball glove in the image?,no,"No, there is no baseball glove in the image. The image shows a female tennis player in action, hitting a tennis ball with a tennis racket."
question_comb_3262,0,0,3.940137e-06,0,3.4377354e-05,0,0.025448916,1,1,1,Other,Knowledge & Identity,Unknown,Is this a picture of OSTEC Exhibition Hall? Please answer yes or no.,No,"No.



Based on the architecture and surrounding environment, this is not the OSTEC Exhibition Hall. It appears to be a church or religious building in a European town."
question_comb_3590,0,0,0.0028028989,0,5.7534827e-15,0,1.31952365e-05,1,1,1,Object-Related,Visual Understanding,Unknown,Is there a dog in the image?,yes,"Yes, there is a dog in the image! It's a small, curly-haired dog with its ears blowing in the wind, hanging its head out of the car window."
question_comb_9720,0,0,3.9316743e-05,0,2.7812104e-07,0,0.0005539728,1,1,1,Other,Knowledge & Identity,Unknown,Does this artwork belong to the type of religious? Please answer yes or no.,Yes,"Yes.



The artwork depicts a scene from the Bible (the carrying of the cross by Jesus Christ), making it clearly a religious artwork."
question_comb_5211,0,0,0.2684072,0,5.4631196e-06,0,0.00030126938,1,1,1,Relationship,Spatial Reasoning,Unknown,Is there direct contact between the plane and grass?,"n, o","No, there is no direct contact between the plane and the grass in the image. 

The plane is in the process of taking off, with its wheels still touching the runway (which is a paved surface, not grass). There's a strip of grass visible in the foreground, but it's separated from the runway by the paved surface."
question_comb_2852,0,0,0.0028834709,0,6.12891e-05,0,2.7212487e-05,1,1,1,Attribute-Related,Attribute Recognition,Unknown,Is the lake clear in this image?,"n, o","No, the lake in the image is not clear. It appears murky or slightly muddy, with a brownish-green tint. You can't see through the water to the bottom."
question_comb_2887,0,0,0.0043264893,0,0.0006663869,0,0.00020680681,1,1,1,Attribute-Related,Attribute Recognition,Unknown,Is the cloud black in this image?,"n, o","No, the cloud in the image is not black. It appears to be a light gray or white cloud, typical of a sunny day. The darker tones you might be seeing are likely due to the angle of the sunlight and shadows cast on the cloud."
question_comb_8754,0,0,0.215498,0,0.0017194204,0,0.13186474,1,1,1,Relationship,Spatial Reasoning,Unknown,Is there direct contact between the camera and wall?,"n, o","Based on the image, it appears there is **no direct contact** between the camera and the wall. The person is holding the camera out in front of them, and there's a clear space between the camera and the wall behind them."
question_comb_5912,0,0,2.2225762e-05,0,0.00016585381,0,2.8444878e-05,1,1,1,Object-Related,Visual Understanding,Unknown,Is there a sky in this image?,"n, o","No, there is no sky visible in the image. The view is focused on the bench and the surrounding greenery, with the foliage obscuring any view of the sky."
question_comb_50,0,0,1.1216299e-05,0,0.014340003,0,0.0028401413,1,1,1,Relationship,Spatial Reasoning,Unknown,Is there direct contact between the child and tree?,"n, o","Based on the image, it appears there is **no direct contact** between the child and the tree. The child is standing a short distance away from the tree, and there's grass between them."
question_comb_4079,0,0,0.019979708,0,0.24665093,0,3.8799128e-05,1,1,1,Other,Text & OCR,Unknown,Exactly how long has this sanitation vehicle been driven?,Based on the image we can't tell; Just by looking at the image we can't tell how long it's been driven; Cannot tell.,"It's impossible to know exactly how long this sanitation vehicle has been driven based on a single image. Here's why and what we *can* infer:

**Why it's impossible to know:**

*   **No odometer reading:** The image doesn't show the odometer, which would be the primary indicator of total mileage.
*   **Maintenance records:** The vehicle's driving history is recorded in maintenance logs, which aren't visible.
*   **Vehicle age:** While we can estimate the age of the vehicle based on its design and features, that doesn't tell us how much it's been driven.

**What we can infer:**

*   **Likely a significant amount:** Sanitation vehicles in a city like New York City are driven *a lot*. They operate daily, often multiple shifts. It's safe to assume this vehicle has accumulated a high mileage.
*   **Possible age:** Based on the design, it looks"
question_comb_2895,0,0,0.00036111445,0,5.5711775e-05,0,0.00063387677,1,1,1,Object-Related,Visual Understanding,Unknown,Is there a sports ball in the image?,yes,"Yes, there is a sports ball in the image. It appears to be a baseball, suspended in mid-air between the pitcher and the batter."
question_comb_2120,0,0,0.0018527295,0,0.00037610528,0,0.0006547278,1,1,1,Attribute-Related,Attribute Recognition,Unknown,Are there two geese in this image?,"n, o","No, there is not two geese in the image. There is one swan. You can see its reflection in the water, which might be what's causing the confusion."
question_comb_6470,0,0,0.006380701,0,0.00021825724,0,0.3827585,1,1,1,Attribute-Related,Attribute Recognition,Unknown,Is the wall pink in this image?,"n, o","No, the wall in the image is not pink. It appears to be white or a very light beige. The lighting in the photo might be giving it a slightly warm tone, which could be mistaken for pink, but it's primarily a neutral color."
question_comb_6578,1,0,0.0020001126,0,0.0011813804,1,0.95432353,0,0,1,Object-Related,Visual Understanding,Unknown,Is there a sun in this image?,"n, o","Yes, there is a sun in the image. The lighting suggests a bright, sunny day. You can see the sunlight reflecting off the motorcycle and the rider's helmet, and the shadows are relatively sharp."
question_comb_3836,0,0,4.823701e-05,0,1.5186029e-05,0,0.4599735,1,1,1,Other,Text & OCR,Unknown,Is this movie originated from the country or region of uk? Please answer yes or no.,No,"No.



The *Maze Runner* series, including *The Scorch Trials*, is based on a series of young adult dystopian novels by American author James Dashner."
question_comb_7801,0,0,0.006624232,0,0.00012105251,0,2.3470197e-05,1,1,1,Object-Related,Visual Understanding,Unknown,Is there a backpack in the image?,yes,"Yes, there is a backpack in the image. It's located on the floor near the right side of the bed."
question_comb_9228,0,0,0.00015127471,0,6.920776e-06,0,2.5726073e-05,1,1,1,Other,Text & OCR,Unknown,What color are the birds seen below the house in the image?,"The image does not depict any birds below the house; The birds are not visible in the image, so their colors are unknown; The birds below the house are not shown in the image, so we cannot determine their colors","Based on the image, the birds below the house appear to be **pink**."
question_comb_7921,0,0,0.013207799,0,0.00015297488,1,0.56826437,1,1,0,Object-Related,Visual Understanding,Unknown,Is there a bowl in the image?,no,"No, there is no bowl in the image. There is a plate with a pizza, a plate with a white block (possibly cheese), and a glass with a beverage."
question_comb_4415,0,0,1.2871192e-06,0,0.0006416068,0,1.38453715e-05,1,1,1,Other,Visual Understanding,Unknown,Does the unicorn in the image have a rainbow mane and tail?,"No, the unicorn does not have a rainbow mane and tail in the image; the unicorn does not; no","No, the unicorn in the image does not have a rainbow mane and tail. It has a white mane and tail with a yellow star on its forehead. 

The rainbow colors are primarily in the hair of the girl embracing the unicorn."
question_comb_3807,0,0,1.6757502e-05,0,0.00036348455,0,1.5718813e-05,1,1,1,Other,Visual Understanding,Unknown,Can vintage cars be seen driving across the city streets?,No; vintage cars are not seen driving across the city streets; they are not driving,"No, vintage cars are not visible in the image. The image depicts a stylized, artistic representation of Boston's skyline at night, focusing on the buildings, a moon, and a sailboat on the water. There are no streets or vehicles shown."
question_comb_6558,0,0,0.003174736,0,0.00030612954,0,5.380639e-06,1,1,1,Attribute-Related,Attribute Recognition,Unknown,Is there one telescope in this image?,"y, e, s","No, there are actually two telescopes in the image. You can see them side-by-side within the circular housing of the viewing device."
question_comb_3803,0,0,0.020029252,0,2.990035e-06,0,4.14732e-05,1,1,1,Other,General QA,Unknown,Describe this image.,"grass, dog, toy, frisbee","Here's a description of the image:

**Overall Impression:**

The image is a vibrant, close-up shot of a German Shepherd dog lying in a lush green lawn, surrounded by several pink frisbees. The dog appears relaxed and happy, with its mouth open and tongue lolling out.

**Detailed Description:**

*   **Subject:** The main focus is the German Shepherd. It's lying down, with its head raised and looking slightly to the right of the frame. Its fur is a classic black and tan pattern. The dog's expression is playful and content.
*   **Setting:** The dog is in a grassy yard. The grass is thick and green, suggesting a well-maintained lawn. There's a hint of sunlight filtering through trees in the background, creating a warm, natural light.
*   **Objects:** Several pink frisbees are scattered around the dog. Some are closer to the dog, while others are further away in the grass"
question_comb_4482,0,0,0.0028446335,0,0.00085460045,0,0.027244866,1,1,1,Relationship,Spatial Reasoning,Unknown,Is there direct contact between the bird and beach?,"y, e, s","Yes, based on the image, there is direct contact between the bird and the beach. The bird is standing on the sand of the beach."
question_comb_9979,0,0,0.0073464355,0,8.4298066e-05,0,0.24478355,1,1,1,Other,Knowledge & Identity,Unknown,Does this image describe a place of lake natural? Please answer yes or no.,No,"No.

The image shows a windmill, which is often associated with rural or agricultural areas, not specifically a lake natural environment."
question_comb_1339,0,0,0.26562026,0,0.0,0,6.5811466e-05,1,1,1,Object-Related,Visual Understanding,Unknown,Is there a baseball glove in the image?,yes,"Yes, there is a baseball glove in the image. It's being worn by the catcher, who is prominently featured in the foreground. It's a large, heavily padded glove designed to catch pitches."
question_comb_2130,0,0,0.016300537,0,0.002404042,0,0.022220464,1,1,1,Attribute-Related,Attribute Recognition,Unknown,Is the beach flat in this image?,"n, o","No, the beach in the image is not flat. You can see a slight incline or slope leading up to the water. This is evident from the way the sand is visible behind the beach umbrella and the angle of the shoreline."
question_comb_4961,0,0,0.00035838655,0,0.00020020771,0,1.5329615e-06,1,1,1,Object-Related,Visual Understanding,Unknown,Is there a sports ball in the image?,yes,"Yes, there is a sports ball in the image. It's a tennis ball, visible in the man's hand as he's about to hit it with his tennis racket."
question_comb_2049,0,0,0.0029668503,0,0.00017618398,0,8.1166385e-05,1,1,1,Relationship,Spatial Reasoning,Unknown,Is there direct contact between the hat and grass?,"n, o","No, there does not appear to be direct contact between the hat and the grass in the image. The player is standing on the grass, but his hat is held above it."
question_comb_3455,1,0,0.0010685067,0,0.0001532913,0,0.16662234,0,0,0,Attribute-Related,Attribute Recognition,Unknown,Is the forest fruit trees withering in this image?,"n, o","Let's analyze the image to determine if forest fruit trees are withering.

**Observations:**

*   **The image shows a house with an American flag, a fire hydrant, and a grassy area.** There are trees present, but they don't appear to be fruit trees. They seem to be more like coastal scrub or general trees.
*   **The grass is dry and brown in many areas.** This suggests a lack of water or a dry season, but it doesn't necessarily indicate that fruit trees are withering.
*   **The trees themselves appear to be alive.** They have leaves and don't show obvious signs of severe withering.

**Conclusion:**

Based on the image, there are no forest fruit trees visible, and the trees present do not appear to be withering. The dry grass suggests a dry environment, but it doesn't confirm that fruit trees are affected.



If you have another image or a more specific question, feel"
question_comb_7267,0,0,0.18210228,0,0.000989717,0,0.00041829873,1,1,1,Relationship,Spatial Reasoning,Unknown,Is there direct contact between the child and ball?,"y, e, s","Based on the image, it appears the child is reaching for the ball, but there is no visible direct contact between the child and the ball."
question_comb_2303,0,0,0.006572912,0,2.0680853e-05,0,1.32550185e-05,1,1,1,Attribute-Related,Attribute Recognition,Unknown,Are there three basketballs in this image?,"n, o","No, there is only one basketball in the image."
question_comb_5873,0,0,0.0012285156,0,0.00024997027,0,0.003779514,1,1,1,Attribute-Related,Attribute Recognition,Unknown,Is the tree withered in this image?,"y, e, s","Yes, the trees in the image appear to be withered or dry. They have very few leaves and their branches are bare, suggesting a dry season or a lack of water. The overall landscape also looks quite dry and grassy, further supporting this observation."
question_comb_9539,0,0,0.001272527,0,1.275942e-05,0,5.820156e-05,1,1,1,Other,Visual Understanding,Unknown,Can the sloth naturally hold its tail?,No; the sloth cannot naturally hold its tail; the sloth can't,"Let's analyze the image and then discuss sloths and their tails.

**Regarding the Image:**

The image depicts a stylized, cartoon-like creature that resembles a sloth, but with exaggerated features. It's clearly an artistic interpretation rather than a realistic depiction. The sloth in the image is holding its tail with its hand, which is not typical sloth behavior.

**About Real Sloths and Their Tails:**

*   **Prehensile Tails:** Most sloths (two-toed and three-toed sloths) have prehensile tails. This means their tails are adapted to grasp and hold onto branches, acting like a fifth limb.
*   **Tail Use:** Sloths use their tails for support and balance while moving through the trees. They often hang from their tails for extended periods.
*   **Tail Holding:** Sloths **do not** typically hold their tails with their hands. Their tails are designed to wrap around branches, and they use"
question_comb_434,0,0,0.008429869,0,4.920238e-05,0,0.0011471867,1,1,1,Other,Math & Calculation,Unknown,"According to the table, is the number of all medals of China 37 in winter Olympics in 2022?",yes,"Yes, according to the table, the total number of medals for China in the 2022 Winter Olympics is 37."
question_comb_6587,0,0,0.0022089542,0,2.559192e-07,0,0.005400852,1,1,1,Relationship,Spatial Reasoning,Unknown,Is there direct contact between the woman and horse?,"y, e, s","Yes, there is direct contact between the woman and the horse. The horse is nuzzling or gently touching the woman's hair with its nose."
question_comb_7748,0,0,0.00038550684,0,2.9822673e-05,0,0.0041394094,1,1,1,Object-Related,Visual Understanding,Unknown,Is there a person in the image?,yes,"Yes, there are two people in the image. They appear to be a couple cutting a cake, likely at a wedding or celebration. 

Here's a breakdown:

*   **Woman:** She is wearing a red dress and has short, reddish-brown hair.
*   **Man:** He is wearing a black suit and glasses.



Let me know if you'd like me to describe anything else in the image!"
question_comb_3144,0,0,7.573399e-05,0,0.022979314,0,1.7179198e-05,1,1,1,Object-Related,Visual Understanding,Unknown,"Does the image show a large, green iguana-like creature with a boy standing next to it?","Yes; the image shows a large, green iguana-like creature with a boy standing next to it; the image indeed shows this","Yes, that's a very accurate description! The image clearly shows a large, green iguana-like creature (it appears to be a Komodo dragon, though stylized) and a young boy standing next to it. The boy is wearing a hat and explorer-style clothing, suggesting a possible adventure theme."
question_comb_7875,0,0,0.012622102,0,0.00012271963,0,4.2241444e-07,1,1,1,Other,Knowledge & Identity,Unknown,Is the person inside the red bounding box named Nick Discenza? Please answer yes or no.,No,"No.

The person in the image is actress Margot Kidder, from the movie *Carrie*. Nick Discenza is not associated with this image."
question_comb_7906,1,0,0.46446964,1,0.9946366,1,0.596437,0,1,1,Other,Math & Calculation,Unknown,"If BE ⊥ AC, CD ⊥ AB, AF ⊥ BC, then is M the circumcenter of triangle ABC? Please answer yes or no.",no,"Yes.

**Explanation**

The point M is the intersection of the altitudes of triangle ABC.  The circumcenter of a triangle is the intersection of the perpendicular bisectors of the sides.  However, in this case, the point M is the orthocenter of the triangle.

The orthocenter is the point where the altitudes of a triangle intersect.  The altitudes are the lines from each vertex perpendicular to the opposite side.  In the given figure, BE, CD, and AF are altitudes of triangle ABC.  Therefore, M is the orthocenter of triangle ABC.

The circumcenter is the center of the circle that passes through all three vertices of the triangle.  The orthocenter and circumcenter are the same point only in the case of an equilateral triangle.

However, the problem states that BE ⊥ AC, CD ⊥ AB, and AF ⊥ BC. This means that M is the orthocenter of triangle ABC.

If triangle"
question_comb_2443,0,0,1.6509193e-07,0,0.0010642938,0,2.2520604e-05,1,1,1,Object-Related,Attribute Recognition,Unknown,How many trees are in the front yard of the house?,There are no trees ; There are no trees in the front yard of the house ; No trees in this image,"Based on the image, there are **no trees** in the front yard of the house. The area around the house appears to be covered in dirt and rocks, with no vegetation visible."
question_comb_5942,0,0,0.006954562,0,3.6206926e-05,0,0.00059678085,1,1,1,Attribute-Related,Attribute Recognition,Unknown,Is the grass withering in this image?,"n, o","No, the grass in the image does not appear to be withering. It looks green and healthy. The field is a vibrant green, suggesting it's well-watered and thriving."
question_comb_3155,0,0,3.9579703e-07,0,7.628809e-06,0,5.2172536e-06,1,1,1,Other,Visual Understanding,Unknown,"Does a thriving farming community live under the island, defying gravity?","No; There isn't a farming community living under the island; the farming community does not live under the island, defying gravity","Based on the image, it's highly unlikely that a thriving farming community lives under the island, defying gravity. Here's why:

*   **Environment:** The area below the island appears to be a misty, mountainous region with a body of water. It doesn't look like a suitable environment for agriculture. It's shrouded in mist and seems rugged and rocky.
*   **Scale and Accessibility:** The island is massive, and the space below it is vast. Building a farming community in such a location would be incredibly challenging due to the scale and lack of easy access.
*   **Gravity:** The image doesn't suggest any manipulation of gravity. The landscape below is consistent with normal gravitational forces.
*   **Visual Cues:** There are no visual cues (buildings, fields, signs of cultivation) to indicate a farming community. The focus is on the natural beauty of the floating island and the landscape below.

**Possible Interpretations:**

*"
question_comb_9128,0,0,0.0985141,0,3.975545e-06,0,0.00017673706,1,1,1,Other,Knowledge & Identity,Unknown,Is the person inside the red bounding box named Frank Hoyt Taylor? Please answer yes or no.,No,"No.

The person in the red bounding box is actress Natalie Portman. The person in the background is likely a crew member, but not Frank Hoyt Taylor."
question_comb_8801,0,0,0.0065448713,0,1.9482899e-05,0,0.09379331,1,1,1,Attribute-Related,Attribute Recognition,Unknown,Is the beach uneven in this image?,"y, e, s","Yes, the beach appears to be uneven in the image. You can see a noticeable slope in the sand leading down to the water. The umbrella base is also slightly elevated, further indicating the unevenness of the ground."
question_comb_5330,0,0,0.0011817979,0,4.435741e-06,0,0.025658352,1,1,1,Relationship,Spatial Reasoning,Unknown,Is there direct contact between the goose and lake?,"y, e, s","Yes, based on the image, there is direct contact between the goose and the lake. The goose is swimming on the surface of the water, indicating it's in contact with the lake."
question_comb_4668,0,0,0.0032178957,0,0.005083868,0,1.939212e-06,1,1,1,Attribute-Related,Attribute Recognition,Unknown,Is the grass green in this image?,"y, e, s","Yes, the grass in the image is green. It appears to be a vibrant, healthy green."
question_comb_7988,0,1,0.703054,1,0.95026255,0,0.002990586,0,0,1,Object-Related,Visual Understanding,Unknown,Is there a chair in the image?,no,"No, there is no chair visible in the image. The image shows a coffee cup, a piece of salmon, and a pastry on plates, all sitting on a dark surface. There's also a wooden panel in the background, but no chairs."
question_comb_219,0,0,5.035448e-07,1,0.511378,0,3.0990297e-05,1,0,1,Other,Math & Calculation,Unknown,如图，直线AB与直线CD相交于点O，OE⊥AB，垂足为O，∠EOD＝25°，则∠AOC的度数（）,,"Here's how to solve the problem:

*   **Vertical Angles:** ∠EOD and ∠COB are vertical angles, so they are equal. Therefore, ∠COB = 25°.
*   **Supplementary Angles:** ∠AOC and ∠COB are supplementary angles, meaning they add up to 180°.
*   **Solve for ∠AOC:** ∠AOC + ∠COB = 180°  =>  ∠AOC + 25° = 180°  =>  ∠AOC = 180° - 25° = 155°

**Answer:** The degree measure of ∠AOC is 155°."
question_comb_5969,0,0,0.019818122,0,7.044393e-07,0,0.0027248596,1,1,1,Other,Text & OCR,Unknown,"According to the text given in the image, does this poster depict the movie Oppenheimer?",no,"No, the text in the image clearly states ""Barbenheimer."" This is a portmanteau of ""Barbie"" and ""Oppenheimer,"" referring to the simultaneous release of the two films. 

The poster is a mashup of imagery from both movies, but it does not depict the movie *Oppenheimer* on its own."
question_comb_6111,0,0,0.0020474624,0,9.027126e-05,0,6.60461e-05,1,1,1,Relationship,Spatial Reasoning,Unknown,Is there direct contact between the man and grass?,"y, e, s","Yes, based on the image, there is direct contact between the man in the white shirt and the grass. He is standing on the grassy hill."
question_comb_7565,0,0,0.16359448,0,0.26164395,0,0.0003036081,1,1,1,Object-Related,Visual Understanding,Unknown,Is there a person in this image?,"n, o","No, there does not appear to be a person in the image. The image shows a road with sheep on either side, and a mountainous landscape in the background."
question_comb_3223,0,0,1.9426107e-06,0,1.992278e-07,0,2.7983333e-06,1,1,1,Object-Related,Attribute Recognition,Unknown,How many blue dots are against the black background?,There re two blue dots against the black background,"Based on the image, I can see **three** blue dots against the black background."
question_comb_5424,0,0,2.521426e-05,0,1.166201e-05,0,5.878053e-06,1,1,1,Other,General QA,Unknown,"Ater week 3, in which week is the cumulative increase in weight the lowest, for Group B?",,"Here's the analysis of the graph to determine when Group B's cumulative weight increase is lowest after week 3:

*   **Week 3:** Group B's cumulative increase is around 300 grams.
*   **Week 4:** Group B's cumulative increase drops to around 180 grams.
*   **Week 5:** Group B's cumulative increase rises to around 250 grams.
*   **Week 6:** Group B's cumulative increase rises to around 330 grams.

Therefore, the lowest cumulative increase in weight for Group B after week 3 is at **week 4**."
question_comb_2878,0,0,0.0012927412,0,0.003305896,0,1.0426302e-05,1,1,1,Attribute-Related,Attribute Recognition,Unknown,Is the grass withered in this image?,"n, o","No, the grass in the image does not appear withered. It looks lush and green, although it's blurred in the background."
question_comb_1148,0,0,0.2582959,0,0.0020692043,0,4.7082276e-06,1,1,1,Object-Related,Visual Understanding,Unknown,Is there a person in the image?,yes,"Yes, there is a person in the image. It appears to be a man holding a small, round food item (possibly a donut or fritter) in his hands. He is smiling and looking directly at the camera."
question_comb_5528,0,0,3.4134973e-07,0,6.5079466e-06,0,0.003820409,1,1,1,Object-Related,Visual Understanding,Unknown,Is the girl wearing everything in black on the street?,Yes; The girl is wearing everything in black; Absolutely.,"Yes, based on the image, the girl is predominantly wearing black clothing and accessories. Here's a breakdown:

*   **Clothing:** She's wearing a dark, layered outfit that appears to be a mix of a coat, vest, and possibly other garments, all in shades of black or very dark gray.
*   **Accessories:** Her mask, hood, armbands, belt, and other details are also black.
*   **Katana:** The katana she carries is a traditional Japanese sword, often associated with black or dark-colored scabbards and handles.

The background is blurred, but it seems like she's on a street with other people, and they are wearing a variety of colors, but she stands out due to her all-black attire.



Let me know if you'd like me to describe anything else about the image!"
question_comb_5429,0,0,0.00025060168,0,0.00034306754,0,1.2460516e-06,1,1,1,Other,Math & Calculation,Unknown,Find $PS$.,,"Let $P$, $Q$, and $S$ be the vertices of a triangle.
Let $R$ be the midpoint of $SQ$.
We are given that $PQ = 9$, $SR = 7$, and $RQ = 7$.
Since $R$ is the midpoint of $SQ$, we have $SR = RQ = 7$.
Thus, $SQ = SR + RQ = 7 + 7 = 14$.
We are also given that $PR$ is perpendicular to $SQ$, so $\angle PRQ = 90^\circ$.
We are given that $PQ = 9$.
In the right triangle $PRQ$, we have $PR^2 + RQ^2 = PQ^2$ by the Pythagorean theorem.
We have $PR^2 + 7^2 = 9^2$, so $PR^2 + 49 = 81$.
Then $PR^"
question_comb_419,1,0,0.06448942,0,5.1251933e-05,1,0.7712295,0,0,1,Object-Related,Visual Understanding,Unknown,Is there a knife in the image?,no,"Yes, there is a knife in the image. It's being held by the man in the apron, who appears to be shucking oysters. You can see it in his right hand."
question_comb_2052,1,0,0.41359466,1,0.9879887,1,0.5338881,0,1,1,Other,Temporal & Video,Unknown,"According to the positive sequence of the images, are they skating to left? Answer in one sentence.",yes,"No, according to the sequence of images, the person is falling to the right."
question_comb_9040,0,0,0.4600922,1,0.5354687,0,1.00498555e-05,1,0,1,Attribute-Related,Attribute Recognition,Unknown,Is the grass green in this image?,"y, e, s","Yes, the grass in the image is green. It appears to be a vibrant, healthy green color."
question_comb_7698,0,0,1.4739699e-05,0,0.019600078,0,2.7801489e-08,1,1,1,Other,Text & OCR,Unknown,How many people are sitting inside the train?,Can't answer by seeing the image; Don't know how many people are sitting inside the train; Based on the image can't answer this question,"Based on the image, it appears there are **at least 4 people** sitting inside the train. 

Here's how I came to that conclusion:

*   I can clearly see the backs of 4 heads in the seats.
*   There might be more people further back in the train, but they are not visible in this view.



Let me know if you'd like me to try and analyze anything else in the image!"
question_comb_7905,0,0,9.309398e-05,0,0.00018085296,0,5.4127406e-05,1,1,1,Object-Related,Attribute Recognition,Unknown,How many ringed-planets are there in the picture?,There are two ringed-planets; Two ringed-planets are present in the sky; There are two ringed-planets visible in the sky,"Based on the image, there are **three** ringed planets visible.

*   One is clearly Saturn, with its prominent rings.
*   There's another planet with a smaller ring system.
*   A third planet has a very faint ring.



Let me know if you'd like to analyze any other details in the image!"
question_comb_2245,0,0,0.0005169622,0,0.00071022584,0,0.0009277685,1,1,1,Attribute-Related,Attribute Recognition,Unknown,Is the grass blue in this image?,"n, o","No, the grass in the image is not blue. It appears to be a mix of green and brown, typical of natural grass. The blue you might be perceiving is likely due to the reflection of the sky and water on the grass, or perhaps a trick of the light."
question_comb_4446,0,0,0.010943214,0,1.3914971e-05,0,1.4766811e-05,1,1,1,Object-Related,Visual Understanding,Unknown,Is there a baseball bat in the image?,no,"No, there is no baseball bat in the image. The image shows a Border Collie dog leaping to catch a frisbee on a grassy field. There are people and some flags in the background, but no baseball bat."
question_comb_2654,1,1,0.51105267,0,1.3275234e-05,1,0.6919185,1,0,1,Other,Knowledge & Identity,Unknown,Is the actor inside the red bounding box named Al Pacino? Please answer yes or no.,Yes,"No.

The actor in the red box is Michael Fassbender."
question_comb_4768,0,0,0.0009406665,0,3.7681953e-06,0,9.75196e-06,1,1,1,Object-Related,Attribute Recognition,Unknown,How many steps are there?,There are seven steps; Seven steps; Seven,"Based on the image, there appear to be **seven** steps leading up to the door."
question_comb_7490,0,0,0.0027643668,1,0.85007566,0,0.0009517101,1,0,1,Object-Related,Visual Understanding,Unknown,Is there a car in the image?,no,"No, there is no car in the image. The image shows a slice of pizza, a figurine, a glass of liquid, and a person's arm."
question_comb_9314,0,0,6.419268e-07,0,0.000107366766,0,3.1864176e-05,1,1,1,Other,Text & OCR,Unknown,How many tongues has the monster in this picture?,The tongues in this picture are not visible.,"Based on the image, the monster appears to have **two** tongues. They are prominently displayed in the upper portion of the image."
question_comb_7782,1,0,0.010803207,0,0.06395288,0,0.011447825,0,0,0,Object-Related,Visual Understanding,Unknown,Is there a wall in this image?,"n, o","Based on the image, it's difficult to definitively say if there's a wall present. Here's what we can observe:

*   **Background:** The background appears to be a bed with pillows and blankets.
*   **Lack of Clear Wall:** There are no distinct features that would indicate a wall. The background is soft and blurred, making it hard to discern any hard surfaces.

Therefore, it's **unlikely** that there's a visible wall in the image. It's more probable that the background is simply the bedding of a bed."
question_comb_6239,0,0,0.4261439,0,0.0058718952,0,2.7296133e-07,1,1,1,Other,Math & Calculation,Unknown,"According to the table, Did January 2023 have a higher income percentage change than August 2023?",yes,"Yes, according to the table:

*   January 2023 had a percentage change of 0.7%.
*   August 2023 had a percentage change of 0.4%.

Therefore, January 2023 had a higher income percentage change than August 2023."
question_comb_8456,0,0,0.0001677826,0,0.0006255267,0,3.074298e-05,1,1,1,Other,Text & OCR,Unknown,Is anyone sitting inside of the car?,Can't answer; Don't know whether anyone is sitting inside of the car or not; Based on the image can't answer this question,"Based on the image, it's **not possible to tell if anyone is sitting inside the car.** The interior is not visible."
question_comb_4046,0,0,0.026403347,0,1.9782081e-05,0,0.0049617128,1,1,1,Other,Knowledge & Identity,Unknown,Is the phone in the photo connected to a charger? Please answer yes or no.,Yes,Yes.
question_comb_2928,0,0,0.010500783,0,1.4505694e-06,0,0.045992825,1,1,1,Object-Related,Visual Understanding,Unknown,Is there a knife in the image?,yes,"Yes, there is a knife in the image. It's visible in the background, on the plate with the cake."
question_comb_2775,0,0,2.9724377e-05,0,0.00027810095,0,5.5949245e-06,1,1,1,Object-Related,Attribute Recognition,Unknown,How many men are fighting the giant wolf?,There are no men fighting the wolf in this image.,"Based on the image, there are **no men** fighting the giant wolf. There is a young woman holding a pizza, and the wolf appears to be focused on her and the pizza."
question_comb_6188,0,0,0.0016515581,0,3.971661e-05,0,0.0018827951,1,1,1,Object-Related,Visual Understanding,Unknown,Is there a baseball glove in the image?,yes,"Yes, there is a baseball glove in the image. It's being held by the catcher, who is kneeling behind home plate."
question_comb_1180,1,0,0.32801148,0,0.3904023,0,0.23354132,0,0,0,Object-Related,Visual Understanding,Unknown,Is there a floor in this image?,"n, o","Based on the image, it's difficult to definitively say if there's a floor visible. Here's what we can observe:

*   **The laptop is on a surface:** The laptop is resting on a surface that appears to be a table or desk.
*   **The surface is on something:** The table/desk is likely sitting on a floor, but the floor itself is not visible in the frame.
*   **The couch:** Part of a couch is visible on the left side of the image.

Therefore, while we can infer that there's likely a floor beneath the table/desk and couch, it's not directly visible in the image."
question_comb_6572,1,0,0.13077392,0,0.012580785,0,0.04671314,0,0,0,Attribute-Related,Attribute Recognition,Unknown,Is the beach wet in this image?,"n, o","Yes, the beach appears to be wet in the image. You can see the waves lapping onto the shore and the sand looks damp."
question_comb_9478,0,0,5.008976e-07,0,0.00017093356,0,1.040822e-05,1,1,1,Object-Related,Attribute Recognition,Unknown,How many pencils are in the photo?,There are 4 pencils in the  photo; There are 4 pencils; 4 pencils,"Based on the image, I can see **6 pencils**. 

Here's a breakdown:

*   **1** red pencil lying on the table next to the sketchbook.
*   **5** colored pencils in a row on the table behind the sketchbook.



Let me know if you'd like me to look for anything else in the image!"
question_comb_5603,0,0,3.6917918e-05,0,3.0375319e-05,0,0.00010602035,1,1,1,Other,General QA,Unknown,Is Cadet Blue the roughest?,,"Based on the provided graph, **yes, Cadet Blue appears to be the roughest.**

Here's why:

*   **Steepest Slope:** The Cadet Blue line has the steepest upward slope compared to the other lines. A steeper slope generally indicates a more rapid change or ""roughness"" in the data.
*   **Visual Inspection:** Visually, the Cadet Blue line is the most jagged and deviates the most from a smooth, straight line.

Therefore, based on the graph's representation, Cadet Blue exhibits the most significant fluctuations and appears to be the roughest."
question_comb_9189,0,0,0.0005465077,0,6.069676e-07,0,0.003675288,1,1,1,Relationship,Spatial Reasoning,Unknown,Is there direct contact between the banana and table?,"n, o","No, there is no direct contact between the bananas and the table. The bananas are resting on a plate, which is what is in contact with the table."
question_comb_3010,0,0,0.0027985293,0,0.0007783393,0,4.415289e-06,1,1,1,Other,Text & OCR,Unknown,How many green trees are there?,Can't answer; can't determine how many green trees are there; Based on the image can't answer,"Based on the image, it's difficult to give an exact number of green trees due to the density and overlapping of the foliage. However, I can estimate that there are **at least 20-30** green trees visible in the image. 

Here's a breakdown of why it's hard to be precise:

*   **Overlapping:** Many trees are partially hidden behind others.
*   **Density:** The trees are very close together, making it hard to distinguish individual trunks.
*   **Perspective:** The perspective of the photo makes it difficult to see the full extent of the trees.



If you'd like, you can point out a specific area of the image, and I can try to give a more focused estimate."
question_comb_6415,0,0,0.0005465077,0,1.5880956e-05,0,0.0002287999,1,1,1,Object-Related,Visual Understanding,Unknown,Is there a tangerine in this image?,"n, o","No, there is no tangerine in the image. The image shows two bananas on a green plate."
question_comb_7226,0,0,0.00017184955,0,7.799447e-05,0,0.023642084,1,1,1,Object-Related,Visual Understanding,Unknown,Is there a handbag in the image?,yes,"Yes, there appears to be a handbag in the image. It's partially visible on the woman's left side, peeking out from under her jacket. It seems to be a pink or purple color."
question_comb_5095,0,0,0.00029801956,0,0.057500567,0,8.6272514e-08,1,1,1,Object-Related,Attribute Recognition,Unknown,What color are the sunflowers?,There are no sunflowers visible; The flowers in the image are not sunflowers; We cannot see the sunflowers,"Based on the image, these are not sunflowers, but **dahlias**. 

The dahlias are a beautiful blend of colors:

*   **Pink:** The center of the flowers is a deep pink.
*   **Orange:** The petals transition to a warm orange color.
*   **Peach/Cream:** The tips of the petals have a soft peach or cream hue.



Let me know if you'd like to know more about dahlias!"
question_comb_8694,0,0,0.41422018,0,4.86542e-06,0,5.1593826e-05,1,1,1,Relationship,Spatial Reasoning,Unknown,Is there direct contact between the umbrella and floor?,"n, o","No, there does not appear to be direct contact between the umbrella and the floor in the image. The umbrella is held above the person, and there's a clear gap between the bottom of the umbrella and the tiled floor."
question_comb_1477,0,0,0.006803757,0,5.6591375e-06,0,5.713205e-05,1,1,1,Other,Math & Calculation,Unknown,如图，BD为⊙O的直径，点A、C在⊙O上，∠A＝40°，则∠CBD的度数为（）,,"Let O be the center of the circle.
Since BD is a diameter of the circle, ∠BAD = 90° (angle in a semicircle).
In triangle ABD, we have ∠BAD + ∠ABD + ∠ADB = 180°.
Since ∠BAD = 90°, we have 90° + ∠ABD + ∠ADB = 180°, so ∠ABD + ∠ADB = 90°.
We are given that ∠A = 40°.
Since A, C are points on the circle, quadrilateral ABCD is a cyclic quadrilateral.
In a cyclic quadrilateral, opposite angles are supplementary.
Therefore, ∠A + ∠C = 180° and ∠B + ∠D = 180°.
Since ∠A = 40°, we have ∠C = 180° - 40° = 140°.
Also, ∠B = ∠ABC + ∠CBD and"
question_comb_7477,0,0,0.0003767465,0,0.00037249224,0,1.1608233e-06,1,1,1,Relationship,Spatial Reasoning,Unknown,Is there direct contact between the person and bicycle?,"n, o","No, there is no direct contact between the person and the bicycle in the image. The person is standing a short distance away from the bicycle."
question_comb_4884,0,0,0.08709861,0,0.0001593694,0,0.0003376709,1,1,1,Attribute-Related,Attribute Recognition,Unknown,Is the sky sunny in this image?,"y, e, s","Yes, the sky in the image appears to be sunny. There are patches of blue sky visible, and the overall lighting suggests a bright, sunny day."
question_comb_8080,0,0,2.7485696e-06,0,7.053292e-06,0,0.00013446977,1,1,1,Other,Text & OCR,Unknown,Are both of the dragon's eyes open?,"Only one eye is visible to be known; The second eye cannot be seen; One eye is open, but the other is not shown","No, only one of the dragon's eyes is open in the image. The other eye is closed."
question_comb_5686,0,0,0.0042128805,0,7.264805e-08,0,4.892721e-05,1,1,1,Other,Knowledge & Identity,Unknown,Is the actor inside the red bounding box named Leonard Nimoy? Please answer yes or no.,Yes,Yes.
question_comb_2283,0,0,4.2099855e-05,0,6.280153e-07,0,4.455668e-06,1,1,1,Object-Related,Attribute Recognition,Unknown,How many trees are on the ground?,There are no trees on the ground; Zero; No trees are on the ground,"Based on the image, it appears there are **five** small trees or bushes on the ground in front of the house. They are scattered in a line leading towards the house."
question_comb_6659,0,0,0.2494955,1,0.90246344,0,0.0005389099,1,0,1,Attribute-Related,Attribute Recognition,Unknown,Is the forest withered in this image?,"n, o","No, the forest in the image does not appear withered. It is lush and green, with dense foliage on both sides of the railway tracks. The trees are full and healthy-looking."
question_comb_1468,0,0,2.0106545e-06,0,4.4889704e-05,0,0.00039939888,1,1,1,Relationship,Spatial Reasoning,Unknown,Is there direct contact between the camel and desert?,"y, e, s","Yes, based on the image, there is direct contact between the camels and the desert sand. You can clearly see the camels' feet resting on the sand, and their bodies are in contact with the surface of the dunes."
question_comb_1145,1,0,0.43427747,1,0.98485684,0,0.48041296,0,1,0,Other,Math & Calculation,Unknown,"If angle A is 110 degree, then is the angle BOC smaller than 145 degree? Please answer yes or no.",no,"Yes.

**Explanation**

Here's why:

*   **Angle Sum of a Triangle:** The sum of the angles in any triangle is 180 degrees. In triangle ABC, we have:
    ∠A + ∠B + ∠C = 180°
    110° + ∠B + ∠C = 180°
    ∠B + ∠C = 70°

*   **Angle at the Circumcenter:** Point O is the circumcenter of triangle ABC. The angle at the circumcenter formed by two vertices of the triangle (like ∠BOC) is twice the angle opposite that vertex (∠A). Therefore:
    ∠BOC = 2 * ∠A = 2 * 110° = 220°

*   **Reflex Angle:** The angle ∠BOC = 220° is a reflex angle. The angle we are interested in is the"
question_comb_5025,0,0,0.00086732657,0,0.017245233,0,3.356877e-05,1,1,1,Object-Related,Visual Understanding,Unknown,Is there a knife in this image?,"n, o","No, there is no knife in the image. It shows a plate with a tangerine, a blood orange, and a bunch of green grapes."
question_comb_6799,0,0,6.6179878e-06,0,9.124295e-06,0,0.0004289467,1,1,1,Other,Visual Understanding,Unknown,Can people be seen interacting and walking within the holographic structure?,No; People are not seen interacting and walking within the holographic structure; People are not interacting or walking within the holographic structure.,"Let's analyze the image to see if people are visible interacting within the holographic structure.

**Based on the image, it appears that there are faint, translucent figures that seem to be walking and interacting within the holographic structure.**

Here's what leads me to that conclusion:

*   **Ghostly Figures:** There are blurry, almost transparent shapes that resemble human figures within the neon grid.
*   **Movement Indication:** The figures seem to be positioned in a way that suggests movement or interaction.
*   **Holographic Nature:** Given the overall aesthetic of the image, it's likely these figures are meant to be part of the holographic projection, adding to the futuristic and surreal feel.

**However, it's important to note:**

*   **Subtlety:** The figures are very subtle and not clearly defined. They are more like suggestions of people than distinct individuals.
*   **Artistic Interpretation:** The image is a digital artwork"
question_comb_5442,1,1,0.99665326,0,0.00614191,1,0.762216,1,0,1,Other,Temporal & Video,Unknown,"According to the positive sequence of the images, is the circle inside autobiographical clockwise? Answer in one word.",no,Yes.
question_comb_3936,0,0,6.815659e-05,0,2.4198403e-06,0,2.589952e-06,1,1,1,Object-Related,Attribute Recognition,Unknown,How many legs are visible?,Three; There are three; There are three visible legs,"Based on the image, **two** legs of the fox are clearly visible."
question_comb_2508,0,0,9.112898e-05,0,3.968299e-06,0,1.657365e-05,1,1,1,Object-Related,Attribute Recognition,Unknown,What color is the babys pacifier?,1 The baby does not have a pacifier on; 2 The person in the image is not wearing a pacifier; 3 There are no pacifiers in this image,"Based on the image, the baby's pacifier appears to be **white**. It's partially obscured by the robotic components, but the visible portion is clearly white."
question_comb_9560,0,0,0.28959033,0,0.4701733,0,0.00071170356,1,1,1,Attribute-Related,Attribute Recognition,Unknown,Is the forest withering in this image?,"n, o","No, the forest in the image does not appear to be withering. The trees and foliage are lush and green, indicating a healthy ecosystem. The vibrant green grass in the foreground further supports this observation."
question_comb_2123,1,1,0.8075671,1,0.9924022,0,0.0032076738,1,1,0,Object-Related,Visual Understanding,Unknown,Is there a boat in the image?,yes,"No, there is no boat in the image. The image shows a vintage suitcase covered in stickers, a bag, a water bottle, and some equipment that looks like it might be related to music or sound."
question_comb_6684,1,0,0.0016756831,0,0.0041825636,0,0.15343688,0,0,0,Other,Knowledge & Identity,Unknown,Is this a picture of Beachy Head? Please answer yes or no.,Yes,"No.



The image shows Worthing, a coastal town in West Sussex, England. Beachy Head is a nearby landmark, but this is not a picture of it."
question_comb_5664,0,0,0.00011581736,0,2.6531778e-05,0,9.736209e-06,1,1,1,Object-Related,Attribute Recognition,Unknown,How many eyes does the creepy sculpture have?,There are 3 visible eyes; Three; The sculpture has 3 eyes,"Based on the image, the creepy sculpture appears to have **12 eyes**. They are arranged in a circular pattern around its head."
question_comb_8588,0,0,3.179221e-05,0,4.37048e-06,0,4.6704896e-05,1,1,1,Other,Visual Understanding,Unknown,Are the autumn leaves fish-shaped and match the actual fish swimming around?,No; the autumn leaves are not fish-shaped and do not match the actual fish swimming around; the autumn leaves are not fish-shaped.,"Let's analyze the image!

You're right to notice the interesting connection between the autumn leaves and the fish. Here's a breakdown:

*   **Autumn Leaves:** The leaves are indeed shaped like fish. They have a distinct fish-like form, with a tail and a body.
*   **Actual Fish:** The fish swimming around also have a similar shape to the leaves. They mirror the fish-shaped leaves in their form.

**So, yes, the autumn leaves are fish-shaped, and they do match the actual fish swimming around in the image.** It's a surreal and artistic detail that creates a unique and dreamlike quality to the artwork.



Do you want to explore any other details in the image?"
question_comb_6556,0,0,0.0008245587,0,2.7629321e-06,0,0.00048186738,1,1,1,Object-Related,Visual Understanding,Unknown,Is there a stair in this image?,"n, o","No, there is no stair in the image. The surface appears to be a paved area, likely a sidewalk or plaza, made of large square tiles."
question_comb_8085,0,1,0.54738104,0,0.0006311222,0,0.017372832,0,1,1,Other,Knowledge & Identity,Unknown,"Is this artwork created by eberlein, gustav heinrich? Please answer yes or no.",Yes,"Yes.



The artwork is ""The Death of Scylla"" by Gustav Heinrich Eberlein."
question_comb_4485,0,0,0.00026399057,0,0.0010987107,0,9.650317e-05,1,1,1,Relationship,Spatial Reasoning,Unknown,Is there direct contact between the motorbike and river?,"n, o","No, there is no direct contact between the motorbike and the river in the image. 

The motorbike is parked on a rocky, elevated area, while the river flows along a lower, separate channel. There's a clear distance and a slope between the two."
question_comb_2340,0,0,0.00038604523,0,0.00012733108,0,0.0004912627,1,1,1,Relationship,Spatial Reasoning,Unknown,Is there direct contact between the train and bridge?,"y, e, s","Yes, based on the image, there is direct contact between the train and the bridge. The train is resting on the tracks that are supported by the bridge structure. You can clearly see the wheels of the train making contact with the rails of the bridge."
question_comb_4915,0,0,0.002340326,0,2.8511915e-06,0,4.4328684e-05,1,1,1,Other,Math & Calculation,Unknown,如图，已知AB∥CD，AF与CD交于点E，BE⊥AF，∠B＝65°，则∠DEF的度数是（）,25°,"Let the given figure be as shown.
We are given that $AB \parallel CD$, $AF$ intersects $CD$ at $E$, $BE \perp AF$, and $\angle B = 65^\circ$.
We want to find the measure of $\angle DEF$.

Since $AB \parallel CD$, we have $\angle A = \angle AED$ (alternate interior angles).
Since $BE \perp AF$, we have $\angle AEB = 90^\circ$.
In $\triangle ABE$, we have $\angle A + \angle B + \angle AEB = 180^\circ$.
So, $\angle A + 65^\circ + 90^\circ = 180^\circ$.
$\angle A = 180^\circ - 65^\circ - 90^\circ = 180^\circ - 155^\circ = 25^\"
question_comb_3838,0,0,5.147691e-05,0,9.148212e-06,0,0.00016496851,1,1,1,Other,Visual Understanding,Unknown,Is there an unfocused cityscape behind the pit bull hinting that it's a city dog?,No; there is not an unfocused cityscape behind the pit bull; it does not hint that it's a city dog,"No, there is no cityscape behind the pit bull in the image. The background is plain white. The focus is entirely on the dog itself."
question_comb_7224,0,0,0.0062753772,0,6.177054e-05,0,8.693278e-05,1,1,1,Object-Related,Visual Understanding,Unknown,Is there a frisbee in the image?,yes,"Yes, there is a frisbee in the image. It's flying through the air, being thrown by the person in the white shirt."
question_comb_9822,0,0,1.8624107e-08,0,6.289142e-05,0,1.5198705e-06,1,1,1,Object-Related,Attribute Recognition,Unknown,How many bracelets are on his right arm?,Two; There are two bracelets; He has two bracelets on his right arm,"Based on the image, it appears there are **four** bracelets on his right arm. 

Here's a breakdown:

*   One thicker, gold-colored bracelet near the wrist.
*   Three thinner, gold-colored bracelets stacked above it.



Let me know if you'd like me to analyze anything else in the image!"
question_comb_4371,0,0,5.8494716e-06,0,1.9484238e-05,0,6.916731e-07,1,1,1,Other,Math & Calculation,Unknown,Move the ruler to measure the length of the nail to the nearest inch. The nail is about (_) inches long.,,"Here's how to estimate the length of the nail to the nearest inch:

1.  **Observe the Ruler:** The ruler is marked in meters. We need to convert meters to inches. 1 meter is approximately equal to 39.37 inches.
2.  **Estimate the Length in Meters:** Looking at the image, the nail appears to be about 3.5 cm long.
3.  **Convert to Inches:** 3.5 cm is approximately 1.38 inches (3.5 cm * 39.37 inches/meter / 100 cm/meter).
4.  **Round to the Nearest Inch:** 1.38 inches rounds to 1 inch.

**Therefore, the nail is about 1 inch long.**"
question_comb_1041,0,0,0.004620281,0,1.8170667e-05,0,0.0021610714,1,1,1,Relationship,Spatial Reasoning,Unknown,Is there direct contact between the bear and ground?,"y, e, s","Based on the image, it appears the bear is **not** in direct contact with the ground. It is resting on a large log, which is elevated slightly above the ground."
question_comb_9407,0,0,0.26400614,0,0.0001157158,0,0.0019416155,1,1,1,Attribute-Related,Attribute Recognition,Unknown,Is the cloud white in this image?,"y, e, s","Yes, the clouds in the image appear to be white. They have a light, fluffy appearance against the blue sky."
question_comb_4885,0,0,0.11731177,0,0.0071475455,0,0.00020074389,1,1,1,Other,Knowledge & Identity,Unknown,Is this a photo of Cardiff Castle? Please answer yes or no.,Yes,Yes.
question_comb_5076,0,0,4.0484625e-05,0,5.5566435e-08,0,2.9867728e-05,1,1,1,Attribute-Related,Attribute Recognition,Unknown,What color are the woman's eyes?,The woman's eyes are blue.,"Based on the image, the woman's eyes appear to be a striking **blue-grey**. They have a cool, almost silvery tone with hints of blue within them."
question_comb_453,1,0,0.0023835362,0,0.0005715167,0,0.0062198066,0,0,0,Object-Related,Visual Understanding,Unknown,Is there a sea in this image?,"n, o","Based on the image, it's difficult to definitively say if there's a sea present. Here's what we can observe:

*   **Sandy Beach:** The image clearly shows a sandy beach.
*   **No Visible Water:** There's no visible water in the frame. However, the beach could be a short distance from the sea.

Therefore, it's **possible** there's a sea nearby, but we can't confirm it from the image alone."
question_comb_2826,0,0,0.0018340137,0,0.005058251,0,3.6757585e-05,1,1,1,Object-Related,Attribute Recognition,Unknown,How many pictures are on the wall?,Five; There are five pictures on the wall; Five pictures are visible in the image,"Based on the image, there are **five** pictures on the wall."
question_comb_5368,0,0,0.004604239,1,0.99815756,0,6.630256e-05,1,0,1,Relationship,Spatial Reasoning,Unknown,Is there direct contact between the signal and rail?,"y, e, s","Based on the image, it appears there is **no direct contact** between the signal and the rail. 

The signal is mounted on a post that is positioned alongside the tracks. There's a clear gap between the post and the rail."
question_comb_8274,0,0,0.0005091587,0,0.0008410656,0,0.00018851613,1,1,1,Other,Visual Understanding,Unknown,"Does the bus in the background have a sign indicating it's called the ""Dino-Transport""?","No, the bus in the background does not have a sign indicating; it's not called ""Dino-Transport""; there is no ""Dino-Transport"" sign on the bus","No, the bus in the background does not have a sign indicating it's called the ""Dino-Transport."" It appears to be a standard yellow school bus.



Let me know if you'd like me to analyze anything else in the image!"
question_comb_4691,0,0,2.1658016e-05,0,0.0002285165,0,7.1902373e-06,1,1,1,Other,Visual Understanding,Unknown,Are the rabbits top hat-wearing magicians performing tricks with carrots?,No; the rabbits are not top hat-wearing magicians performing tricks with carrots; the rabbits are not,"That's a really cute and whimsical image! 

No, the rabbits aren't top hat-wearing magicians performing tricks with carrots. They are simply adorable, fluffy bunnies nestled amongst the delicious-looking desserts. The little symbols above some of the desserts (like the question mark and musical note) seem to add to the playful, charming vibe of the artwork, but they don't suggest magic or tricks.

It's a delightful illustration of sweets and cute animals!"
question_comb_5917,0,0,0.0023835362,0,0.0005715167,0,2.5283903e-06,1,1,1,Attribute-Related,Attribute Recognition,Unknown,Is there one volleyball in this image?,"y, e, s","Yes, there is one volleyball in the image. It's sitting on the sand."
question_comb_4785,0,0,0.06353206,0,0.00014067006,0,0.006080294,1,1,1,Other,Knowledge & Identity,Unknown,Is the ball usually played with hands? Please answer yes or no.,Yes,Yes.
question_comb_6248,0,0,0.21095617,0,1.3144333e-05,0,0.0007660949,1,1,1,Relationship,Spatial Reasoning,Unknown,Is there direct contact between the extinguisher and wall?,"y, e, s","Based on the image, it appears there is **no direct contact** between the fire extinguisher and the wall. There's a small gap visible between the extinguisher and the wooden paneling."
question_comb_7794,0,0,2.1362097e-05,0,2.6832636e-06,0,7.233339e-06,1,1,1,Object-Related,Attribute Recognition,Unknown,How many circles?,Six; There are six; Six circles are visible,"Based on the image, I can count **8 circles**.

Here's the breakdown:

*   **4 large circles** (the spherical lights)
*   **4 smaller circles** (the ring-shaped lights)



Let me know if you'd like me to count something else in the image!"
question_comb_3600,0,0,0.00014404269,0,0.00013151046,0,4.04113e-05,1,1,1,Other,Math & Calculation,Unknown,Is this a periodic function?,No,"No, the function shown in the image, g(x) = 0.5^x, is not a periodic function.

**Explanation**

*   **Periodic Function:** A function is periodic if it repeats its values at regular intervals. Mathematically, a function f(x) is periodic if there exists a positive number 'p' such that f(x + p) = f(x) for all x. This 'p' is called the period.

*   **Exponential Function:** The function g(x) = 0.5^x is an exponential function. Exponential functions are not periodic. They either increase or decrease continuously without repeating.

*   **Visual Inspection:** Looking at the graph, you can see that the curve continuously decreases as x increases. There's no point where the graph repeats itself.

Therefore, g(x) = 0.5^x is not a periodic function."
question_comb_2946,0,0,0.001788363,0,8.515813e-06,1,0.7142345,1,1,0,Attribute-Related,Attribute Recognition,Unknown,Are there three birds in this image?,"n, o","Yes, there are three birds in the image. You can see one bird in the foreground, another slightly further back in the shallow water, and a third one even further back, also in the water."
question_comb_7123,0,0,0.0005627333,0,7.219498e-05,0,1.9167696e-06,1,1,1,Object-Related,Attribute Recognition,Unknown,What color is the airplane in the top right corner of the picture?,There is no airplane visible in the picture; There are no airplanes in the photo; We cannot see any photos in the displayed picture,There is no airplane in the image. There are birds flying in the sky within the bottle. They appear to be a light gray or white color.
question_comb_4735,0,0,0.104077704,0,1.1273108e-07,0,0.0054486725,1,1,1,Object-Related,Visual Understanding,Unknown,Is there a person in the image?,no,"No, there is no person visible in the image. The image shows a plate with a mac and cheese pizza on it."
question_comb_850,0,0,0.00072924094,0,1.2206249e-07,0,2.169537e-06,1,1,1,Object-Related,Attribute Recognition,Unknown,How many types of animals are there in the image?,There are two types of animals in the image; We can see cats and dogs in the image; The image shows cats and dogs in it.,"Based on the image, there appears to be only **one** type of animal present: **dogs**. They all seem to be of a similar breed, likely Yorkshire Terriers or a similar small, long-haired breed."
question_comb_7388,0,0,0.0031646958,0,0.47857183,0,1.5686755e-06,1,1,1,Other,Text & OCR,Unknown,What is the name of the player?,Can't answer; I dont know the name of the player; Based on the image cannot answer this question,"Based on the image, the player's jersey number is 29. However, the image doesn't provide the player's name."
question_comb_9621,0,0,0.00014697292,0,0.00040212722,0,6.1084015e-06,1,1,1,Attribute-Related,Attribute Recognition,Unknown,is the brightly colored hair styled in a tedious updo?,"No, the brightly colored hair is not styled in a tedious updo; the hair is not styled in an updo; the hair is not in a tedious updo.","No, the brightly colored hair in the image is not styled in a tedious updo. It's a short, choppy, and somewhat messy style, resembling a modern pixie cut or a very short bob. It has a layered and textured look, with some pieces falling around the face. 

Here's what contributes to that impression:

*   **Short Length:** The hair is clearly cut short around the head.
*   **Choppy Layers:** There are visible layers and unevenness, giving it a deliberately edgy feel.
*   **Messy Texture:** It doesn't appear sleek or perfectly styled; it has a slightly undone, casual vibe.



Let me know if you'd like me to describe anything else about the image!"
question_comb_6638,0,0,0.016242566,0,0.00017823238,0,0.004763733,1,1,1,Other,Text & OCR,Unknown,Is this movie originated from the country or region of usa? Please answer yes or no.,Yes,Yes.
question_comb_9476,0,0,0.000112181464,0,0.000153852,0,6.929355e-06,1,1,1,Other,Visual Understanding,Unknown,Is the house located in a typical suburban neighborhood with regular houses?,"No; the house is not, located in a typical suburban neighborhood with regular houses; The house isn't in a typical suburban neighborhood","No, the house in the image is not located in a typical suburban neighborhood. It's a fantastical, whimsical mushroom house, clearly situated in a magical or fairytale-like environment. 

Here's why:

*   **Unique Architecture:** The house is built to resemble a giant mushroom, which is not a typical residential design.
*   **Surrounding Environment:** The image shows a lush, mossy base and a backdrop that suggests a mystical forest rather than a suburban setting.
*   **Overall Aesthetic:** The entire scene has a dreamlike, fantastical quality that is far removed from the reality of a suburban neighborhood.



It's a dwelling for fairies, gnomes, or other magical creatures, not a human family in a regular suburb."
question_comb_7776,0,0,0.17913207,0,8.119387e-05,0,1.1123062e-05,1,1,1,Relationship,Spatial Reasoning,Unknown,Is there direct contact between the kettle and flower?,"n, o","Based on the image, there is **no direct contact** between the bicycle and the flowers. The bicycle is leaning against a red wooden fence, and the flowers are growing above the fence. There's a clear gap between the bike and the floral display."
question_comb_4751,0,0,3.644039e-06,0,2.647231e-05,0,0.0003661966,1,1,1,Other,Visual Understanding,Unknown,Are the mushrooms connected?,"Yes, the three mushrooms appear to be connected; Yes, the mushrooms join together at the base ; Yes, the two smaller side mushrooms connect to the bigger mushroom in the center","Based on the image, it appears the mushrooms are **not** directly connected. 

Here's what I observe:

*   **Separate Stems:** Each mushroom has its own distinct stem emerging from the mossy ground.
*   **No Visible Connection:** There's no visible tissue or root system connecting the stems of the three mushrooms.

While they are clustered together, they seem to be individual mushrooms growing in close proximity."
question_comb_1055,0,0,0.0061690505,0,2.837687e-05,0,7.991765e-05,1,1,1,Relationship,Spatial Reasoning,Unknown,Is there direct contact between the hydrant and house?,"n, o","Based on the image, there does not appear to be any direct contact between the fire hydrant and the house. The hydrant is situated on a patch of grass on the side of the driveway, while the house is set back from the driveway with a garage. There's a clear space between the hydrant and the house."
question_comb_7616,0,0,0.0022016985,0,0.0002310524,0,4.1500007e-06,1,1,1,Relationship,Spatial Reasoning,Unknown,Is there direct contact between the bench and forest?,"n, o","No, there is no direct contact between the bench and the forest in the image. The bench is sitting on a grassy area, and the forest is in the background, separated by a distance."
question_comb_2474,0,0,0.00046745504,0,0.0015094689,0,0.00011881403,1,1,1,Relationship,Spatial Reasoning,Unknown,Is there direct contact between the sky and cloud?,"y, e, s","No, there is no direct contact between the sky and clouds. Here's why:

*   **The Sky:** The ""sky"" is essentially the atmosphere – the layer of gases surrounding the Earth. It's a vast expanse of air.
*   **Clouds:** Clouds are made of tiny water droplets or ice crystals suspended in the atmosphere. They form at different altitudes within the sky.
*   **Space Between:** There's a significant amount of air (atmosphere) between the clouds and the ""sky"" above them. Clouds exist *within* the sky, not as a boundary or contact point.

In the image, you can see the blue sky behind and around the clouds, demonstrating that they are separate entities within the atmosphere."
question_comb_4341,0,0,0.4015284,1,0.69744253,1,0.9660289,1,0,0,Other,Math & Calculation,Unknown,Is the value of x in the image smaller than 5?,no,"Let the triangle be denoted as $\triangle ABC$, where $AB = 4$, $BC = 3$, and $AC = x$.
According to the triangle inequality theorem, the sum of the lengths of any two sides of a triangle must be greater than the length of the third side. Therefore, we have the following inequalities:
\begin{itemize}
    \item $AB + BC > AC \Rightarrow 4 + 3 > x \Rightarrow 7 > x$
    \item $AB + AC > BC \Rightarrow 4 + x > 3 \Rightarrow x > 3 - 4 \Rightarrow x > -1$
    \item $BC + AC > AB \Rightarrow 3 + x > 4 \Rightarrow x > 4 - 3 \Rightarrow x > 1$
\end{itemize}
Combining these inequalities, we have $1 < x < 7$.
We are asked if the value of $"
question_comb_5908,0,0,0.49048695,0,0.00085619715,0,0.005396397,1,1,1,Other,Knowledge & Identity,Unknown,Is the actor inside the red bounding box called Troye Sivan? Please answer yes or no.,No,"No.

The actor in the image is Dolph Lundgren."
question_comb_6330,0,0,0.00087594375,0,1.7752734e-06,0,1.2348651e-05,1,1,1,Object-Related,Attribute Recognition,Unknown,How many monkeys are hanging on the trees  in the background of the photo?,There are no monkeys hanging on the trees; There are no monkeys ; zero monkeys,"Based on the image, there are **no monkeys** visible in the trees in the background. The trees appear to be palm trees, and there are no monkeys depicted."
question_comb_5813,1,0,0.059405394,0,0.00034740093,1,0.9984676,0,0,1,Object-Related,Visual Understanding,Unknown,Is there a sun in this image?,"n, o","Yes, there is a sun in the image. You can see it in the bright blue sky behind the stop sign and the trees. The light is also illuminating the stop sign and the leaves."
question_comb_8324,0,0,0.05241612,0,0.0016656725,0,0.0015402504,1,1,1,Attribute-Related,Attribute Recognition,Unknown,Is there one cow in this image?,"y, e, s","Yes, there is one cow in the image. It's a black cow standing to the right of the car."
question_comb_5035,0,0,0.00016967134,0,0.0050484287,0,2.3023413e-06,1,1,1,Other,Visual Understanding,Unknown,"Is the pyramid located in a desolate desert, signifying the society's isolation and mystery?",No; the pyramid is not located in a desolate desert; it doesn't signify society's isolation and mystery.,"Yes, your interpretation is spot on! The image strongly suggests that the pyramid is located in a desolate desert environment. Here's why that contributes to the feeling of isolation and mystery:

*   **Barren Landscape:** The surrounding terrain is rocky, sandy, and devoid of lush vegetation. This immediately conveys a sense of harshness and emptiness.
*   **Scale and Distance:** The pyramid's immense size, combined with the vastness of the desert, emphasizes its isolation. It feels like a solitary structure in a boundless expanse.
*   **Dust and Haze:** The atmospheric perspective with dust and haze further obscures the surroundings, adding to the feeling of remoteness and mystery.
*   **Small Figures:** The presence of the tiny figures in the foreground highlights the pyramid's grandeur and reinforces the sense of human insignificance in the face of this ancient structure.

All these elements work together to create a powerful visual narrative of a society shrouded in mystery, possibly long lost"
question_comb_3653,1,0,7.4308795e-05,0,6.4957014e-05,1,0.9928543,0,0,1,Object-Related,Visual Understanding,Unknown,Is there a sign in this image?,"n, o","Yes, there is a sign in the image. It appears to be a rectangular sign on the front of the car, likely a license plate or a registration sticker. It's positioned on the front bumper, just below the Mitsubishi logo."
question_comb_7819,0,0,0.086485684,0,3.9392668e-05,0,0.49495977,1,1,1,Relationship,Spatial Reasoning,Unknown,Is there direct contact between the tap and toilet?,"n, o","Based on the image, it appears there is **no direct contact** between the tap and the toilet. There's a clear space between the sink and the toilet."
question_comb_6178,0,0,0.0025308356,0,0.008755124,0,0.0011984583,1,1,1,Other,Knowledge & Identity,Unknown,The office's normal closing time is 5 p.m. Now is afternoon. Should I continue to work at the time shown in the picture? Please answer yes or no.,Yes,"Let's analyze the time shown on the watch.

The watch face shows:

*   **Hour Hand:** Pointing just past the 3.
*   **Minute Hand:** Pointing at the 35.
*   **Date:** 9 周五 (9 Friday)

This indicates the time is approximately **3:35 p.m.**

Since the office closes at 5 p.m. and it's currently 3:35 p.m., you have time to continue working.

**Answer: Yes**"
question_comb_3132,0,1,0.50424546,0,0.06084467,0,0.011183387,0,1,1,Other,Knowledge & Identity,Unknown,Is the person inside the red bounding box called Tom Cruise? Please answer yes or no.,Yes,Yes.
question_comb_9968,0,0,0.020029252,0,0.0012199827,0,7.187959e-05,1,1,1,Relationship,Spatial Reasoning,Unknown,Is there direct contact between the dog and grass?,"y, e, s","Yes, there is direct contact between the dog and the grass. The dog is lying down in the grass, and its body is clearly touching the blades."
question_comb_9523,0,0,0.0010732976,0,0.00023974401,0,1.4314129e-05,1,1,1,Attribute-Related,Attribute Recognition,Unknown,Is the tree withered in this image?,"n, o","No, the tree in the image is not withered. It appears to be a healthy, green tree with full foliage. It's visible in the background, behind the van and to the left of the building."
question_comb_3374,1,0,0.026046323,0,1.0622687e-05,0,0.0021346696,0,0,0,Attribute-Related,Attribute Recognition,Unknown,Is the beach uneven in this image?,"n, o","Yes, the beach in the image appears uneven. You can see a lot of ripples and texture in the sand, indicating that it's not a flat, smooth surface. There are also visible footprints and indentations, further suggesting an uneven terrain."
question_comb_4707,0,0,9.10412e-06,0,0.1396177,0,1.8786006e-05,1,1,1,Other,Math & Calculation,Unknown,Which number is missing?,,"Here's how to solve this puzzle:

*   **Observe the pattern:** The numbers are arranged in a 3x3 grid, and they are the numbers 1 through 9 in a random order.
*   **Find the missing number:** The numbers 1 through 9 are: 1, 2, 3, 4, 5, 6, 7, 8, 9.
*   **Identify the missing number:** The missing number is 2.

Therefore, the missing number is **2**."
question_comb_1282,0,0,0.022360122,0,0.0003259721,0,0.02739801,1,1,1,Relationship,Spatial Reasoning,Unknown,Is there direct contact between the dog and ship?,"y, e, s","Yes, there is direct contact between the dog and the ship. The dog is standing on the bow of the boat."
question_comb_1048,1,0,0.0060422164,0,2.4991292e-05,0,0.18730986,0,0,0,Object-Related,Attribute Recognition,Unknown,Are there a total of two dogs in the picture? Please answer yes or no.,No,Yes.
question_comb_9166,0,0,0.28894147,0,0.00048102182,0,0.003721129,1,1,1,Relationship,Spatial Reasoning,Unknown,Is there direct contact between the person and ship?,"y, e, s","Yes, there is direct contact between the person and the ship. The person in the boat is using a paddle to propel the boat through the water. This constitutes direct physical contact."
question_comb_9130,0,0,0.21372816,0,0.0001001737,0,2.041695e-05,1,1,1,Attribute-Related,Attribute Recognition,Unknown,Is the wall yellow in this image?,"n, o","No, the wall in the image is not yellow. It appears to be white."
question_comb_9089,0,0,0.00023696195,0,4.378254e-07,0,2.7721169e-06,1,1,1,Other,Visual Understanding,Unknown,Is it bright in the middle of the picture?,"Yes, it is bright; It is bright in the middle of the picture; The middle of the picture is bright","Yes, the middle of the picture is very bright. There's a strong spotlight shining on the stage, creating a bright area within the darker, cavernous space of the auditorium. This contrast draws the eye to the performer on stage."
question_comb_9986,0,0,1.054885e-05,0,2.6522557e-07,0,1.8135248e-05,1,1,1,Other,Visual Understanding,Unknown,What's behind the man?,Nothing is behind the man; There are no visuals behind the man; Behind the man is nothing at all,"Based on the image, it appears there's a blurred, abstract background behind the man. It seems to be a combination of:

*   **Organic shapes:** There are hints of what could be plant-like or natural forms.
*   **Geometric patterns:** There are also some angular, possibly technological or architectural elements.
*   **Light sources:** There are glowing orbs and streaks of light, contributing to a futuristic or mystical atmosphere.

The background is intentionally out of focus, so it's difficult to say exactly what it is, but it adds to the overall otherworldly and regal feel of the portrait."
question_comb_5187,0,0,0.3121355,1,0.5372775,0,1.0108027e-05,1,0,1,Object-Related,Visual Understanding,Unknown,Is there a baseball glove in the image?,no,"No, there is no baseball glove in the image. The person in the image is playing tennis and is holding a tennis racket."
question_comb_3214,0,0,0.008575965,0,0.002193739,0,1.6812966e-05,1,1,1,Other,Visual Understanding,Unknown,When did this event take place?,"Based on the logo on the backdrop, it took place between the 19th and 22nd of November 2013.; The logo suggests it happened on November 19th - 22nd 2013; November 19-22, 2013","Based on the image, the event took place in **Bangkok from 19-22 November 2013**. This is indicated by the text on the backdrop: ""ITU TELECOM WORLD '13 Bangkok 19-22 November""."
question_comb_7322,0,0,0.00028016022,1,0.5513823,0,0.0001784565,1,0,1,Other,Visual Understanding,Unknown,Does the cityscape image overlay the woman's face only on her left side?,No; the cityscape does not overlay the woman's face only on her left side; it does not overlay only on her left side,"No, the cityscape image overlays the woman's face on **both** sides. It's a double exposure effect, meaning the cityscape is integrated throughout the entire silhouette of her head and shoulders, not just on one side.



You can see buildings and city elements filling the space within her hair, around her face, and down her shoulders on both the left and right."
question_comb_5977,1,0,0.0025499188,0,7.4245227e-06,1,0.6815524,0,0,1,Object-Related,Visual Understanding,Unknown,Is there a sports ball in the image?,yes,"No, there is no sports ball visible in the image. The image shows a tennis player holding a tennis racket on a tennis court."
question_comb_4213,0,0,0.0052022017,0,0.00013890382,0,0.17840356,1,1,1,Attribute-Related,Attribute Recognition,Unknown,Is the wall smooth in this image?,"y, e, s","Based on the image, the wall appears to have a slightly textured surface. It's not perfectly smooth, but it doesn't seem to have a very pronounced texture either. It looks like a subtle pattern or a slightly rough finish."
question_comb_5297,1,0,0.00015958048,0,0.0002653641,0,0.03232615,0,0,0,Other,Knowledge & Identity,Unknown,May I ask if the plants in the picture can survive in the soil? Please answer yes or no.,No,"Yes.



It appears to be a pothos plant, which can thrive in both water and soil."
question_comb_4381,0,1,0.78238964,1,0.97911066,0,0.13888554,0,0,1,Relationship,Spatial Reasoning,Unknown,Is the person on the right of the train? Please answer yes or no.,Yes,Yes.
question_comb_777,0,0,0.0016389505,1,0.5631728,0,0.00010087134,1,0,1,Other,General QA,Unknown,Describe this image.,"sky, forest, lake, river","Here's a description of the image:

**Overall Impression:**

The image depicts a tranquil, sunlit river scene. It evokes a sense of peace and natural beauty.

**Detailed Description:**

*   **River:** A wide, calm river dominates the scene. The water is a deep blue, reflecting the sky and the surrounding trees. There are subtle ripples on the surface, creating a shimmering effect.
*   **Vegetation:** Lush greenery lines both banks of the river. There are weeping willow trees with their characteristic drooping branches on the left side, and a variety of other trees and shrubs on both sides. The foliage is dense and vibrant green.
*   **Sky:** The sky is a clear, pale blue, suggesting a bright, sunny day.
*   **Composition:** The river leads the eye into the distance, creating a sense of depth. The trees frame the scene, adding to the feeling of enclosure and serenity.
*   **Light:** The"
question_comb_3576,0,0,0.0024465502,0,0.09894512,0,1.6916332e-05,1,1,1,Other,Text & OCR,Unknown,What is inside the fridge?,We cannot tell; Cannot tell what is inside the fridge; As we cannot see what is there in the fridge we cannot tell.,"Based on the image, it's difficult to see clearly what's inside the fridge due to the lighting and the way it's positioned. However, here's what I can make out:

*   **Lots of paper/stickers:** The fridge door is covered in a dense collection of paper scraps, stickers, and what appears to be photos.
*   **Some containers:** There are a few containers visible, but their contents are not discernible.
*   **A white object:** There's a white, possibly cylindrical object towards the back of the fridge.

It seems like the fridge is quite full and cluttered."
question_comb_1023,0,0,0.0005250488,0,0.00016082375,0,0.000557886,1,1,1,Attribute-Related,Attribute Recognition,Unknown,Is the beach dry in this image?,"n, o","Yes, the beach in the image appears to be dry. The sand is a light color and doesn't show any signs of wetness or puddles. There's a small area that looks like it might be damp near the bottom left, but overall, the beach looks dry."
question_comb_942,0,0,0.0034128274,0,0.44566634,1,0.7988682,1,1,0,Relationship,Spatial Reasoning,Unknown,Is there direct contact between the ship and sea?,"y, e, s","Yes, there is direct contact between the ships and the sea in the image. The hulls of the boats are floating on the water, indicating they are in direct contact with the sea. You can see the water lapping against the sides of the boats."
question_comb_1222,0,0,0.0020336758,1,1.0,0,0.000120409546,1,0,1,Object-Related,Visual Understanding,Unknown,Is there a baseball glove in the image?,yes,"Yes, there is a baseball glove in the image. It's being held by the catcher, who is wearing blue and yellow."
question_comb_9911,1,0,0.0038738928,0,0.010469635,0,8.26453e-06,0,0,0,Relationship,Spatial Reasoning,Unknown,Is there direct contact between the orange and plate?,"n, o","Yes, based on the image, there is direct contact between the oranges and the plate. You can see the oranges resting directly on the surface of the plate."
question_comb_4204,0,0,0.000826833,0,7.339511e-05,0,0.0982162,1,1,1,Other,Visual Understanding,Unknown,Is the group in the auditorium performing a synchronized action like clapping or cheering?,"No, the group in the auditorium is not performing a synchronized action; The group is not performing; The group is not syncing","Based on the image, it doesn't appear that the group in the auditorium is performing a synchronized action like clapping or cheering. 

Here's what I observe:

*   **Individual Focus:** The people in the audience seem to be looking in different directions, and their expressions are varied. This suggests they are engaged in individual activities, like watching a performance or movie.
*   **Lack of Uniform Movement:** There's no visible indication of coordinated movement or gestures among the audience members.
*   **The Boy's Perspective:** The image is from the perspective of a young boy looking towards the stage, which further emphasizes the individual nature of the audience's engagement.



Therefore, it's unlikely they are performing a synchronized action."
question_comb_5358,0,0,0.00016967134,0,1.1135628e-05,0,2.0243208e-06,1,1,1,Other,Visual Understanding,Unknown,"Is the eye surrounded by thunderbolts, symbolizing an intimidating aura?","No, the eye is not surrounded by thunderbolts; the eye does not have any symbols surrounding it; Thunderbolts do not symbolize the eye's aura.","You've got a keen eye! While it's not *thunderbolts* exactly, the eye in the image is surrounded by a striking, radiating pattern that certainly contributes to an intimidating and powerful aura. 

Here's a breakdown of what's happening:

*   **Radiating Lines:** The eye is set within a structure that has radiating lines emanating outwards from it. These lines are reminiscent of sun rays or a stylized halo.
*   **Hieroglyphic-like Details:** The structure itself is adorned with what appear to be ancient Egyptian hieroglyphs or symbols. This adds to the sense of mystery and ancient power.
*   **Overall Effect:** The combination of the radiating lines, the intricate details, and the intense gaze of the eye creates a feeling of immense power, surveillance, and perhaps even a sense of being watched or judged. It's definitely an intimidating visual.

So, while not literal thunderbolts, the design effectively conveys a similar sense"
question_comb_3915,0,0,0.0012485309,0,3.7793583e-05,0,5.5467815e-05,1,1,1,Attribute-Related,Attribute Recognition,Unknown,Is the sky overcast in this image?,"y, e, s","Yes, the sky in the image is overcast. It appears to be a uniform gray color, indicating cloud cover."
question_comb_4774,0,0,0.15813422,0,0.0022738597,0,0.008347051,1,1,1,Relationship,Spatial Reasoning,Unknown,Is there direct contact between the truck and sea?,"n, o","Based on the image, it appears the truck is parked on the sandy beach, but **there is no direct contact between the truck and the sea**. The water is a distance away from the vehicle."
question_comb_9140,0,0,2.2298286e-07,0,0.016007353,0,2.1572303e-06,1,1,1,Other,Visual Understanding,Unknown,"Is the helmet a simple, unadorned one, not signifying war or ceremonial purpose?",No; the helmet is not simple or unadorned; the helmet signifies a war or ceremonial purpose.,"No, the helmet in the image is **definitely not simple or unadorned**. It's highly elaborate and clearly signifies a warrior, likely of significant status or purpose. Here's why:

*   **Intricate Design:** The helmet features a complex, almost demonic design with prominent horns, sculpted facial features, and detailed metalwork. This level of detail goes far beyond a basic protective helmet.
*   **Ornamentation:** The horns are a clear decorative element, not purely functional. They add a sense of power and intimidation.
*   **Stylized Features:** The sculpted facial features (even though obscured) suggest a deliberate artistic design, not just a practical shape.
*   **Material and Craftsmanship:** The metal appears to be high-quality, and the construction suggests skilled craftsmanship. This implies it was made for someone important.
*   **Overall Impression:** The helmet evokes a sense of strength, ferocity, and possibly even a ritualistic or"
question_comb_400,0,0,0.00057189836,0,2.5975653e-06,0,0.00035227518,1,1,1,Attribute-Related,Attribute Recognition,Unknown,Is the ball monochromatic in this image?,"n, o","No, the balls in the image are not monochromatic. They come in a variety of colors including red, green, blue, orange, purple, and yellow."
question_comb_5409,0,0,0.17308892,0,0.40072948,0,0.0028010467,1,1,1,Other,Knowledge & Identity,Unknown,Is the person inside the red bounding box named Peter Falk? Please answer yes or no.,Yes,Yes.
question_comb_9718,0,0,6.175045e-05,0,2.374653e-05,1,0.8026482,1,1,0,Attribute-Related,Attribute Recognition,Unknown,Is the ground curved in this image?,"y, e, s","Yes, the ground appears to be curved in this image. The wooden boardwalk follows a winding, curving path through the forest, suggesting that the terrain itself is uneven or sloped, leading to the curved design of the walkway."
question_comb_2346,0,0,0.0002321696,0,8.500901e-05,0,1.2961037e-06,1,1,1,Other,Knowledge & Identity,Unknown,Is this photo taken in a place of entrance hall? Please answer yes or no.,Yes,"Yes.



The photo depicts a grand, ornate hallway with architectural details like arches, columns, and a decorative ceiling, which are common features of entrance halls in historic buildings."
question_comb_9450,0,0,6.684975e-05,0,0.00023764797,0,0.00013511279,1,1,1,Other,Text & OCR,Unknown,Is this movie titled ocean's eleven (2001)? Please answer yes or no.,No,"No.



The movie in the image is ""The Secret in Their Eyes"" (El secreto de sus ojos)."
question_comb_2817,0,1,0.5651713,0,0.03802979,0,0.014955569,0,1,1,Other,Knowledge & Identity,Unknown,Is the actor inside the red bounding box called Eric Hatch? Please answer yes or no.,No,"No.

The actor in the image is Sean Maher, who played Dr. Simon Tam in the TV series *Firefly*. Eric Hatch is a different person."
question_comb_7602,0,0,0.017123034,0,0.44710028,0,1.8742708e-07,1,1,1,Attribute-Related,Attribute Recognition,Unknown,Is the grass yellowed in this image?,"n, o","No, the grass in the image is not yellowed. It appears to be a healthy green color. The background is blurred, but the visible grass looks green."
question_comb_7922,0,0,8.472722e-05,0,2.2757201e-06,0,9.39757e-07,1,1,1,Object-Related,Attribute Recognition,Unknown,How many flowers are there on the cake?,4; Four; There are four flowers on the cake.,"Based on the image, I can count **8 flowers** on the cake. 

Here's a breakdown:

*   There are 4 pink flowers.
*   There are 4 purple flowers.



Let me know if you want me to count anything else in the image!"
question_comb_1208,0,0,0.007912496,0,0.004590448,0,6.528927e-06,1,1,1,Attribute-Related,Attribute Recognition,Unknown,Is the tree green in this image?,"y, e, s","Yes, the tree in the image is green. You can see green leaves on the branches and surrounding the tree. The grass in the foreground is also green."
question_comb_3851,0,0,0.00018423882,0,0.00014272865,0,6.7139276e-06,1,1,1,Attribute-Related,Attribute Recognition,Unknown,Is the grass withered in this image?,"n, o","No, the grass in the image does not appear withered. It looks quite green and healthy, especially in the foreground. It's a vibrant green color, suggesting it's well-watered and thriving."
question_comb_9953,0,0,0.0016654838,0,0.006058108,0,4.3250197e-06,1,1,1,Object-Related,Attribute Recognition,Unknown,How many flags are on the building?,There are three flags on the building; The building has three flags on it; Three flags are on the building,"Based on the image, I can see **three** flags on the building. They are visible on the towers behind the person."
question_comb_9586,0,0,0.0005012806,0,0.0112904105,0,1.5123277e-05,1,1,1,Relationship,Spatial Reasoning,Unknown,Is there direct contact between the tissue and holder?,"y, e, s","Based on the image, it appears there is **no direct contact** between the tissue and the holder. The roll of tissue is positioned slightly away from the holder itself."
question_comb_9797,0,0,0.3420596,0,0.0003333404,0,9.760241e-06,1,1,1,Object-Related,Visual Understanding,Unknown,Is there a sports ball in the image?,yes,"Yes, there is a sports ball in the image. It's a tennis ball, visible in the air above the girl who is playing tennis."
question_comb_1175,1,1,0.6518351,0,0.0,1,0.8310782,1,0,1,Other,General QA,Unknown,"According to the image, is Miami the southernmost point of Florida?",no,"Yes, according to the image, Miami is depicted as the southernmost point of Florida. It's located at the very bottom of the state's outline."
question_comb_5379,0,0,0.00020136384,0,0.00025031585,0,0.00085782097,1,1,1,Object-Related,Visual Understanding,Unknown,Is there a bench in this image?,"n, o","No, there is no bench visible in the image. The focus is on the tennis player and the tennis court."
question_comb_5103,0,0,0.02411033,0,4.0992818e-05,0,0.07893682,1,1,1,Object-Related,Visual Understanding,Unknown,Is there a dining table in the image?,no,"No, there is no dining table in the image. The image shows the back of a bus with an advertisement for ""Culture Japancon."""
question_comb_1894,0,0,0.2880102,0,0.0018048323,0,2.0684818e-06,1,1,1,Relationship,Spatial Reasoning,Unknown,Is there direct contact between the person and surfboard?,"y, e, s","Yes, based on the image, there is direct contact between the person and the surfboard. The person is standing on the surfboard."
question_comb_8131,0,0,1.8695768e-05,0,0.0014152344,0,0.0004984005,1,1,1,Attribute-Related,Attribute Recognition,Unknown,Is the forest withered in this image?,"n, o","No, the forest in the image does not appear withered. It looks lush and green, with dense tree cover. The overall scene suggests a healthy and vibrant forest ecosystem. The slightly overcast sky and damp ground might give a cooler, perhaps even misty, impression, but not one of withering."
question_comb_1666,0,0,0.016228454,0,5.573197e-05,0,0.0029476322,1,1,1,Object-Related,Visual Understanding,Unknown,Is there a baseball glove in the image?,yes,"Yes, there is a baseball glove visible in the image. It's being worn by the catcher, who is crouched behind the batter."
question_comb_8196,0,0,9.007258e-07,0,0.00014995661,0,0.0075058765,1,1,1,Other,Math & Calculation,Unknown,Is the area of the right triangle in the picture equal to 24? Please answer yes or no.,Yes,"Yes.

**Explanation**

The area of a right triangle is calculated as:

Area = (1/2) * base * height

In the given triangle:

*   Base = 6
*   Height = 8

Therefore, Area = (1/2) * 6 * 8 = 24."
question_comb_2677,0,0,0.00157897,0,0.0005064119,0,0.00032072637,1,1,1,Other,Visual Understanding,Unknown,"Are there humanoid robots, all glowing in various shades, in the background?",No; there are not humanoid robots in the background; the humanoid robots are not in the background,"No, there are no humanoid robots in the background of the image. The glowing effect you're seeing is a digital overlay of what appears to be a network of lines and nodes, resembling a digital blueprint or a holographic projection. It's superimposed on the woman's form, creating a futuristic and technological aesthetic. 

The effect gives the impression of data or code being layered over her, rather than depicting other robots."
question_comb_5036,0,0,0.0016641279,0,0.00013241053,0,2.3232906e-06,1,1,1,Attribute-Related,Attribute Recognition,Unknown,The person near the bicycle is wearing what shirt color?,The person's shirt is white; White; The person near the bicycle is wearing a color white shirt,"Based on the image, the person near the bicycle is wearing a **white** shirt."
question_comb_5174,0,0,3.537841e-05,0,0.00010076097,0,1.547565e-05,1,1,1,Other,Text & OCR,Unknown,Is there any offering near the god's feet?,As the god's feet are not visible in the image we cannot tell if there is any offerings; We cannot see the offerings on the image thus we cannot tell; Don't know.,"Based on the image, it's difficult to definitively say if there's an offering near the god's feet. The area around the base of the statue is obscured by foliage and the angle of the photo. It's possible there could be something there, but it's not clearly visible."
question_comb_5428,0,0,4.6374036e-05,0,4.606756e-06,0,1.0921174e-05,1,1,1,Other,Visual Understanding,Unknown,Is she unhappy because of the broken glass?,No; She is not unhappy due to the broken glass; The broken glass is not making her unhappy.,"Based on the image, it's unlikely the person is unhappy because of the broken glass. Here's why:

*   **The Expression:** The person is smiling widely, showing their teeth. This indicates happiness, amusement, or a playful mood.
*   **The Context:** The broken glass seems to be an artistic element of the image, not a source of distress. It's integrated into the clothing and hat in a stylized way. It's more likely a visual effect than a representation of something negative.
*   **Overall Aesthetic:** The image has a fantastical, almost surreal quality. It's more likely to be exploring themes of perception, fragmentation, or transformation rather than sadness or misfortune.

In conclusion, the person in the image appears to be happy and the broken glass is likely a stylistic choice rather than a cause for unhappiness."
question_comb_3027,1,0,0.257846,0,0.24891093,0,0.28179547,0,0,0,Object-Related,Visual Understanding,Unknown,Is there a fork in the image?,yes,"No, there is no fork visible in the image."
question_comb_5682,0,0,0.23567422,0,0.0013182209,0,0.008711912,1,1,1,Other,General QA,Unknown,"According to the image, does Chile cover part of the Amazon Basin?",no,"No, according to the image, Chile does not cover part of the Amazon Basin. 

The Amazon Basin is primarily represented by the large area of green (Lowland moist forest) in the northern part of South America, largely within Brazil and extending into neighboring countries like Peru, Colombia, Venezuela, and others. Chile is located in the southwestern part of the continent and is not within this region."
question_comb_1793,0,0,0.006347334,0,0.00046380237,0,0.10102003,1,1,1,Object-Related,Visual Understanding,Unknown,Is there a person in the image?,no,"No, there is no person in the image. There is a cat in the background, but it is out of focus."
question_comb_9533,0,0,0.0043313066,0,1.3911441e-05,0,0.00024933735,1,1,1,Relationship,Spatial Reasoning,Unknown,Is there direct contact between the dog and sea?,"n, o","Based on the image, it appears there is **no direct contact** between the dog and the sea. The dog is standing on the sandy beach, and the waves are some distance away from it."
question_comb_3432,1,0,0.045850363,0,3.8163984e-05,0,0.0057013915,0,0,0,Other,Attribute Recognition,Unknown,Are two circles in the image different color? yes or no,yes,"No, the two circles are not different colors. They are the same color, just presented against different backgrounds.

Here's why:

*   **Left Circle:** Appears blue because it's surrounded by black and white vertical stripes.
*   **Right Circle:** Appears green because it's surrounded by yellow vertical stripes.

This is an example of a color illusion. The perceived color is influenced by the surrounding colors."
question_comb_927,0,0,0.00081180525,0,0.18798415,0,0.0026723503,1,1,1,Relationship,Spatial Reasoning,Unknown,Is there direct contact between the dog and grass?,"y, e, s","Yes, based on the image, there is direct contact between the dog and the grass. The dog is lying down in the grass, and its fur is touching the blades."
question_comb_1466,0,0,0.016228454,0,5.573197e-05,0,0.0029476322,1,1,1,Object-Related,Visual Understanding,Unknown,Is there a baseball glove in the image?,yes,"Yes, there is a baseball glove visible in the image. It's being worn by the catcher, who is crouched behind the batter."
question_comb_8022,0,0,0.010024194,0,0.0026171668,0,0.00023058146,1,1,1,Object-Related,Visual Understanding,Unknown,Is there a person in the image?,yes,"Yes, there is a person in the image. It appears to be a young child drinking from a red cup."
question_comb_104,0,0,0.0014619993,0,3.6079205e-06,0,0.0029320035,1,1,1,Relationship,Spatial Reasoning,Unknown,Is the TV on the right of the lamp? Please answer yes or no.,No,No.
question_comb_7860,0,0,0.053248093,0,1.4155274e-05,0,1.0962945e-05,1,1,1,Other,Math & Calculation,Unknown,A food industry researcher compiled the revenues of several pizzerias. How much did Taste of New York make from pizza sales? (Unit: $),,"Here's how to calculate Taste of New York's pizza sales:

*   **Vegetarian pizzas:** $10
*   **Cheese pizzas:** $13

**Total sales:** $10 + $13 = $23

**Answer:** Taste of New York made $23 from pizza sales."
question_comb_3024,1,0,0.0025499188,0,7.4245227e-06,1,0.6815524,0,0,1,Object-Related,Visual Understanding,Unknown,Is there a sports ball in the image?,yes,"No, there is no sports ball visible in the image. The image shows a tennis player holding a tennis racket on a tennis court."
question_comb_1201,0,0,0.11862997,0,2.7921225e-05,0,0.0012651182,1,1,1,Relationship,Spatial Reasoning,Unknown,Is there direct contact between the umbrella and sea?,"n, o","No, there is no direct contact between the umbrella and the sea in the image. The umbrella is positioned on the beach, well away from the water's edge. The waves are visible in the background, but they are not touching the umbrella or the beach chair."
question_comb_4943,0,0,1.8695768e-05,0,0.00021229767,0,0.14084461,1,1,1,Relationship,Spatial Reasoning,Unknown,Is there direct contact between the horse and grass?,"y, e, s","Yes, based on the image, there is direct contact between the horse and the grass. The horse is clearly grazing and has its head lowered, appearing to be eating the grass."
question_comb_1677,0,0,0.016228454,0,1.4772445e-05,0,0.0044435463,1,1,1,Object-Related,Visual Understanding,Unknown,Is there a chair in the image?,no,"No, I don't see a chair in the image. It appears to be a baseball game in progress."
question_comb_5407,0,0,0.17289896,0,0.01087792,0,0.00011048131,1,1,1,Other,Knowledge & Identity,Unknown,Is the actor inside the red bounding box named Jason Alexander? Please answer yes or no.,Yes,Yes.
question_comb_4655,1,1,0.9912714,0,0.00048824813,0,0.44439632,1,0,0,Other,Temporal & Video,Unknown,"The blue car is moving forward. According to the positive sequence of the images, are they in the correct order?",no,"Let's analyze the images to determine if the sequence is correct based on the blue car's movement.

*   **Image 1:** The blue car is positioned further back in the lane.
*   **Image 2:** The blue car has moved forward slightly.
*   **Image 3:** The blue car has moved forward again.

The blue car is consistently moving forward in each image. Therefore, the sequence of images **is** in the correct order."
question_comb_1203,0,0,0.010320684,0,0.000738501,0,0.000639327,1,1,1,Relationship,Spatial Reasoning,Unknown,Is there direct contact between the mirror and toothbrush?,"n, o","No, there is no direct contact between the mirror and the toothbrush in the image. The toothbrush holder is positioned between them."
question_comb_4490,0,0,0.00031188587,0,4.465426e-06,0,0.005939515,1,1,1,Attribute-Related,Attribute Recognition,Unknown,Is the flower withered in this image?,"n, o","No, the flowers in the image do not appear withered. They look fresh and vibrant with a variety of colors (red, yellow, orange, pink). They are full and appear to be in good condition."
question_comb_5372,0,0,0.0010855198,0,6.4691794e-06,0,2.822907e-06,1,1,1,Object-Related,Visual Understanding,Unknown,In what corner is the sun in this picture?,There is no sun visible in the picture; No sun is visible ; There’s no sun pictured,"Based on the image, the sun appears to be in the **top right corner**. The sky is brighter in that area, suggesting the sun's position."
question_comb_1160,0,0,3.610998e-06,0,9.100622e-06,0,3.1724976e-05,1,1,1,Object-Related,Attribute Recognition,Unknown,How many red cars are in the image?,One red car; There is only one red car visible; The image has one red car,"Based on the image, there is **one** red car. It's the car in the bottom row."
question_comb_8447,1,0,0.0021422766,0,0.0003508098,0,0.45666304,0,0,0,Attribute-Related,Attribute Recognition,Unknown,Is the beach flat in this image?,"n, o","Based on the image, the beach appears to be relatively flat, but with a slight incline towards the water. You can see the sand gradually sloping down towards the shoreline. It's not a steep slope, but there's a noticeable change in elevation."
question_comb_6004,0,0,0.004590226,0,5.3291027e-05,0,1.1875078e-05,1,1,1,Object-Related,Visual Understanding,Unknown,Is there a person in this image?,"n, o","No, there is no person in the image. The image features a black bird (likely a crow or raven) perched on a decorative chair in a room with wooden floors and textured walls."
question_comb_2070,0,0,0.21328995,0,0.42891288,0,0.0064157047,1,1,1,Attribute-Related,Attribute Recognition,Unknown,Is the sea small in this image?,"n, o","No, the sea is not small in the image. It appears quite vast and stretches out to the horizon. The perspective of the photo, with the foreground occupied by the beach chairs and umbrella, might give the impression of a smaller sea, but it's actually quite expansive. You can see a distant shoreline on the horizon, indicating a large body of water."
question_comb_8569,0,0,0.00038454056,0,0.00026572286,0,0.011719081,1,1,1,Relationship,Spatial Reasoning,Unknown,Is there direct contact between the dog and grass?,"y, e, s","Yes, based on the image, there is direct contact between the dog and the grass. The dog is standing on the grass and appears to be running across it."
question_comb_468,0,0,0.36967945,1,0.7904799,0,0.14047062,1,0,1,Relationship,Spatial Reasoning,Unknown,Is there direct contact between the lounge and beach?,"y, e, s","Yes, based on the image, there appears to be direct contact between the lounge chairs and the beach. The sand is visible directly beneath and around the chairs."
question_comb_7855,0,0,0.0015358025,0,0.0008361991,0,2.4920893e-05,1,1,1,Attribute-Related,Attribute Recognition,Unknown,Is the bread square in this image?,"n, o","No, the bread (or rather, the donut) in the image is not square. It's a classic donut shape - round with a hole in the middle."
question_comb_1457,0,0,1.3691888e-05,0,0.00040622,0,2.2251126e-07,1,1,1,Object-Related,Attribute Recognition,Unknown,How many tattoos do you see on the lady?,No tattoos; The lady has no tattoos that are visible in the image; I don't see any tattoos that I can see,"Based on the image, I don't see any visible tattoos on the lady. The focus is on her face and the emotional expression, and there are no markings that appear to be tattoos."
question_comb_1099,0,1,0.78759027,0,7.017908e-05,0,0.042168748,0,1,1,Other,Math & Calculation,Unknown,Is there any meat in this figure?,yes,"Yes, there is meat in the figure. You can see a piece of what appears to be raw steak or fish in the bottom right corner of the image."
question_comb_1524,0,0,9.440364e-05,0,0.0746887,0,2.7845599e-07,1,1,1,Object-Related,Attribute Recognition,Unknown,What color shirt is the man wearing while sitting in the balcony?,There is no man visible in the balcony ; There is no man sitting in any balcony in the image ; A man is not seen in the image,"Based on the image, the man sitting on the balcony appears to be wearing a **light blue** shirt. It's a bit difficult to be certain due to the lighting and distance, but it seems to be a pale blue color."
question_comb_332,0,0,0.38251746,0,0.00043254878,1,0.5280118,1,1,0,Other,Math & Calculation,Unknown,"In triangle ABC, if AF, BE, CD, are the three midlines, is M the centroid of triangle ABC? Please answer yes or no.",yes,"Yes.

**Explanation**

In any triangle, the three medians (lines connecting a vertex to the midpoint of the opposite side) intersect at a single point called the centroid. This point divides each median in a 2:1 ratio, with the longer segment being from the vertex to the centroid.

In the given figure, AF, BE, and CD are the midlines of triangle ABC. The point where these midlines intersect is labeled M. Therefore, M is the centroid of triangle ABC."
question_comb_2822,0,0,0.0007752425,0,0.00010788452,0,9.270119e-05,1,1,1,Object-Related,Visual Understanding,Unknown,Is there a sky in this image?,"n, o","No, there is no visible sky in the image. The photo is taken at ground level, and the view is focused on the grassy field and the people playing."
question_comb_2886,1,0,0.41606012,1,0.99155056,1,0.8867694,0,1,1,Object-Related,Visual Understanding,Unknown,Is there a person in this image?,"n, o","Yes, there appears to be a person in the image. They are partially visible in the background, reflected in the stainless steel interior of the refrigerator. It looks like they are standing near the open door."
question_comb_887,0,0,0.00038695935,0,2.0825528e-05,0,7.600174e-05,1,1,1,Other,Visual Understanding,Unknown,Does the building harmoniously merge with its surrounding trees creating a tree-house appearance?,No; the building does not merge harmoniously with its surrounding creating a tree-house appearance; It does not merge with the surrounding trees.,"Yes, absolutely! The building in the image strikingly harmonizes with the surrounding trees, creating a very strong tree-house appearance. Here's why:

*   **Organic Integration:** The building's design incorporates elements that mimic natural forms. It's not a rigid, geometric structure.
*   **Vegetation:** The presence of plants and greenery growing on and around the building further blurs the line between architecture and nature.
*   **Color Palette:** The earthy tones of the building blend well with the greens of the trees and landscape.
*   **Form:** The irregular, layered structure of the building resembles the branching and growth patterns of a large tree.



It's a beautiful example of architecture that seeks to integrate with and complement its natural environment."
question_comb_1182,0,0,0.0055433335,0,5.3309823e-06,0,0.0005101354,1,1,1,Relationship,Spatial Reasoning,Unknown,Is there direct contact between the flowerpot and carpet?,"n, o","No, there does not appear to be direct contact between the flowerpot and the carpet in the image. The flowerpot is sitting on a small, red table."
question_comb_9893,1,0,0.3269184,0,0.07170695,0,0.35345313,0,0,0,Other,Knowledge & Identity,Unknown,Is the person inside the red bounding box named Guy Carleton? Please answer yes or no.,No,Yes.
question_comb_1412,0,0,0.0050915047,0,2.5568356e-06,0,4.0863897e-06,1,1,1,Other,Visual Understanding,Unknown,What is drawn on the wall?,We can see few flower drawings on the wall; Flower drawimgs; There are few flower drawings.,"Based on the image, the wall behind the person is covered in **graffiti**. It appears to be a series of swirling, abstract designs, likely done in a spray paint style. The colors seem to be primarily red and possibly some blue or black."
question_comb_7914,0,0,0.0015116221,0,3.6076126e-05,0,1.2944513e-05,1,1,1,Relationship,Spatial Reasoning,Unknown,Is there direct contact between the man and wall?,"n, o","No, there is no direct contact between the man and the wall in the image. He is sitting on a chair, which is positioned between him and the wall."
question_comb_6609,0,0,0.0028023818,0,0.00033606048,0,0.0060818153,1,1,1,Object-Related,Visual Understanding,Unknown,Is there a couch in the image?,no,"No, there is no couch in the image. There is a desk with various equipment and a person sitting at another desk in the background."
question_comb_4409,0,0,0.00033719587,0,0.0044565955,0,8.084066e-08,1,1,1,Other,Math & Calculation,Unknown,What number is shown?,,"Let's break down the number represented by the blocks:

*   **Large Cubes (1000s):** There are 7 large cubes, each representing 1000. So, 7 x 1000 = 7000
*   **Medium Cubes (100s):** There is 1 medium cube, representing 100. So, 1 x 100 = 100
*   **Small Cubes (10s):** There are 6 small cubes, each representing 10. So, 6 x 10 = 60
*   **Smallest Cubes (1s):** There are 3 smallest cubes, each representing 1. So, 3 x 1 = 3

Now, let's add all these values together:

7000 + 100 + 60 +"
question_comb_8211,1,0,0.13293049,0,9.280132e-28,1,0.8580189,0,0,1,Attribute-Related,Attribute Recognition,Unknown,Is the mountain tall in this image?,"n, o","Let's analyze the image to determine if the mountains are tall.

**Observations:**

*   **Distance:** The mountains are quite far away in the background. This makes them appear smaller in relation to the foreground.
*   **Size Relative to Other Elements:** Compared to the sailboat, which is also relatively far away, the mountains seem to be of a similar size. Sailboats are typically not tiny, so this suggests the mountains are substantial.
*   **Perspective:** Due to the distance and perspective, it's difficult to judge the absolute height of the mountains.

**Conclusion:**

While they don't appear *enormous* in the image due to the distance, the mountains are likely **tall**. They are clearly significant landforms and are not small hills.



If you'd like, give me another image to analyze!"
question_comb_1989,0,0,0.0019280987,0,0.000682431,0,2.0387513e-05,1,1,1,Object-Related,Visual Understanding,Unknown,Is there a baseball glove in the image?,no,"No, there is no baseball glove in the image. The image shows a tennis player hitting a tennis ball."
question_comb_7275,0,0,4.853277e-05,0,0.010862949,0,9.88707e-06,1,1,1,Other,Visual Understanding,Unknown,What side profile do we see if the deer’s face?,Left; Left side; The left side,"Based on the image, we see the **left** side profile of the deer's face. 

Here's how we can tell:

*   The ear is visible on the left side of the deer's head.
*   The eye is positioned on the left side of the face.
*   The nose and mouth are oriented towards the left."
question_comb_31,0,0,0.005440792,0,0.032047205,0,0.0010023925,1,1,1,Relationship,Spatial Reasoning,Unknown,Is there direct contact between the pillow and quilt?,"y, e, s","Yes, based on the image, there appears to be direct contact between the pillows and the quilt. The quilt is draped over the pillows, and there's no visible separation or additional layer between them."
question_comb_973,0,0,0.0029453516,0,0.0039548906,0,3.33641e-05,1,1,1,Relationship,Spatial Reasoning,Unknown,Is there direct contact between the cat and bench?,"y, e, s","Yes, there is direct contact between the cat and the bench. The cat is lying directly on the seat of the bench."
question_comb_8179,0,0,2.8325365e-05,0,1.2403485e-05,0,2.9967616e-05,1,1,1,Other,Spatial Reasoning,Unknown,What is the age gap between these two people in image?,,"It's difficult to determine the exact age gap without knowing the actual ages of the individuals in the image. However, we can make an educated guess based on their appearance.

Here's an estimation:

*   **Man:** He appears to be in his late 40s to early 50s.
*   **Woman:** She looks to be in her early to mid-20s.

Based on this, the age gap is likely between **20 to 30 years**.

**Please note:** This is just an estimate, and the actual age difference could be different."
question_comb_964,0,0,1.8546902e-05,0,1.3205609e-05,0,1.0842617e-05,1,1,1,Object-Related,Visual Understanding,Unknown,What kind of animal is mounted on the wall behind the man and his mechanical dinosaur sculpture?,There is no mounted animal on the wall in the image; The image does not depict any mounted animals on the wall; There are no animals displayed on the wall behind the man and the dinosaur sculpture in the image,"Based on the image, the animal mounted on the wall behind the man and his mechanical dinosaur sculpture appears to be a **crocodile**. 

You can see its characteristic long snout, scales, and powerful jaws. It's a taxidermied specimen, adding an interesting and slightly surreal touch to the scene."
question_comb_444,0,0,0.0022016985,0,0.0002310524,0,0.00013333149,1,1,1,Relationship,Spatial Reasoning,Unknown,Is there direct contact between the bench and grass?,"y, e, s","Yes, there is direct contact between the bench and the grass. The legs of the bench are resting on the grass."
question_comb_8674,0,0,0.0003345445,0,0.0020858592,0,2.9301061e-06,1,1,1,Object-Related,Attribute Recognition,Unknown,How many medals is the dog on the right wearing on its chest?,There are no medals on the dog on the right.,"Based on the image, the dog on the right is wearing **one** medal on its chest. It's a circular medal with a golden design."
question_comb_2100,0,0,0.00033562057,0,0.000737301,0,7.1076174e-05,1,1,1,Object-Related,Visual Understanding,Unknown,Is the ocean underneath full of floating logs that came off the ship?,Yes; the ocean underneath is indeed full of floating logs that came off the ship; there are floating logs from the ship in the ocean,"You're very observant! Yes, it appears that the ocean surface is indeed covered with what look like floating logs or debris, likely originating from the large ship in the image. 

The style of the artwork, reminiscent of traditional Japanese painting with a sci-fi twist, adds to the surreal and slightly melancholic atmosphere. The debris suggests a possible disaster or abandonment of the ship."
question_comb_4582,0,0,1.9956995e-05,0,4.385406e-06,0,0.00042950723,1,1,1,Relationship,Spatial Reasoning,Unknown,Is there direct contact between the ground and sign?,"y, e, s","No, there is not direct contact between the ground and the sign in the image. The sign is mounted on a metal stand that elevates it slightly above the ground."
question_comb_8721,1,0,0.38921124,0,0.0818125,0,0.04721026,0,0,0,Relationship,Spatial Reasoning,Unknown,Is there a sofa in the middle of potted plants in the image? Please answer yes or no.,Yes,"No.



There is a chair in front of the fireplace, not a sofa. There are potted plants to the left of the chair."
question_comb_2532,0,0,0.010320684,0,0.000738501,0,0.00023027585,1,1,1,Attribute-Related,Attribute Recognition,Unknown,Are there two toothbrushes in this image?,"y, e, s","Yes, there are two toothbrushes in the image. They are standing in a toothbrush holder."
question_comb_9065,0,0,0.00014404269,0,0.0015287693,0,8.345888e-06,1,1,1,Other,Math & Calculation,Unknown,What is the value of f(0)?,,"The graph shows the function g(x) = 0.5^x.

We are asked to find the value of f(0). However, the graph is labeled as g(x), not f(x).
We are given that g(x) = 0.5^x.
To find g(0), we substitute x = 0 into the equation:
g(0) = 0.5^0 = 1.

From the graph, we can see that when x = 0, the value of g(x) is 1.

If we assume that f(x) is the same as g(x), then f(x) = 0.5^x.
Then f(0) = 0.5^0 = 1.

Final Answer: The final answer is $\boxed{1}$"
question_comb_4157,0,1,0.5711148,0,2.0575428e-06,0,0.16027032,0,1,1,Other,Text & OCR,Unknown,Is this movie originated from the country or region of west germany? Please answer yes or no.,No,"No.

The movie ""Fright Night"" (2011) is a remake of the 1985 film, which was an American production. While the original film was inspired by the German *Nosferatu*, the movie itself was not originated from West Germany."
question_comb_6195,0,0,0.00013309231,0,2.0811553e-08,0,0.0010481557,1,1,1,Attribute-Related,Attribute Recognition,Unknown,Does the superhero costume match with the monkey's natural fur color?,No; The superhero costume does not match with the monkey's natural fur color; It doesn't match.,"Let's analyze the image!

The monkey has a predominantly brown fur color. The superhero costume is a vibrant purple. 

**Therefore, the superhero costume does not match the monkey's natural fur color.** It's a stark contrast, which actually makes the costume stand out even more!"
question_comb_4474,0,0,0.00032916619,0,0.00029828446,0,0.017695433,1,1,1,Relationship,Spatial Reasoning,Unknown,Is there direct contact between the car and ground?,"y, e, s","Yes, based on the image, it appears there is direct contact between the car's tires and the ground. The road is a dirt track, and the tires are clearly visible making contact with the surface."
question_comb_1845,1,1,0.51313764,0,0.00024780398,0,0.005031853,1,0,0,Object-Related,Visual Understanding,Unknown,Is there a clock in the image?,yes,"No, I don't see a clock in the image."
question_comb_3201,0,0,0.0011050391,0,9.8572345e-06,0,0.0008642623,1,1,1,Relationship,Spatial Reasoning,Unknown,Is there direct contact between the person and desert?,"y, e, s","Based on the image, it appears there is **no direct contact** between the people and the desert sand. They are standing behind a vehicle, and the sand is clearly visible between them and the ground."
question_comb_7853,0,0,0.0121484455,0,0.00014749166,0,0.0049895654,1,1,1,Relationship,Spatial Reasoning,Unknown,Is there direct contact between the cat and controller?,"y, e, s","Yes, based on the image, it appears there is direct contact between the cat and the remote control. The cat's nose is very close to, and likely touching, the remote."
question_comb_3293,0,0,0.037819438,0,5.204909e-06,0,0.11683108,1,1,1,Relationship,Spatial Reasoning,Unknown,Is there direct contact between the notebook and support?,"y, e, s","Based on the image, it appears there is **no direct contact** between the notebook and the support. 

The notebook is resting on a platform or stand that creates a gap between the bottom of the laptop and the surface it's sitting on. This is a common design for laptop stands, intended to improve airflow and cooling."
question_comb_6723,0,0,0.00010768759,0,7.3563406e-06,0,1.1728205e-07,1,1,1,Other,Text & OCR,Unknown,What is written on the blue cassette?,I can not read the text on the blue cassette; I can not answer; It's hard to read the text,"Based on the image, the blue cassette appears to have the following text:

**""The Best of...""**

Below that, it seems to say:

**""The Beach Boys""**

It's a compilation album of The Beach Boys' greatest hits."
question_comb_9715,0,0,0.00039626381,0,2.3783157e-05,0,1.110963e-05,1,1,1,Attribute-Related,Attribute Recognition,Unknown,What color is the woman’s hair?,The woman has blonde hair that is died red on one side; The woman has blonde and red hair; Her hair is red and blonde,"Based on the image, the woman's hair is **blonde**. It appears to be a very light, almost platinum blonde."
question_comb_9834,0,0,0.00013207484,0,0.0012473994,0,1.9921095e-05,1,1,1,Attribute-Related,Attribute Recognition,Unknown,Is there one pulp in this image?,"y, e, s","Based on the image, there is no pulp visible. The image shows a woman paddleboarding with her dog on the water, with a cliff in the background. There are no fruits or vegetables that contain pulp present in the scene."
question_comb_7518,0,0,0.001272527,0,0.42738175,0,4.644002e-05,1,1,1,Object-Related,Visual Understanding,Unknown,Are there two cats on the tree hugging each other?,"Yes; indeed, the two cats are hugging each other on the tree; those two cats are on the tree hugging each other","No, there are not two cats on the tree. The image shows a **white-faced capuchin monkey** and a **tarsier** clinging to a tree branch. 

Here's a breakdown:

*   **White-faced capuchin monkey:** The larger animal with the white face and light fur is a capuchin monkey.
*   **Tarsier:** The smaller animal nestled in the monkey's arms is a tarsier, a small primate known for its large eyes.

They are both primates, but not cats."
question_comb_2394,0,0,0.17151837,0,0.31550178,0,0.00031113805,1,1,1,Attribute-Related,Attribute Recognition,Unknown,Is the tree withered in this image?,"n, o","No, the tree in the image does not appear withered. It looks healthy and vibrant. Here's why:

*   **Green Fronds:** The leaves (fronds) are a rich green color, indicating they are alive and photosynthesizing.
*   **Full Canopy:** The tree has a full and lush canopy, suggesting it's thriving.
*   **Strong Trunk:** The trunk appears sturdy and healthy.
*   **No Signs of Browning or Dryness:** There are no visible signs of browning, dryness, or leaf drop, which are common indicators of a withered tree.



It's a beautiful, healthy palm tree against a lovely sky!"
question_comb_122,0,1,0.9986634,0,0.018387953,1,0.75055647,0,1,0,Other,Temporal & Video,Unknown,"According to the positive sequence of the images, is the circle inside autobiographical anticlockwise? Answer in one word.",yes,Yes.
question_comb_5918,0,0,0.0009232584,0,7.01695e-05,0,1.7528249e-06,1,1,1,Relationship,Spatial Reasoning,Unknown,Is there direct contact between the man and tree?,"n, o","Based on the image, there is no direct contact between the man and the tree. He is standing on the grass a distance away from the tree."
question_comb_9304,0,0,2.4491714e-08,0,0.080934085,1,0.5965945,1,1,0,Other,Knowledge & Identity,Unknown,"Is this artwork displayed in cannon hall museum, barnsley? Please answer yes or no.",Yes,"Yes.



The artwork in the image is ""Boy with a Bird"" by Dirck Hals, and it is indeed displayed in the Cannon Hall Museum, Barnsley."
question_comb_2242,0,0,0.00075317157,0,1.1199229e-05,0,3.1816976e-06,1,1,1,Object-Related,Attribute Recognition,Unknown,How many hooks are on the door?,Four; Four hooks; There are four hooks,"Based on the image, I can see **three** hooks on the door. They are visible on the left side of the door."
question_comb_5245,0,0,0.12890002,0,5.951557e-06,0,4.7214828e-05,1,1,1,Other,Math & Calculation,Unknown,如图所示，CD∥AB，OE平分∠AOD，∠EOF＝80°，∠D＝60°，则∠BOF为（）,,"Here's how to solve the problem:

1. **Find ∠AOD:** Since CD || AB, ∠AOD = ∠CDO (alternate interior angles). We are given ∠D = 60°, so ∠AOD = 60°.

2. **Find ∠AOE:** Since OE bisects ∠AOD, ∠AOE = ∠AOD / 2 = 60° / 2 = 30°.

3. **Find ∠EOF:** We are given that ∠EOF = 80°.

4. **Find ∠AOF:** ∠AOF = ∠AOE + ∠EOF = 30° + 80° = 110°.

5. **Find ∠AOB:** Since CD || AB, ∠AOB = ∠BOD (alternate interior angles). Also, ∠AOD + ∠DOB = 180° (linear pair). Therefore, ∠DOB ="
question_comb_7678,1,0,0.2882415,0,0.36729184,1,0.9268164,0,0,1,Object-Related,Visual Understanding,Unknown,Is there a sports ball in the image?,yes,"No, there is no sports ball visible in the image. The image shows a tennis court with two players, but there's no tennis ball present."
question_comb_9501,0,0,1.1011554e-05,0,0.00015344999,0,2.2317677e-06,1,1,1,Object-Related,Attribute Recognition,Unknown,What color ring is the figure wearing?,We can not see any rings; No ring is visible in the image; No ring,"Based on the image, the figure is wearing a **gray** ring on her right hand. It appears to be a metallic ring with a subtle, intricate design."
question_comb_3805,0,0,0.0152589,0,0.004268332,0,0.0018133741,1,1,1,Object-Related,Visual Understanding,Unknown,Is there a person in the image?,yes,"Yes, there are multiple people in the image. 

Here's what I can see:

*   **Kite Surfers:** There are at least three kite surfers visible. One is prominently in the air with their kite, and there are two others further out on the water.
*   **Person in the Water:** There appears to be a person surfing or swimming in the water, closer to the shore.



Let me know if you'd like me to describe anything else in the image!"
question_comb_269,0,0,0.0051235226,0,6.0090722e-05,0,1.912701e-06,1,1,1,Attribute-Related,Attribute Recognition,Unknown,Is the ground clean in this image?,"y, e, s","No, the ground in the image is not clean. You can clearly see cracks, dirt, and wear and tear on the surface of the basketball court. It appears weathered and used."
question_comb_9405,0,0,0.2937866,0,0.0008066419,0,6.64981e-06,1,1,1,Object-Related,Visual Understanding,Unknown,Is there a backpack in the image?,yes,"Yes, there is a backpack in the image. It's green and black and located behind the tennis player on the left side of the frame."
question_comb_8886,0,0,0.3062925,0,0.37768802,0,1.5620411e-05,1,1,1,Object-Related,Visual Understanding,Unknown,Is there a cat in the image?,yes,"Yes, there is a cat in the image! It's a black cat wearing a white bow tie."
question_comb_6919,0,0,4.7454836e-05,0,0.016015548,0,0.008157977,1,1,1,Other,Visual Understanding,Unknown,Is the yellow line shorter than the red line in the image? Yes or No,no,"No.

The yellow line and the red line appear to be the same length in the image."
question_comb_3705,0,0,0.022821285,0,0.00012061777,0,0.34315693,1,1,1,Attribute-Related,Attribute Recognition,Unknown,Is the mountain tall in this image?,"y, e, s","Yes, the mountain in the image appears to be quite tall. It dominates the background and has a significant elevation compared to the surrounding landscape. The rugged, jagged peaks suggest a substantial height."
question_comb_9758,0,0,2.5431032e-06,0,0.0009840131,0,0.02398919,1,1,1,Attribute-Related,Attribute Recognition,Unknown,Is the wall red in this image?,"y, e, s","Yes, the wall in the image appears to be red. It's made of red bricks."
question_comb_9126,0,0,0.0047619115,0,2.7279555e-07,0,0.010097024,1,1,1,Other,Visual Understanding,Unknown,is the car on top of the other being lifted by a crane?,No; the car on top of the other is not being lifted by a crane; there is no car on top of the other being lifted by a crane,"No, the car on top of the other is not being lifted by a crane. 

It appears to be a stylized, pixel art representation of vehicles arranged in a grid. The ""car"" on top is actually a flatbed truck with a car loaded onto it. The truck is designed to look like it's carrying the car."
question_comb_5845,0,0,0.0030054427,0,0.0013177702,0,0.000111540496,1,1,1,Other,General QA,Unknown,Describe this image.,"sky, sea, beach, dog","Here's a description of the image:

**Overall Impression:**

The image captures a moment of joyful movement. A dog is running along a sandy beach towards the ocean on a cloudy day. The scene has a slightly muted, atmospheric feel due to the overcast sky.

**Detailed Description:**

*   **Subject:** The main focus is a medium-sized dog with a distinctive brindle (tiger-striped) coat. It has white markings on its paws and the tip of its tail. The dog is in mid-stride, appearing to be running with energy and enthusiasm. It's wearing a dark collar.
*   **Setting:** The dog is on a wide, sandy beach. The sand is a light tan color. In the background, the ocean stretches out to the horizon. The water is choppy with small waves breaking along the shore.
*   **Atmosphere:** The sky is overcast and gray, creating a soft, diffused light. This gives the image a"
question_comb_874,0,0,0.009943627,0,8.819156e-06,0,1.882385e-08,1,1,1,Object-Related,Attribute Recognition,Unknown,How many people in the chair?,No people in the chair; There aren't any people in the chair; No people are in the chair in the image,"Based on the image, there are **no people** in the chair. It appears to be an empty, inflatable armchair."
question_comb_910,1,0,0.004162768,0,0.00047364997,1,0.61600035,0,0,1,Object-Related,Visual Understanding,Unknown,Is there a knife in this image?,"n, o","Yes, there is a knife in the image. You can see a portion of a knife blade next to the limes on the right side of the photo."
question_comb_4832,0,0,0.00013302203,0,1.2964502e-05,0,0.0008098663,1,1,1,Object-Related,Visual Understanding,Unknown,Is there a car in the image?,no,"No, there is no car visible in the image. The image shows a person cross-country skiing in a snowy, wooded area."
question_comb_6737,0,0,0.183889,0,0.28154227,0,0.016948566,1,1,1,Attribute-Related,Attribute Recognition,Unknown,Is the beach wet in this image?,"y, e, s","Yes, the beach appears to be wet in the image. You can see the wet sand and the waves coming in, indicating that the tide has been up or it has recently rained."
question_comb_3506,1,0,0.012866164,0,0.00088375504,1,0.65578943,0,0,1,Relationship,Spatial Reasoning,Unknown,Is there direct contact between the sea and forest?,"n, o","Based on the image, yes, there appears to be direct contact between the sea and the forest. 

Here's what I can see:

*   **Sea:** The ocean is visible in the background, with waves and a sandy beach.
*   **Forest:** A dense, green forest is also visible in the background, directly adjacent to the beach.

Therefore, the forest borders the beach, indicating direct contact between the sea and the forest."
question_comb_8459,0,0,0.23789045,0,0.009752618,0,0.10823064,1,1,1,Relationship,Spatial Reasoning,Unknown,Is there direct contact between the dog and frisbee?,"y, e, s","Yes, based on the image, there is direct contact between the dog and the frisbee. The frisbee is balanced on the dog's head."
question_comb_3403,0,0,0.0043822844,0,5.7426794e-05,0,2.7016407e-05,1,1,1,Object-Related,Visual Understanding,Unknown,Is there a sandwich in the image?,no,"No, there is no sandwich in the image. The image shows a person skateboarding on a concrete structure."
question_comb_277,0,0,0.0016820936,0,0.00086974644,0,2.6636167e-06,1,1,1,Other,Attribute Recognition,Unknown,Is the number of tiny purple metallic things in front of the small road bike less than the number of large green rubber school buss?,,"Let's analyze the image:

*   **Tiny purple metallic things:** There are multiple tiny purple metallic things clustered together in front of the road bike. It's difficult to count them precisely, but there appear to be at least 5-7.
*   **Large green rubber school buses:** There are zero large green rubber school buses in the image.

Therefore, the number of tiny purple metallic things (5-7) is indeed less than the number of large green rubber school buses (0).

**Answer:** Yes."
question_comb_7423,0,0,0.18626595,0,0.43840697,0,6.945657e-05,1,1,1,Attribute-Related,Attribute Recognition,Unknown,Is there one ball in this image?,"y, e, s","Yes, there is one ball in the image. It's a soccer ball being kicked by the player in the green jersey."
question_comb_8423,0,0,0.38432086,0,3.9097395e-06,0,4.7132453e-06,1,1,1,Other,Attribute Recognition,Unknown,Does the dog lie prone in this image?,"y, e, s","No, the dog in the image is not lying prone. It is sitting in the grass, looking off to the side."
question_comb_1684,0,0,0.21702668,0,0.002605085,0,0.0007979277,1,1,1,Relationship,Spatial Reasoning,Unknown,Is there direct contact between the cup and wall?,"n, o","Based on the image, it appears there is **no direct contact** between the cup and the wall. The man is holding the cup away from the wall, with a small gap between them."
question_comb_6401,0,0,0.083503835,0,2.0421255e-07,0,0.00066230027,1,1,1,Object-Related,Visual Understanding,Unknown,Is there a mountain in this image?,"n, o","No, there is no mountain in the image. The image shows a woman standing in the water with a surfboard, with waves in the background. The background appears to be a beach and ocean scene."
question_comb_1641,0,0,0.25161806,0,0.00013250866,0,0.002007586,1,1,1,Relationship,Spatial Reasoning,Unknown,Is there direct contact between the woman and banana?,"y, e, s","Yes, based on the image, there is direct contact between the woman and the banana. She is actively eating it, which involves direct contact with her mouth."
question_comb_2158,0,0,0.22566532,0,0.3832268,0,0.0004478652,1,1,1,Attribute-Related,Attribute Recognition,Unknown,Is the plate blue in this image?,"n, o","No, the plate in the image is not blue. It appears to be white or a very light color. The man is wearing a blue shirt, which might be creating a visual illusion."
question_comb_2323,0,0,0.00048723412,0,0.0007641832,0,0.41360903,1,1,1,Attribute-Related,Attribute Recognition,Unknown,Is the beach wet in this image?,"y, e, s","Based on the image, it appears the beach is **partially wet**. 

Here's what suggests that:

*   **The water line:** There's a clear line where the water meets the sand, indicating the tide has reached that point.
*   **Wet sand:** The sand closest to the water looks darker and more compacted, which is typical of wet sand.
*   **Wave in the background:** The presence of a wave suggests that the water is actively moving and has recently reached the shore.



The area where the toy car is located seems to be dry, but the overall scene indicates that the beach is experiencing some wetness."
question_comb_985,0,0,0.0069558234,0,2.5901347e-05,0,0.15101512,1,1,1,Other,Text & OCR,Unknown,Is this movie originated from the country or region of germany? Please answer yes or no.,No,No.
question_comb_7778,0,0,0.13293049,0,5.0509858e-05,0,3.071187e-06,1,1,1,Relationship,Spatial Reasoning,Unknown,Is there direct contact between the man and ship?,"n, o","No, there is no direct contact between the man and the ship in the image. The ship is visible in the background, far out on the water, and the man is on the beach. They are separated by a significant distance."
question_comb_9386,0,0,0.0020395517,0,0.00032441205,0,9.0015055e-06,1,1,1,Relationship,Spatial Reasoning,Unknown,Is there direct contact between the person and stair?,"n, o","No, there is no direct contact between the people on the motorcycles and the stairs in the image. They are on a paved area in front of the stairs."
question_comb_807,1,0,6.0978724e-05,0,4.192489e-06,1,0.8106676,0,0,1,Object-Related,Visual Understanding,Unknown,Is there a car in this image?,"n, o","Yes, there is a car in the image. It's visible in the distance down the road, appearing as a small, dark shape."
question_comb_1639,0,0,0.44200018,0,0.34059078,0,0.0,1,1,1,Other,Temporal & Video,Unknown,"According to the positive sequence of the images, is there a cat in this video? Answer in one word.",yes,Yes
question_comb_8930,0,0,2.0234897e-05,0,3.0211462e-05,0,1.4274103e-07,1,1,1,Object-Related,Attribute Recognition,Unknown,How many birds on the mushroom?,No birds are pictured; There aren't any birds on the mushroom; Zero birds are on the mushroom depicted,"Based on the image, there are **no birds** on the mushroom. 

The image depicts a fantastical scene with a large mushroom surrounded by smaller ones in a forest setting. However, there are no birds visible in the picture."
question_comb_3190,0,0,2.5006407e-06,0,0.00025492936,0,2.9883815e-06,1,1,1,Other,Visual Understanding,Unknown,Is the cross of the white dog made of diamond and gold?,The cross is not made of diamond and gold; The dog's cross is not made of diamond and gold; No,"Based on the image, it's highly unlikely that the cross worn by the white dog is made of diamond and gold. Here's why:

*   **Style and Context:** The overall aesthetic of the image is a historical portrait, reminiscent of Renaissance or Baroque art. The jewelry and clothing are designed to evoke that era. Diamond and gold jewelry of that complexity and size would be exceptionally rare and extravagant for the time period depicted.
*   **Appearance:** The cross appears to be made of a darker metal, possibly a dark bronze or iron, with what looks like dark beads or stones. The color and texture don't match the brilliance of diamonds or the luster of gold.
*   **Artistic License:** It's likely that the artist has used digital painting techniques to create the image. The materials of the jewelry are probably simulated to enhance the overall artistic effect rather than being literal representations of precious materials.

**In conclusion, the cross is most likely a digitally created"
question_comb_6219,0,0,0.20822005,0,0.00014356358,0,0.000105476734,1,1,1,Relationship,Spatial Reasoning,Unknown,Is there direct contact between the cat and bookshelf?,"y, e, s","Yes, based on the image, there is direct contact between the cat and the bookshelf. The cat is resting on the shelf itself, and its paws are touching the wood of the shelf."
question_comb_7374,0,0,8.12904e-05,0,4.0886818e-05,0,6.85263e-05,1,1,1,Other,General QA,Unknown,Describe this image.,"dog, grass","Here's a description of the image:

**Overall Impression:**

The image shows a Boxer dog running across a large, lush green lawn. The dog is the clear focal point, and the background is simple and emphasizes the dog's movement and energy.

**Details:**

*   **Subject:** A young Boxer dog with a brown and white coat. It has cropped ears and a white patch on its face. The dog is mid-stride, appearing to be running with enthusiasm. Its tongue is hanging out, suggesting it's enjoying the activity.
*   **Setting:** The dog is running on a well-maintained, bright green lawn. The grass is thick and even, providing a clean and open space.
*   **Composition:** The dog is positioned slightly off-center, moving from left to right across the frame. This creates a sense of motion and dynamism. The large expanse of green grass around the dog emphasizes its energy and freedom.
*   **"
question_comb_4093,0,0,0.001998786,0,0.0027907686,0,7.70191e-06,1,1,1,Attribute-Related,Attribute Recognition,Unknown,What is the color of the shoes the left boy is wearing?,The boy is wearing red shoes.; He is wearing red shoes.; The boy on the left is wearing red shoes.,"Based on the image, the left boy is wearing **red** shoes."
question_comb_3085,0,0,0.013847426,0,4.504863e-06,0,1.4513689e-05,1,1,1,Attribute-Related,Attribute Recognition,Unknown,Is the wall blue in this image?,"n, o","No, the wall in the image is not blue. It appears to be white or a very light off-white. The lighting in the photo might be casting a slightly cool tone, but the tiles themselves are predominantly white."
question_comb_6812,0,0,0.03992714,0,7.924173e-05,0,0.0,1,1,1,Other,Math & Calculation,Unknown,Tangent Circle at C. AB: common tangent. ∠OQB=112. What is ∠BAC? Return the numeric value.,,"Here's how to solve the problem:

**1. Find the angle at C in the smaller circle:**

*   Since OQB is a straight line, the angle QCB is supplementary to the given angle OQB.
*   ∠QCB = 180° - ∠OQB = 180° - 112° = 68°

**2. Find the angle at C in the larger circle:**

*   The angle at the center of a circle subtended by an arc is twice the angle at the circumference subtended by the same arc.
*   Since AC is a chord in the larger circle, and O is the center, ∠AOC = 2 * ∠ABC.
*   However, we don't know ∠ABC yet.

**3. Use the tangent property:**

*   The tangent line AB is perpendicular to the radius at the point of tangency (point C).
*"
question_comb_6889,0,0,0.0016243237,0,5.990283e-05,0,3.341374e-05,1,1,1,Object-Related,Visual Understanding,Unknown,Is there a sports ball in the image?,yes,"Yes, there is a sports ball in the image. It appears to be a soccer ball."
question_comb_4201,0,0,0.00011306434,0,0.00037951066,0,1.5475667e-06,1,1,1,Relationship,Spatial Reasoning,Unknown,Is there direct contact between the person and forest?,"n, o","No, there is no direct contact between the person and the forest in the image. The person is riding a motorcycle in mid-air, far above the trees."
question_comb_7956,0,0,0.08187171,1,1.0,0,0.0032113164,1,0,1,Other,General QA,Unknown,Is Medium Orchid the high median?,,"Yes, based on the bar chart provided, **Medium Orchid** has the highest bar, indicating the highest median value."
question_comb_9075,1,0,0.00021283253,0,1.5330741e-05,1,0.52237755,0,0,1,Attribute-Related,Attribute Recognition,Unknown,Is the mountain tall in this image?,"n, o","Based on the image, the mountain in the background appears to be relatively tall. It's a significant feature in the landscape, rising noticeably above the surrounding plains. However, it's difficult to determine the exact height without a reference point or scale."
question_comb_4744,0,0,0.20802826,0,0.41114953,0,0.0006453601,1,1,1,Attribute-Related,Attribute Recognition,Unknown,Is the floor clean in this image?,"y, e, s","Based on the image, the floor appears to be relatively clean. Here's what I can observe:

*   **Red rug:** There's a red rug on the floor, which could be hiding some dirt or debris.
*   **Visible floor area:** The visible areas of the floor (around the rug and near the shower) seem to be free of obvious dirt or stains.
*   **Overall impression:** The bathroom itself looks tidy, which suggests the floor is likely clean as well.

Therefore, I would say **yes, the floor appears to be clean**."
question_comb_7304,0,0,3.3912023e-05,0,5.7458128e-05,0,2.0532775e-06,1,1,1,Object-Related,Attribute Recognition,Unknown,What color is the circle of on the back wall?,There are no circles on the back wall; The back wall has no circles on it; There is a rectangle bit no circle on the back wall,"Based on the image, the circle on the back wall appears to be **light blue or a very pale turquoise**. It's a subtle color, blending with the overall cool, muted tones of the room."
question_comb_5506,1,0,0.19491677,0,0.0003560416,0,0.047036063,0,0,0,Object-Related,Visual Understanding,Unknown,Is there a beach in this image?,"n, o","Yes, there is a beach in the image. You can tell by the presence of sand and the shoreline visible in the background. The waves are breaking close to the shore, indicating a beach environment."
question_comb_4149,0,0,0.0035146365,0,1.8651197e-06,0,1.1005581e-05,1,1,1,Object-Related,Attribute Recognition,Unknown,How many green balloons are in the picture?,No green balloons are visible in the picture; There are no green balloons; The picture does not have green balloons,"Based on the image, there are **no green balloons**. The balloons are a pale yellow or cream color. The background and the water have a greenish-blue hue, but the balloons themselves are not green."
question_comb_9056,0,0,0.0024924017,0,0.011341689,0,9.472989e-05,1,1,1,Object-Related,Attribute Recognition,Unknown,How many goats are there in the image?,One; One goat is there in the image; Only one,"Based on the image, there is **one** goat. It's a white goat standing near a young child."
question_comb_2137,0,0,0.072738044,0,0.0003288036,0,0.46506253,1,1,1,Other,Visual Understanding,Unknown,Is the green circle on left larger than the green circle on the right? Yes or No,yes,Yes.
question_comb_3937,0,0,0.28517148,0,0.49327815,0,0.006596986,1,1,1,Object-Related,Visual Understanding,Unknown,Is there a cake in the image?,yes,"Yes, there is a cake in the image! It appears to be a dark chocolate cake with a creamy frosting, possibly a Guinness chocolate cake given the presence of a Guinness stout beer in the background."
question_comb_1077,0,0,0.46535116,0,0.33223176,0,0.0002470147,1,1,1,Object-Related,Visual Understanding,Unknown,Is there an apple in the image?,no,"No, there are no apples visible in the image. The image shows old railway carriages, trees, and a park-like setting."
question_comb_3114,0,0,0.00021321276,0,0.00016377517,0,0.17478545,1,1,1,Other,Math & Calculation,Unknown,Is the area of the parallelogram in the picture equal to 24? Please answer yes or no.,Yes,"Yes.

**Explanation**

The area of a parallelogram is calculated as:

Area = base * height

In the image, the base is given as 6, and the height is given as 4.

Therefore, Area = 6 * 4 = 24."
question_comb_8935,0,0,0.000118468415,0,3.285778e-08,0,1.638786e-06,1,1,1,Object-Related,Attribute Recognition,Unknown,How many toes does the serpent have on each foot?,"Both of the serpent's feet have three toes ; The serpent has 3 toes on each foot, totaling 6 toes ; The serpent has six total toes, three on each foot","Based on the image, the serpent appears to have **four toes** on each foot. They are visible at the base of the creature, and each foot has a distinct set of four clawed digits."
question_comb_1918,0,0,0.0014099441,0,0.0155449165,0,0.00016586788,1,1,1,Object-Related,Visual Understanding,Unknown,Is there a car in the image?,no,"No, there is no car visible in the image. The photo shows a man standing in what appears to be a hotel lobby."
question_comb_9480,0,0,0.0011224914,0,0.00016027264,0,0.00042197615,1,1,1,Attribute-Related,Attribute Recognition,Unknown,Are there two footballs in this image?,"n, o","No, there is only one football (soccer ball) in the image. It appears to be slightly blurred due to the motion of the child kicking it."
question_comb_7772,0,0,9.127701e-05,0,1.0801345e-07,0,3.5317327e-05,1,1,1,Object-Related,Attribute Recognition,Unknown,How many construction cones are there?,There are two construction cones ; We can see that there are two cones ; We can count two cones in this image,"Based on the image, there are **two** construction cones. They are visible on the left side of the picture."
question_comb_3954,0,0,0.000293637,0,2.7854208e-05,0,1.8812145e-05,1,1,1,Attribute-Related,Attribute Recognition,Unknown,Are there two bicycles in this image?,"n, o","No, there is not evidence of two bicycles in the image. 

The image shows a single bicycle with a black seat and a yellow frame. Parts of the handlebars and a reflector are visible, but there's no indication of a second bicycle."
question_comb_3071,1,0,0.48202246,1,0.6340057,1,0.96963376,0,1,1,Object-Related,Visual Understanding,Unknown,Is there a sports ball in the image?,yes,"No, there is no sports ball visible in the image. The people in the picture are playing badminton, and they have badminton rackets."
question_comb_1862,1,0,0.34926552,0,0.00023688583,0,0.4057616,0,0,0,Other,Math & Calculation,Unknown,"If AM=BM=CM, then is M the circumcenter of triangle ABC? Please answer yes or no.",yes,"No.

**Explanation**

*   **Circumcenter:** The circumcenter of a triangle is the point where the perpendicular bisectors of the sides of the triangle intersect. It is the center of the circumcircle, which is the circle that passes through all three vertices of the triangle.
*   **Given Information:** We are given that AM = BM = CM. This means that M is equidistant from all three vertices of the triangle.
*   **Centroid vs. Circumcenter:** A point equidistant from the vertices of a triangle is the circumcenter. However, if the triangle is equilateral, the circumcenter, centroid, incenter, and orthocenter all coincide at the same point. In this case, M is the centroid.
*   **General Case:** In a general triangle (not equilateral), the circumcenter is the intersection of the perpendicular bisectors of the sides. The centroid is the intersection of the medians (lines connecting a vertex to the midpoint of"
question_comb_749,0,0,0.17313842,0,0.3889339,0,0.0004669598,1,1,1,Other,Attribute Recognition,Unknown,Does the person cycling in this image?,"y, e, s","No, the people in the image are riding horses, not cycling. You can see them sitting on horseback along the beach."
question_comb_4238,0,0,0.19029279,0,0.41036093,0,0.00019018815,1,1,1,Object-Related,Visual Understanding,Unknown,Is there a lounge in this image?,"n, o","No, there is no lounge visible in the image. The image shows a sailboat, a kite surfer, and the ocean under a clear blue sky."
question_comb_5476,0,0,0.00021461253,0,0.0006119448,0,0.00074285717,1,1,1,Object-Related,Attribute Recognition,Unknown,Is the big white cat holding a smaller brown cat while sitting on a tree?,Yes; the big white cat is holding a smaller brown cat while sitting on a tree; the big white cat is holding a smaller brown cat,"Yes, that's a great observation! The image shows a large, white cat holding a smaller, brown cat. They are sitting on a branch or root that looks like it could be part of a tree. The scene is set in a lush, tropical environment with a rainbow in the background."
question_comb_666,0,0,0.004309318,0,0.0009911725,0,0.0016247637,1,1,1,Relationship,Spatial Reasoning,Unknown,Is there direct contact between the bird and leave?,"n, o","Based on the image, it appears there is **no direct contact** between the bird and the leaves. The bird is standing on the grass, and the leaves are slightly behind it, with a small gap between them."
question_comb_5591,0,0,0.04977082,0,6.7436254e-06,0,0.0001078548,1,1,1,Relationship,Spatial Reasoning,Unknown,Is there direct contact between the person and sea?,"n, o","No, there is no direct contact between the person and the sea in the image. The person is sitting on a bench on a paved area, with a shingle beach between them and the water."
question_comb_5382,0,0,9.2131063e-07,0,0.028885195,0,0.00033008854,1,1,1,Object-Related,Attribute Recognition,Unknown,How many people are in the image?,Two people; There are two people in the image; Two people are visible in the image,"Based on the image, there are **two** people visible. 

*   One is standing closer to the viewer in a red jacket.
*   Another, smaller figure is standing further away, closer to the giant robot.



Let me know if you'd like me to analyze anything else about the image!"
question_comb_3278,0,0,0.24050325,1,0.9813085,0,0.018757116,1,0,1,Attribute-Related,Attribute Recognition,Unknown,Is the grass withered in this image?,"y, e, s","Yes, the grass in the image appears to be withered or dry. It has a yellowish-brown color, which is typical of grass that hasn't received sufficient water or is experiencing a dry season."
question_comb_6365,0,0,0.003510539,0,3.7161997e-05,0,0.21872824,1,1,1,Other,Attribute Recognition,Unknown,Does the woman walking in this image?,"y, e, s","Yes, the woman is walking in the image. She is seen from the back, heading away from the camera along a path."
question_comb_8054,0,0,1.4695826e-07,0,3.5112746e-05,0,0.0010788975,1,1,1,Other,Knowledge & Identity,Unknown,Does this artwork belong to the type of still-life? Please answer yes or no.,No,"No.



The image depicts a painted interior of a religious space, featuring frescoes and architectural details. Still-life art focuses on inanimate objects."
question_comb_1036,0,1,0.53599787,0,0.00038676333,0,0.05936283,0,1,1,Other,Temporal & Video,Unknown,"According to the positive sequence of the images, Is this man throwing a woman into the toilet? Answer in one word.",yes,Yes.
question_comb_2960,0,0,0.004604239,0,0.021044223,0,0.0683184,1,1,1,Attribute-Related,Attribute Recognition,Unknown,Is the grass withered in this image?,"y, e, s","Yes, the grass in the image appears to be withered or dry. It has a brownish, faded color, indicating a lack of moisture or that it's a season where grass naturally turns brown."
question_comb_2373,0,0,0.0025674442,0,9.784108e-08,0,0.0016687718,1,1,1,Attribute-Related,Attribute Recognition,Unknown,Is the sky gloomy in this image?,"n, o","No, the sky in the image is not gloomy. It appears to be a clear, bright blue sky. The sunlight is reflecting off the water, creating a shimmering effect."
question_comb_9100,0,0,1.7036827e-07,0,6.5153466e-07,0,5.5385485e-08,1,1,1,Other,Text & OCR,Unknown,What is written behind the paper?,Can't answer; cannot see the other side of the image; Can't be answered,"It's impossible to tell what, if anything, is written behind the paper in the image. The image only shows the front of the paper, and there's no transparency or indication of what might be on the other side."
question_comb_5509,0,0,4.480661e-05,0,6.854702e-05,0,6.7003886e-05,1,1,1,Attribute-Related,Attribute Recognition,Unknown,Is the tree withered in this image?,"n, o","No, the tree in the image does not appear withered. It has lush, green foliage and looks healthy. It's a large, vibrant tree providing shade over the wooden structure and people below."
question_comb_9109,0,1,0.80742973,1,0.99756145,1,0.9293323,0,0,0,Other,Math & Calculation,Unknown,The area of B is 16 and the of area of C is 9. Is the area of square A smaller than 25? Please answer yes or no.,yes,"Here's how to solve this problem:

**Understanding the Diagram**

The diagram shows three squares (A, B, and C) arranged in a way that they share sides. This arrangement forms a right triangle.

**Using the Pythagorean Theorem**

*   Let the side length of square A be 'a'.
*   Let the side length of square B be 'b'.
*   Let the side length of square C be 'c'.

We know:

*   Area of B = b² = 16  => b = 4
*   Area of C = c² = 9  => c = 3

From the diagram, we can see that the side length of square A is the hypotenuse of a right triangle with sides b and c. Therefore, by the Pythagorean theorem:

a² = b² + c²
a² = 4² + 3²
a² = 16 +"
question_comb_495,0,0,0.0025674442,0,7.936182e-05,0,0.004711777,1,1,1,Relationship,Spatial Reasoning,Unknown,Is there direct contact between the bench and grass?,"y, e, s","Yes, based on the image, it appears there is direct contact between the bench and the grass. The bench is sitting on a grassy area, and there's no visible barrier or platform separating it from the grass."
question_comb_2305,0,0,8.855234e-05,0,3.889478e-05,0,5.351868e-06,1,1,1,Object-Related,Attribute Recognition,Unknown,How many stairs are there?,Three; Three stairs; There are three stairs,"Based on the image, there are **five** stairs leading up to the cabin on top of the trailer."
question_comb_6346,1,1,0.5956051,1,0.9313952,1,0.5523839,1,1,1,Object-Related,Visual Understanding,Unknown,Is there a chair in the image?,no,"Yes, there is a chair visible in the image. It's reflected in the mirror and appears to be a wooden chair with a light-colored cushion."
question_comb_797,0,0,0.0048483973,0,0.0011940856,0,1.0366496e-05,1,1,1,Other,General QA,Unknown,"If Algae decreased, what would most seriously be affected?",,"Here's the breakdown of how a decrease in algae would impact the food web shown in the image:

*   **Algae are the primary producers:** They are at the very bottom of the food web, meaning they are the base of the entire system.
*   **Rotifers eat algae:** The diagram shows a direct link between algae and rotifers.
*   **Artemia and Mysid eat rotifers:** These organisms rely on rotifers as a food source.
*   **Young Seahorses and Seahorses eat Artemia and Mysid:** These are the top predators in this food web.

**Therefore, if algae decreased, the Rotifer population would be most seriously affected.** This would then have cascading effects on the Artemia, Mysid, Young Seahorse, and Seahorse populations as their food source dwindles.



Let me know if you'd like to explore any other aspects of this food web!"
question_comb_7195,1,0,0.4586899,1,0.84829587,0,0.02166813,0,1,0,Object-Related,Visual Understanding,Unknown,Is there a truck in the image?,no,"Yes, there is a truck in the image. It's visible in the distance, further down the road, among the other vehicles."
question_comb_3991,0,0,0.043497548,0,3.466194e-05,0,0.00025335196,1,1,1,Object-Related,Visual Understanding,Unknown,Is there a car in the image?,no,"No, there is no car in the image. The image shows a group of people skiing or hiking in a snowy, mountainous landscape."
question_comb_2155,0,0,0.00762336,0,5.3002394e-05,0,0.0013217579,1,1,1,Object-Related,Visual Understanding,Unknown,Is there a car in the image?,no,"No, there is no car in the image. The image shows a burger, sweet potato fries in a metal bucket, a small cup of sauce, and glasses of water on a red table."
question_comb_5645,0,0,7.767565e-07,0,0.10477115,0,4.428328e-06,1,1,1,Object-Related,Attribute Recognition,Unknown,How many galaxy lighting are there in the image?,Three; There are three galaxy ligthing in the image; 3.,"Based on the image, I can see **three** galaxy-style lighting fixtures. They are the hanging chandeliers with a distinctive, swirling design."
question_comb_5959,0,0,0.0011817979,0,1.1373311e-05,0,0.49904245,1,1,1,Attribute-Related,Attribute Recognition,Unknown,Is the mountain tall in this image?,"y, e, s","Yes, the mountain in the image appears to be quite tall. Here's why:

*   **Perspective:** The mountain is far away, which makes it seem even taller relative to the water and the swan.
*   **Relative Size:** Compared to the swan, which is a relatively large bird, the mountain dwarfs it in size.
*   **Sharp Peak:** The mountain has a distinct, pointed peak, which adds to the impression of height.



Overall, the image conveys a sense of a large, imposing mountain dominating the landscape."
question_comb_3301,0,0,0.017664583,0,8.517633e-05,0,0.004724361,1,1,1,Other,Knowledge & Identity,Unknown,Is the actor inside the red bounding box named Harrison Ford? Please answer yes or no.,Yes,Yes.
question_comb_4950,0,0,0.010096585,0,5.8407782e-05,0,1.0820005e-05,1,1,1,Object-Related,Attribute Recognition,Unknown,How many street lights are in the image?,One; One street light in the image; Only one,"Based on the image, there is **one** street light visible. It's the tall, dark pole with a lantern-like fixture in front of the castle-like structure."
question_comb_5400,0,0,0.29800946,1,0.9808523,0,0.0014698488,1,0,1,Object-Related,Visual Understanding,Unknown,Is there a person in this image?,"n, o","No, there doesn't appear to be a person visible in the image. There is a boat in the water, but no people are present on it or along the shoreline."
question_comb_2790,0,0,0.18389621,0,3.273921e-05,0,0.00042407552,1,1,1,Object-Related,Visual Understanding,Unknown,Is there a microwave in the image?,no,"No, there is no microwave in the image. The image shows a person kitesurfing on the ocean with a kite in the sky and a rocky island in the background."
question_comb_307,1,0,0.0066199596,0,1.7662403e-05,0,0.20282844,0,0,0,Relationship,Spatial Reasoning,Unknown,Is the light above the fire hydrant in the image? Please answer yes or no.,Yes,No.
question_comb_7190,0,0,2.4619277e-07,0,5.464322e-08,0,3.9663963e-05,1,1,1,Attribute-Related,Attribute Recognition,Unknown,What is the color of the walls?,The walls are white in color; White color; The color of the walls is white,"Based on the image, the walls are **white**. They appear to be a very clean, bright white with a smooth, reflective surface."
question_comb_9062,0,0,1.08720005e-05,0,7.26898e-05,0,0.004470022,1,1,1,Relationship,Spatial Reasoning,Unknown,Is there direct contact between the hydrant and grass?,"y, e, s","Yes, based on the image, there appears to be direct contact between the hydrant and the grass. The hydrant is sitting on the grass, and the grass is growing right up to its base."
question_comb_708,0,0,5.2724463e-08,0,0.0052023865,0,3.7895683e-05,1,1,1,Other,Visual Understanding,Unknown,"Does the red glow from her eyes illuminate the falling raindrops, creating an eerie atmosphere?","The red glow from her eyes does not illuminate the falling raindrops, creating an eerie atmosphere; No, it does not; No","Let's analyze the image to see if the red glow from her eyes illuminates the falling raindrops and creates an eerie atmosphere.

**Here's what I observe:**

*   **Red Glow:** Yes, there is a distinct red glow emanating from her eyes. It's a key feature of the image.
*   **Raindrops:** The image clearly shows falling raindrops.
*   **Illumination of Raindrops:** While the red glow is present, it **doesn't appear to be strongly illuminating the raindrops.** The raindrops are primarily lit by the overall ambient light of the scene, which is a cool, dark green. You can see the raindrops, but they don't have a noticeable red tint from the eye glow.
*   **Eerie Atmosphere:** Absolutely! The combination of the dark, wet environment, the intense gaze, the dark clothing, and the red eye glow *does* create a very eerie and unsettling atmosphere. It suggests a supernatural or powerful"
question_comb_5718,1,0,0.209736,0,1.6679107e-05,0,0.3002677,0,0,0,Other,General QA,Unknown,"According to the map, does the prime meridian intersect the Pacific Ocean, Southern Ocean, and Arctic Ocean?",no,"Let's analyze the map to determine if the prime meridian intersects the Pacific Ocean, Southern Ocean, and Arctic Ocean.

*   **Prime Meridian:** The prime meridian is represented by the 0° longitude line on the map.
*   **Pacific Ocean:** The 0° longitude line does pass through the Pacific Ocean.
*   **Southern Ocean:** The 0° longitude line does pass through the Southern Ocean.
*   **Arctic Ocean:** The 0° longitude line does not pass through the Arctic Ocean. It is located south of the Arctic Ocean.

**Therefore, the prime meridian intersects the Pacific Ocean and the Southern Ocean, but not the Arctic Ocean.**"
question_comb_8028,0,0,0.001028667,0,2.8467022e-05,0,1.5947224e-06,1,1,1,Object-Related,Visual Understanding,Unknown,Which blimp is biggest?,There are no blimps in this image.,"Based on the image, the blimp on the left side of the frame appears to be the biggest. It's positioned further away, which gives the impression of greater size compared to the smaller blimp in the distance on the right."
question_comb_2343,0,0,0.26400614,0,0.006687866,0,4.552715e-05,1,1,1,Other,General QA,Unknown,Describe this image.,"ship, beach, sea, mountain, sky, cloud, island","Here's a description of the image:

**Overall Impression:**

The image captures a serene and picturesque coastal scene. It evokes a sense of tranquility and natural beauty.

**Detailed Description:**

*   **Foreground:** The foreground is dominated by a pebble beach. The pebbles are a mix of colors – grays, browns, and whites – creating a textured surface. A small, green and white rowboat rests on the beach, slightly angled towards the water. A rope is visible leading from the boat towards the lower left corner of the frame.
*   **Midground:** The calm, turquoise water of the sea stretches out towards a rocky headland. The water is clear and reflects the sky.
*   **Background:** The headland is a mix of rocky outcrops and a small, forested hill. The vegetation appears to be low-lying shrubs and trees, mostly green. The sky is a clear, bright blue with a few wispy clouds.
*   **"
question_comb_8790,0,0,0.0021904267,0,0.00042323975,0,0.0010893532,1,1,1,Object-Related,Visual Understanding,Unknown,Is there a knife in the image?,yes,"Yes, there is a knife in the image. It's a folding knife located on the left side of the frame."
question_comb_6084,0,0,0.0008873093,0,0.0011839004,0,0.00039301135,1,1,1,Relationship,Spatial Reasoning,Unknown,Is there direct contact between the forest and plane?,"n, o","No, there is no direct contact between the forest and the plane in the image. 

Here's why:

*   **Distance:** The plane is flying in the sky, well above the treetops of the forest.
*   **Ground Barrier:** There's a grassy area (likely an airfield or part of the airport) between the forest and where the plane is positioned.
*   **Visual Separation:** The image clearly shows a significant visual separation between the plane and the forest.



Let me know if you'd like me to analyze anything else in the image!"
question_comb_2304,0,0,0.0086651,0,0.0001137774,0,0.041642085,1,1,1,Relationship,Spatial Reasoning,Unknown,Is there direct contact between the bath and toilet?,"n, o","Based on the image, it appears there is **no direct contact** between the bathtub and the toilet. There's a clear gap between the two fixtures."
question_comb_7269,0,0,0.0014022285,0,0.00011857318,1,0.5344959,1,1,0,Attribute-Related,Attribute Recognition,Unknown,Is the guardrail short in this image?,"y, e, s","Yes, the guardrail in the image appears to be quite short. It consists of a few short posts with a rope strung between them. It doesn't offer much in the way of a physical barrier."
question_comb_2005,0,0,0.0010162174,0,9.299825e-05,0,4.896505e-07,1,1,1,Object-Related,Attribute Recognition,Unknown,How many birds are in the sky?,There are no birds in the sky in this image; There are no birds in the sky; None,"Based on the image, there are **three** birds visible in the sky. They appear as white, cloud-like shapes."
question_comb_7112,0,0,6.7992085e-05,0,1.1989954e-05,0,4.907706e-06,1,1,1,Object-Related,Attribute Recognition,Unknown,How many white dots are present in the sky?,There are 3 white dots present in the sky; 3 white dots are visible in the picture; The picture contains 3 white dots in the sky,"Based on the image, there appear to be **two** white dots in the sky."
question_comb_5221,0,0,0.001577613,0,0.00049412774,0,0.000110529574,1,1,1,Other,Math & Calculation,Unknown,如图，在△ABC中，AD⊥BC于D，AB＝17，BD＝15，DC＝6，则AC的长为（）,,"在△ABD中，AD⊥BC，所以△ABD是直角三角形。
根据勾股定理，有AB² = AD² + BD²
17² = AD² + 15²
289 = AD² + 225
AD² = 289 - 225 = 64
AD = √64 = 8

在△ADC中，AD⊥BC，所以△ADC是直角三角形。
根据勾股定理，有AC² = AD² + DC²
AC² = 8² + 6²
AC² = 64 + 36
AC² = 100
AC = √100 = 10

所以AC的长为10。

Final Answer: The final answer is $\boxed{10}$"
question_comb_2289,0,0,0.0015194186,0,0.0025027453,0,0.038828157,1,1,1,Other,Visual Understanding,Unknown,Is the bottle in this image capped with a stopper?,"Yes, the bottle in this image does have a stopper; There is a stopper at the top of the bottle; Yes, it is","Yes, the bottle in the image is capped with a stopper. You can see a cork-like stopper at the top of the bottle."
question_comb_9388,0,0,0.0020137948,0,1.3207524e-05,0,0.00013324608,1,1,1,Object-Related,Visual Understanding,Unknown,Is there a cake in this image?,"n, o","No, there is no cake in the image. The image shows a cup of coffee with latte art on a saucer, sitting on a wooden surface."
question_comb_7769,0,0,0.00045872573,0,1.8389181e-06,0,3.5683672e-06,1,1,1,Object-Related,Visual Understanding,Unknown,Who is following the person at the forefront of the picture?,There is no one following the person pictured.,"Based on the image, it appears there is **no one** following the person at the forefront. The background shows a vast, desolate desert landscape with sparse vegetation, but no other figures are visible. 

The person in the foreground is the sole individual in the image."
question_comb_3649,0,0,2.001946e-05,0,2.7737672e-06,0,0.00011071058,1,1,1,Other,Visual Understanding,Unknown,Are the fish swimming inside the houses instead of alongside the whale?,No; The fish are not swimming inside the houses; there are no fish swimming inside the houses.,"You've got a keen eye! Yes, you're right. In this surreal and dreamlike image, the fish aren't swimming alongside the whale. They appear to be swimming *inside* the buildings and houses lining the narrow street. 

It's a very unusual and striking detail that contributes to the overall fantastical and slightly unsettling atmosphere of the artwork."
question_comb_5465,1,1,0.66284573,1,0.59585047,1,0.9979607,1,1,1,Object-Related,Visual Understanding,Unknown,Is there a car in the image?,no,"Yes, there is a car in the image. It's visible on the television screen. The game being played appears to be a racing game, and a car is displayed on the screen."
question_comb_4115,1,0,0.07889246,0,7.514502e-05,1,0.9872026,0,0,1,Object-Related,Visual Understanding,Unknown,Is there a sports ball in the image?,no,"Yes, there is a sports ball in the image. It appears to be a brown soccer ball or football resting on the bed near the pillows."
question_comb_4058,0,0,0.00056375674,0,3.1497456e-07,0,1.8411362e-06,1,1,1,Object-Related,Visual Understanding,Unknown,Is there a person in the image?,yes,"Yes, there is a person in the image. It appears to be an older man sitting on a bench outside a building. He is using an umbrella to shield himself from the sun or rain."
question_comb_3533,0,0,0.0002916705,0,0.028145486,0,9.180416e-05,1,1,1,Object-Related,Attribute Recognition,Unknown,How many benches are in the image?,Three; Three benches are there in the image; Only Three,"Based on the image, there are **three** benches. They are arranged in a row and appear to be made of wood with black metal frames."
question_comb_2062,0,0,0.32394537,0,1.1926353e-05,0,0.0118702175,1,1,1,Other,Math & Calculation,Unknown,"The two interior angle bisectors OB and OC of triangle ABC intersect at point O. If angle A is 110 degree, then is the angle BOC equal to 145 degree? Please answer yes or no.",yes,"Yes.

Here's the explanation:

*   **Angle Bisectors:** Since OB and OC are angle bisectors, we know that ∠OBC = ∠ABC/2 and ∠OCB = ∠ACB/2.
*   **Triangle Sum:** The sum of the angles in triangle ABC is 180 degrees. So, ∠ABC + ∠ACB + ∠BAC = 180°.
*   **Given Angle:** We are given that ∠BAC = 110°. Therefore, ∠ABC + ∠ACB = 180° - 110° = 70°.
*   **Angle BOC:** In triangle BOC, the sum of the angles is also 180 degrees. So, ∠BOC + ∠OBC + ∠OCB = 180°.
*   **Substitution:** We can substitute ∠OBC = ∠ABC/2 and ∠OCB = ∠ACB/2 into the equation"
question_comb_8025,0,0,0.0029507126,0,0.01643371,0,3.304084e-06,1,1,1,Relationship,Spatial Reasoning,Unknown,Is there direct contact between the person and motorbike?,"y, e, s","Yes, there is direct contact between the person and the motorbike in the image. The person is riding the motorbike and is clearly in physical contact with the seat, handlebars, and footpegs."
question_comb_4550,0,0,0.00079956953,0,0.00021546446,0,7.804031e-06,1,1,1,Object-Related,Visual Understanding,Unknown,Is there a tissue in this image?,"n, o","No, there is no tissue in the image. The image shows a bouquet of flowers in a vase on a checkered tablecloth."
question_comb_5296,0,0,0.0030322399,0,2.1785518e-05,0,1.5191852e-05,1,1,1,Relationship,Spatial Reasoning,Unknown,Is there direct contact between the person and mountain?,"n, o","No, there is no direct contact between the person and the mountain in the image. The person is standing on skis on a vast expanse of snow, with the mountain visible in the background. They are separated by a significant distance and a layer of snow."
question_comb_8543,0,0,0.00058863405,0,0.00038283603,0,1.05782465e-05,1,1,1,Object-Related,Visual Understanding,Unknown,Is there a person in the image?,yes,"Yes, there are multiple people in the image. Here's what I can identify:

*   **Two people** are working near the orange cones and what appears to be a utility hole. They are wearing high-visibility vests.
*   **One person** is walking on the sidewalk near the ice cream truck.
*   **Several people** are visible in the background, standing near the building.
*   **Part of a person** is visible in the lower left corner of the image, behind the yellow taxi.



Let me know if you want me to look for anything else in the image!"
question_comb_9820,0,0,0.42195284,0,0.00014972671,0,0.022136113,1,1,1,Other,Knowledge & Identity,Unknown,Is the person inside the red bounding box called Robert Ryan? Please answer yes or no.,Yes,Yes.
question_comb_4097,0,0,2.0498128e-05,0,0.003291676,0,0.0002177181,1,1,1,Relationship,Spatial Reasoning,Unknown,Is there direct contact between the fish and lake?,"y, e, s","Yes, based on the image, there is direct contact between the fish and the lake. The fish are swimming within the water, and their bodies are submerged. The ripples on the surface of the water are likely caused by their movement."
question_comb_9327,0,0,6.5027784e-06,0,5.081963e-06,0,1.3480882e-06,1,1,1,Object-Related,Visual Understanding,Unknown,Is the woman's body covered in paint in the image?,Yes; the woman's body is covered in paint in the image; her body is covered in paint.,"Yes, it appears the woman's body is covered in paint in the image. The paint is dripping and pooling, suggesting it's a thick, wet medium. The vibrant colors and glossy texture further support this observation."
question_comb_9452,0,0,1.976515e-06,0,4.6302584e-06,0,0.0005025848,1,1,1,Other,Visual Understanding,Unknown,Do those things on top of the cake look like pawns or bishops in a chess set?,They look more like pawns; Pawns because of the round tops Bishops have more of an oblong to pointy top ; They look more like perfume bottles,"Yes, the figures on top of the cake definitely look like chess pawns and bishops! They're stylized and whimsical, but the resemblance is clear. It's a charming and creative cake decoration."
question_comb_7417,0,0,0.00033697672,0,0.00021363971,0,1.5107478e-05,1,1,1,Object-Related,Visual Understanding,Unknown,Is there a person in the image?,yes,"Yes, there are multiple people in the image. 

Here's what I can see:

*   **One person** is standing on the truck's bed, partially obscured by the barrel.
*   **Several people** are visible in the background, near the tents and trees.
*   **A person** is visible in the front left of the image, partially obscured by another car.



Let me know if you want me to look for anything else in the image!"
question_comb_8321,0,0,0.0015918866,0,4.9646997e-06,0,4.8577654e-06,1,1,1,Object-Related,Visual Understanding,Unknown,Is there a baseball glove in the image?,no,"No, there is no baseball glove visible in the image. The image shows an airplane at an airport gate, with ground crew and equipment around it."
question_comb_4720,0,0,2.5150835e-05,0,0.004277652,0,5.411309e-06,1,1,1,Other,Visual Understanding,Unknown,Does the humanoid figure have a green antenna protruding from its forehead?,No; There is no green antenna protruding from its forehead; The humanoid figure does not have a green antenna,"No, the humanoid figure in the image does not have a green antenna protruding from its forehead. 

Instead, it has a complex, organic-looking structure on its head with various circles, spheres, and what appear to be technological elements integrated into its skin. There are also some yellow streaks or lines that appear to be coming from behind the figure, but they are not antennas."
question_comb_2723,0,0,2.0323124e-07,0,4.5127144e-05,0,1.3191411e-05,1,1,1,Other,Text & OCR,Unknown,What color is the tail of the cat on the right hand side of the image?,The cats tail is not visible ; It’s tail is not shown ; There’s no way to tell it’s color because it’s not there,"Based on the image, the cat on the right-hand side has a **brown and white** tail. It's mostly brown with white markings."
question_comb_6885,0,0,0.022586975,0,0.0010414311,0,5.0327776e-06,1,1,1,Object-Related,Visual Understanding,Unknown,Is there a kite in the image?,yes,"Yes, there are several kites in the image! 

Here's what I can see:

*   **A large octopus kite:** It's blue and black with prominent tentacles.
*   **A shark kite:** It's yellow with a white belly and a shark face.
*   **A jellyfish kite:** It's black with a rainbow-colored body and trailing streamers.

There are also some other smaller kites visible in the background."
question_comb_4339,1,0,0.37094557,0,0.00013470808,1,0.50670415,0,0,1,Other,Temporal & Video,Unknown,"According to the positive sequence of the images, are they skating to right? Answer in one sentence.",yes,"No, the images show a person falling and being helped up, not skating to the right."
question_comb_756,0,0,5.8066293e-05,0,0.13341951,0,6.2461586e-06,1,1,1,Object-Related,Visual Understanding,Unknown,Does the image show a glass bottle with a blue liquid inside?,Yes; the image shows a glass bottle with a blue liquid inside; the image shows a glass bottle with blue liquid,"No, the image does not show a glass bottle with a blue liquid inside. It shows a glass bottle with what appears to be blue marbles or glass beads inside. The bottle is also decorated with an octopus sculpture wrapping around it."
question_comb_9592,0,0,0.40928912,0,5.877717e-06,0,0.39075866,1,1,1,Other,Temporal & Video,Unknown,"They are skating to right. According to the positive sequence of the images, are they in the correct order? Answer in one sentence.",no,"Yes, the images appear to be in the correct order, showing a person assisting another person who is lying on the ground to stand up and then move forward, likely while skating."
question_comb_5941,0,0,0.00157897,0,5.716226e-06,0,8.590849e-06,1,1,1,Object-Related,Attribute Recognition,Unknown,How many pearls are on the woman's necklace?,The woman is not wearing a necklace.,"Based on the image, the woman is not wearing a necklace. She appears to be digitally enhanced with a network of glowing lines and shapes overlaid on her form."
question_comb_2309,0,0,0.0058381977,0,3.88146e-06,0,3.2870295e-07,1,1,1,Object-Related,Visual Understanding,Unknown,Is there a sports ball in the image?,yes,"Yes, there is a sports ball in the image. It appears to be a soccer ball, floating in the air."
question_comb_7564,0,0,8.083148e-05,0,0.1753021,0,0.0005823192,1,1,1,Relationship,Spatial Reasoning,Unknown,Is there direct contact between the person and camera?,"y, e, s","Yes, based on the image, there is direct contact between the person and the camera. The person is holding the camera up to their face and eyes, clearly interacting with it."
question_comb_3322,0,0,0.0004931112,0,0.012339877,0,8.0280384e-05,1,1,1,Other,Math & Calculation,Unknown,如图，在△ABC中，AD是∠BAC的平分线，DE⊥AC，垂足为E，若AB＝12，DE＝4，则△ABD的面积是（）,,"Let $AB = 12$, $DE = 4$.
Since $AD$ is the angle bisector of $\angle BAC$, we have $\angle BAD = \angle CAD$.
Also, $DE \perp AC$, so $\angle AED = 90^\circ$.
Let $DF \perp AB$, where $F$ is a point on $AB$.
Since $AD$ is the angle bisector of $\angle BAC$, the distance from $D$ to $AB$ is equal to the distance from $D$ to $AC$.
Thus, $DE = DF$.
Since $DE = 4$, we have $DF = 4$.
The area of $\triangle ABD$ is $\frac{1}{2} \times AB \times DF = \frac{1}{2} \times 12 \times 4 = 24$.

The area of $\triangle ADC$ is $\frac{1}{2}"
question_comb_7700,0,0,0.28639197,1,0.79907876,0,0.020675542,1,0,1,Attribute-Related,Attribute Recognition,Unknown,Is there one knife in this image?,"y, e, s","Yes, there is one knife in the image. It's lying horizontally on the plate, next to the fork."
question_comb_2430,0,0,0.0003826392,0,1.3440891e-05,0,6.976001e-07,1,1,1,Relationship,Spatial Reasoning,Unknown,Is there direct contact between the dog and toy?,"y, e, s","Based on the image, there is **no direct contact** between the dog and the toy. The dog is running towards the toy, but they are not touching."
question_comb_9301,0,0,0.28044546,0,0.0007836583,0,7.3308483e-06,1,1,1,Relationship,Spatial Reasoning,Unknown,Is there direct contact between the person and ship?,"n, o","No, there is no direct contact between the person (the surfer) and the ship in the image. The surfer is riding a wave close to the ocean, while the ship is further out at sea. They are separated by a significant distance of water."
question_comb_8435,0,0,0.00055963703,0,0.0005157865,0,0.00080742355,1,1,1,Other,Knowledge & Identity,Unknown,Is the actor inside the red bounding box named Julie Andrews? Please answer yes or no.,Yes,Yes.
question_comb_5377,0,0,0.0014557559,0,2.5545578e-05,0,0.013264511,1,1,1,Other,Knowledge & Identity,Unknown,Is this photo taken in a place of valley? Please answer yes or no.,No,"No.



The photo shows Sedona, Arizona, and the Chapel of the Holy Cross built into the red rock formations. It's a mountainous landscape, not a valley."
question_comb_1329,0,0,0.0028478235,0,0.00015295943,0,0.00013394929,1,1,1,Attribute-Related,Attribute Recognition,Unknown,Is the grass withered in this image?,"n, o","Based on the image, the grass does not appear to be withered. It looks green and healthy, although it's a bit distant and the color might be slightly muted due to the lighting conditions."
question_comb_450,0,0,0.00012175393,0,1.6491036e-07,0,0.008967528,1,1,1,Object-Related,Visual Understanding,Unknown,Is there a table in this image?,"n, o","No, the image shows a small wooden bench, not a table. It has a backrest and a seat, and it's painted a light blue color."
question_comb_333,0,0,0.227584,0,1.3994047e-05,0,0.004236099,1,1,1,Relationship,Spatial Reasoning,Unknown,Is there direct contact between the forest and grass?,"y, e, s","Yes, based on the image, there is direct contact between the forest and the grass. The edge of the forest is lined with tall grass and other vegetation, indicating they are directly adjacent to each other."
question_comb_1562,0,0,0.2450976,1,0.99330056,0,0.0022959646,1,0,1,Attribute-Related,Attribute Recognition,Unknown,Is the cup brown in this image?,"y, e, s","Yes, the cup in the image appears to be brown. It has a dark brown color with a textured, possibly wooden, appearance."
question_comb_6874,0,0,0.20931181,0,0.002949289,0,0.008587735,1,1,1,Relationship,Spatial Reasoning,Unknown,Is there direct contact between the dog and tennis?,"n, o","No, there is no direct contact between the dog and the tennis equipment (racquet and ball) in the image. The dog is sitting near them, but there's a clear space between the dog and the tennis ball and racquet."
question_comb_1839,0,0,0.0005324579,0,2.883203e-05,0,3.145934e-05,1,1,1,Object-Related,Visual Understanding,Unknown,What's in his pocket?,We can't see inside of his pocket.,"Based on the image, the man has a **pen** in his pocket. It's visible sticking out from the pocket of his gray t-shirt."
question_comb_1107,0,0,0.00030241298,0,7.128122e-06,0,2.5652967e-05,1,1,1,Object-Related,Attribute Recognition,Unknown,How many trees are pictured?,3; Three; Three trees,"Based on the image, I can see **two** trees. 

There's a larger, more prominent tree in the background, and a smaller bush-like tree to the right of the cats."
question_comb_7755,0,0,0.36844498,0,0.01627882,0,0.4928816,1,1,1,Other,Temporal & Video,Unknown,"According to the positive sequence of the images, Is he running clockwise? Answer in one sentence.",yes,"Yes, based on the sequence of images, the fighter appears to be rotating clockwise."
question_comb_9436,0,0,0.0019280987,0,0.000682431,0,5.008909e-07,1,1,1,Object-Related,Visual Understanding,Unknown,Is there a sports ball in the image?,yes,"Yes, there is a sports ball in the image. It's a tennis ball, visible in mid-air as the player is hitting it."
question_comb_2282,0,0,0.20762035,1,0.54926735,1,0.5878674,1,0,0,Attribute-Related,Attribute Recognition,Unknown,Is the beach flat in this image?,"y, e, s","Based on the aerial view in the image, the beach appears to be relatively flat, especially the area further away from the water. However, there are some subtle undulations and patterns in the sand, likely caused by the movement of water and wind. 

Here's a breakdown:

*   **Near the water:** There are visible ripples and channels carved into the sand by the waves, indicating some variation in elevation.
*   **Further inland:** The sand appears smoother and more uniform, suggesting a flatter surface.
*   **Overall:** While not perfectly level, the beach seems generally flat, which is typical for many coastal areas.



Let me know if you'd like me to analyze any other aspects of the image!"
question_comb_7734,0,0,0.0026636727,0,0.00038439324,0,0.0017100549,1,1,1,Object-Related,Visual Understanding,Unknown,Is there a baseball glove in the image?,no,"No, there is no baseball glove in the image. The object that looks like a glove is actually a helmet. It's a gray helmet with a visible strap and some details that are characteristic of ski or snowboard helmets."
question_comb_7087,0,0,7.896722e-05,0,0.00042761004,0,0.00061400014,1,1,1,Other,Visual Understanding,Unknown,Does the girl wear a futuristic suit that merges with the cityscape?,No; the girl is not wearing a futuristic suit; the suit does not merge with the cityscape.,"No, the girl in the image does not wear a futuristic suit that merges with the cityscape. She is wearing a casual outfit consisting of a light blue t-shirt, dark pants, and a backpack. 

The cityscape itself is fantastical and densely packed with buildings of various styles and colors, creating a unique and almost surreal environment. However, the girl's clothing is quite ordinary and doesn't blend into the background."
question_comb_2463,0,0,0.005560994,0,0.00090042735,0,0.0036135488,1,1,1,Object-Related,Visual Understanding,Unknown,Is there a sports ball in the image?,no,"No, there is no sports ball visible in the image. The image shows a breakfast plate with an omelet, hash browns, and a bagel, along with some coffee cups and cutlery."
question_comb_2853,0,0,0.0011213089,0,0.18722561,0,5.8608923e-05,1,1,1,Other,General QA,Unknown,Describe this image.,"sky, cloud, grass, bench, sign, water, waterfront","Here's a description of the image:

**Overall Impression:**

The image is a wide, outdoor shot featuring a wooden signpost pointing towards ""THE START"" under a bright blue sky with fluffy white clouds. The scene has a slightly desolate, open feel.

**Detailed Description:**

*   **Foreground:** The foreground is dominated by a field of dry, brown grass and low-lying vegetation. There's a visible track or path cutting through the grass, suggesting some level of human or animal activity.
*   **Signpost:** The main focal point is a rustic wooden signpost. It's made of dark, weathered wood and has a bright green rectangular sign attached to it. The sign reads ""TO THE START"" with a right-pointing arrow. The signpost is firmly planted in the ground.
*   **Background:** The background is a vast expanse of sky. It's a vibrant blue with scattered, puffy white clouds. The horizon is visible"
question_comb_8562,0,0,0.14646225,0,0.0006077109,0,0.0017317233,1,1,1,Relationship,Spatial Reasoning,Unknown,Is there direct contact between the person and volleyball?,"y, e, s","Based on the image, it appears there is **direct contact** between the volleyball and the hands of the person in the black shirt. His hands are raised and positioned directly above the ball, suggesting he is attempting to block or hit it."
question_comb_3115,0,0,3.3641674e-05,0,8.1087103e-07,0,4.00668e-06,1,1,1,Other,Visual Understanding,Unknown,Are they holding shopping bags with their mouths?,No; They are not holding shopping bags with their mouths; They are not.,"No, the dogs in the image are not holding shopping bags with their mouths. They are styled in cool, fashionable outfits with sunglasses and a hood, creating a stylish and somewhat humorous portrait."
question_comb_7298,0,1,0.8121592,1,0.82709885,0,0.23590173,0,0,1,Relationship,Spatial Reasoning,Unknown,Is the blue umbrella under the black umbrella? Please answer yes or no.,Yes,Yes.
question_comb_8955,0,0,0.00018561611,0,8.168854e-06,0,3.404322e-05,1,1,1,Object-Related,Attribute Recognition,Unknown,How many men are looking at the photo?,There is one man in the image looking at the photo ; One man looks at this photograph ; The image includes one man looking at the photo,"Based on the image, there is **one** man looking at the scene within the square opening. 

It's a clever visual trick, as the viewer is also looking at the same scene, but the image specifically depicts a single man as the subject."
question_comb_9054,0,0,0.0007615802,0,2.3728775e-07,0,8.4383806e-05,1,1,1,Relationship,Spatial Reasoning,Unknown,Is there direct contact between the cat and ground?,"y, e, s","Yes, based on the image, there is direct contact between the cat and the ground. The cat is lying flat on the paved surface, with its paws and body making contact with the bricks."
question_comb_781,0,0,0.0040621874,0,0.061287146,0,0.00031535813,1,1,1,Object-Related,Visual Understanding,Unknown,Is there a tree in this image?,"n, o","No, there is no tree visible in the image. The photo shows two giraffes against a blue sky with some clouds."
question_comb_5658,0,0,0.0020923694,0,0.00013079062,0,0.005811281,1,1,1,Relationship,Spatial Reasoning,Unknown,Is there direct contact between the road and car?,"n, o","Based on the image, it appears there is **no direct contact** between the road and the car. The car is a distance away from the intersection and is not touching the road in the immediate vicinity of the stop sign."
question_comb_2288,0,0,0.21702668,0,0.002605085,0,3.0365414e-05,1,1,1,Attribute-Related,Attribute Recognition,Unknown,Are there three urinals in this image?,"n, o","No, there are only two urinals visible in the image."
question_comb_4712,0,0,4.6454683e-05,0,0.000992441,0,0.0041692443,1,1,1,Other,Visual Understanding,Unknown,Does the window have a tree outside of it?,"A tree is indeed present behind the glass; Yes, there is a tree behind the glass; Yes","Yes, based on the image, there is a tree visible outside the window. It appears to be a leafy tree with a blurred, soft focus, suggesting it's a bit distant."
question_comb_9309,0,0,0.0013327041,0,0.00018584402,0,5.2939677e-06,1,1,1,Other,Text & OCR,Unknown,Is the car filled with gas?,Can't answer; Don't know wheather the car is filled with gas or not; Based on the image can't answer this question,It's impossible to tell if the car is filled with gas just from looking at the image. The fuel level is not visible.
question_comb_5619,0,1,0.54388136,0,1.0664435e-07,0,0.0028695536,0,1,1,Other,Text & OCR,Unknown,Is this movie originated from the country or region of usa? Please answer yes or no.,Yes,"Yes.



The movie ""Real Steel"" is an American film."
question_comb_1115,0,0,0.0002620074,0,7.4969525e-05,0,0.009350999,1,1,1,Relationship,Spatial Reasoning,Unknown,Is there direct contact between the person and beach?,"y, e, s","Yes, based on the image, there is direct contact between the person and the beach. The person is standing on the sand, indicating they are in direct contact with the beach."
question_comb_5696,0,0,0.4115755,0,0.16707882,0,0.21791466,1,1,1,Other,Math & Calculation,Unknown,"According to the metal number chart of 2008 beijng olympic, does Russia have the most gold metals, followed by China and USA?",no,"No, according to the chart, Russia does not have the most gold medals.

Here's the breakdown:

*   **China:** 51 Gold
*   **United States:** 36 Gold
*   **Russian Federation:** 23 Gold

Therefore, China has the most gold medals, followed by the United States, and then Russia."
question_comb_6785,0,0,0.0061333003,0,3.1167354e-05,0,6.4075524e-05,1,1,1,Other,Knowledge & Identity,Unknown,Is this artwork created by pomarancio? Please answer yes or no.,Yes,"Yes.



Based on the style and subject matter, this artwork is likely by Giacinto Plenario, also known as Pomarancio."
question_comb_178,0,0,0.29081458,0,0.42613643,0,0.0034973924,1,1,1,Object-Related,Visual Understanding,Unknown,Is there a baseball bat in the image?,no,"No, there is no baseball bat visible in the image."
question_comb_8119,1,0,0.24050325,1,0.9813085,0,0.43387383,0,1,0,Attribute-Related,Attribute Recognition,Unknown,Is the mountain tall in this image?,"n, o","Based on the image, the mountain in the background appears to be relatively tall, but it's difficult to say definitively without a reference point for scale. Here's what we can observe:

*   **Distance:** The mountain is far in the background, which makes judging its height challenging.
*   **Relative Size:** Compared to the giraffes, which are quite tall animals, the mountain still appears to be significantly larger.
*   **Horizon Line:** The mountain extends a considerable distance above the horizon line.

Overall, it seems likely that the mountain is a substantial height, though it's hard to give an exact measurement."
question_comb_6339,0,0,0.0062493943,0,6.80352e-08,0,8.719115e-05,1,1,1,Object-Related,Visual Understanding,Unknown,Is there a giraffe in the image?,no,"No, there is no giraffe in the image. The image shows a plate of food consisting of a grilled fish (likely mackerel), potatoes, broccoli, and carrot strips."
question_comb_408,0,0,0.00091824256,0,0.00010948269,0,2.9091345e-06,1,1,1,Object-Related,Visual Understanding,Unknown,which shoelaces of the character is longer?,The character doesn't have any shoelaces on his shoes.,"Based on the image, it appears that the shoelace on **Mickey Mouse's left foot (our left, his right)** is longer than the one on his right foot. You can see a significantly longer length of shoelace hanging down on that side."
question_comb_3949,1,0,0.0012525205,0,0.00058191665,1,0.9514302,0,0,1,Object-Related,Visual Understanding,Unknown,Is there a car in the image?,no,"Yes, there is a car visible in the image. It's located in the background, to the right of the group of people. It appears to be an older model car."
question_comb_6804,0,0,0.22782955,0,2.9482303e-06,0,0.00028758522,1,1,1,Other,Knowledge & Identity,Unknown,Is the actor inside the red bounding box called Woody Allen? Please answer yes or no.,Yes,Yes.
question_comb_2147,1,0,0.0065448713,0,1.9482899e-05,0,0.43018875,0,0,0,Attribute-Related,Attribute Recognition,Unknown,Is the beach flat in this image?,"n, o","Based on the image, the beach appears to be relatively flat. Here's what suggests that:

*   **Gentle Slope:** The sand seems to slope gently towards the water, but it's not a steep incline.
*   **Umbrella Placement:** The umbrella is standing upright on the sand, indicating a fairly level surface.
*   **Chair Position:** The beach chair is also sitting relatively flat on the sand.

While there might be minor undulations in the sand, the overall impression is of a flat beach."
question_comb_6686,0,0,0.21880133,0,3.5012386e-06,0,0.0003802853,1,1,1,Object-Related,Visual Understanding,Unknown,Is there a sink in the image?,yes,"Yes, there is a sink in the image. It's located on the white countertop behind the little girl. You can see the faucet and a small container on the sink."
question_comb_2342,0,0,0.003688023,0,2.9787304e-06,0,5.7582256e-05,1,1,1,Relationship,Spatial Reasoning,Unknown,Is there direct contact between the dog and toilet?,"y, e, s","Based on the image, it appears there is **no direct contact** between the dog and the toilet bowl. The dog is sitting on the toilet seat itself, but the seat is raised, so there's a gap between the dog and the bowl."
question_comb_5405,0,0,0.005440792,0,0.032047205,0,0.0002428322,1,1,1,Relationship,Spatial Reasoning,Unknown,Is there direct contact between the pillow and drawing?,"n, o","No, there is no direct contact between the pillow and the drawing in the image. The pillow is resting on the bed, and the drawing is hanging on the wall to the left of the bed. They are separate objects in different locations."
question_comb_256,0,0,0.12839617,0,0.003093982,0,1.6653228e-08,1,1,1,Other,Math & Calculation,Unknown,"Maura kept track of the number of games her soccer team won each year. According to the table, what was the rate of change between 2017 and 2018? (Unit: games per year)",,"Here's how to calculate the rate of change between 2017 and 2018:

*   **Identify the values:**
    *   Games won in 2017: 50
    *   Games won in 2018: 8
*   **Calculate the change in games won:** 8 - 50 = -42
*   **Calculate the change in years:** 2018 - 2017 = 1
*   **Calculate the rate of change:** -42 / 1 = -42

**Answer:** The rate of change between 2017 and 2018 was -42 games per year."
question_comb_1128,1,0,0.0090510845,0,0.00042448746,0,0.0496614,0,0,0,Attribute-Related,Attribute Recognition,Unknown,Is the beach wet in this image?,"n, o","Yes, the beach appears to be wet in the image. You can see the reflection of the sky and the island in the sand, which indicates the presence of water. Additionally, the sand looks damp and not completely dry."
question_comb_3430,0,0,0.004270261,0,1.730172e-05,0,0.058052137,1,1,1,Object-Related,Visual Understanding,Unknown,Is there a spoon in the image?,yes,"Yes, there is a spoon in the image. It's visible in the hand of the woman on the left, who is talking on the phone."
question_comb_1821,0,0,0.24476215,1,0.9725505,0,0.0020975082,1,0,1,Attribute-Related,Attribute Recognition,Unknown,Is the sky gloomy in this image?,"n, o","No, the sky in the image is not gloomy. It's a bright, clear, and vibrant blue with some wispy clouds. The overall impression is one of a sunny and pleasant day."
question_comb_5096,0,1,0.7298134,1,0.9357723,0,0.007904554,0,0,1,Object-Related,Visual Understanding,Unknown,Is there a car in the image?,no,"No, there is no car in the image. The image shows a market stall selling oranges and orange juice, with people browsing and interacting with the vendor."
question_comb_236,0,0,3.0729876e-05,0,0.00064045825,0,4.934127e-06,1,1,1,Object-Related,Attribute Recognition,Unknown,How many steps does the stair have?,Three; There are three steps from the door to the grass; It appears to be three steps,"Based on the image, the stair has **three** steps."
question_comb_6183,0,1,0.82936895,0,0.0041187783,0,0.00014976841,0,1,1,Relationship,Spatial Reasoning,Unknown,Is there direct contact between the pear and leave?,"y, e, s","Yes, based on the image, there is direct contact between the pears and the leaves. You can see the pears resting on top of the leaves."
question_comb_3288,0,0,0.00296577,0,0.022120053,0,2.3973618e-05,1,1,1,Other,Math & Calculation,Unknown,如图，PA是⊙O的切线，A为切点，连接OP交⊙O于点C，点B在⊙O上，且∠ABC＝24°，则∠APC等于（）,,"Let O be the center of the circle.
Since PA is a tangent to the circle at A, we have $\angle OAP = 90^\circ$.
We are given that $\angle ABC = 24^\circ$.
Since $\angle ABC$ is an inscribed angle, the measure of the intercepted arc AC is $2 \angle ABC = 2(24^\circ) = 48^\circ$.
The central angle $\angle AOC$ is equal to the measure of the intercepted arc AC, so $\angle AOC = 48^\circ$.
In $\triangle OAC$, $OA = OC$ since they are both radii of the circle. Therefore, $\triangle OAC$ is an isosceles triangle with $\angle OAC = \angle OCA$.
Since the sum of the angles in a triangle is $180^\circ$, we have $\angle OAC + \angle OCA + \angle AOC = 180^\"
question_comb_7732,0,1,0.71390676,0,5.4354814e-07,1,0.7533546,0,1,0,Other,Visual Understanding,Unknown,Is the red line on the left the same length as the red line on the right? Yes or No,no,"No.

The red line on the left is longer than the red line on the right. The shape between the two red lines is a funnel, which causes the lines to converge and appear shorter on the right side."
question_comb_8704,0,0,0.18121897,0,2.5439995e-05,0,7.834528e-05,1,1,1,Relationship,Spatial Reasoning,Unknown,Is there direct contact between the woman and chair?,"y, e, s","Yes, there is direct contact between the woman and the chair. She is leaning against the back of the chair and her legs are resting on the seat."
question_comb_9043,0,0,0.002919569,0,0.0014459044,0,0.0,1,1,1,Other,General QA,Unknown,Describe this image.,"apple, orange, sticker","Here's a description of the image:

**Overall Impression:**

The image is a close-up shot of a display of fresh fruit, specifically oranges and red apples, at what appears to be a grocery store or market. The fruit is piled high, creating a vibrant and colorful scene.

**Details:**

*   **Oranges:** A large portion of the image is dominated by bright orange oranges. They are tightly packed together, showcasing their textured, bumpy skin. Many of the oranges have small, round stickers on them, likely containing price or identification information.
*   **Red Apples:** To the right of the oranges, there's a pile of shiny, red apples. They are also closely arranged. Some apples have stickers similar to the oranges.
*   **Color and Lighting:** The colors are very saturated, with the oranges being a deep, warm orange and the apples a rich red. The lighting is bright and even, highlighting the fruit's texture and"
question_comb_153,0,0,3.6654743e-05,0,0.0008183175,0,1.5213163e-05,1,1,1,Attribute-Related,Attribute Recognition,Unknown,Is there one racket in this image?,"y, e, s","Yes, there is one racket in the image. It's being held by the tennis player."
question_comb_7925,0,0,0.09157524,0,2.0384051e-07,0,0.002819061,1,1,1,Object-Related,Visual Understanding,Unknown,Is there a dining table in the image?,no,"No, there is no dining table in the image. The room appears to be a meeting or waiting area with chairs and a television."
question_comb_8952,0,0,0.23694935,0,0.41924697,0,0.0014648143,1,1,1,Attribute-Related,Attribute Recognition,Unknown,Is the sky sunny in this image?,"y, e, s","Based on the image, it appears the sky is sunny. Here's why:

*   **Bright Lighting:** The scene is brightly lit, with strong shadows, which suggests direct sunlight.
*   **Green Foliage:** The lush green color of the trees and grass indicates ample sunlight for photosynthesis.
*   **Overall Tone:** The overall warm and vibrant tone of the image is consistent with a sunny day.



Therefore, it's highly likely that the sky is sunny in this image."
question_comb_6284,0,0,0.0013941652,0,2.4002925e-06,0,0.00014009699,1,1,1,Relationship,Spatial Reasoning,Unknown,Is there direct contact between the person and chair?,"y, e, s","Yes, based on the image, it appears there is direct contact between the person and the chair. The person is sitting in the chair, and their legs are visible resting on the sand in front of it."
question_comb_4781,0,0,2.5006407e-06,0,3.871929e-05,0,1.7573174e-06,1,1,1,Attribute-Related,Attribute Recognition,Unknown,What color is the collar worn by the middle dog?,It is a low pink color.,"The collar worn by the middle dog is **red**. It appears to be a ruffled, ornate collar with a heart-shaped pendant."
question_comb_8997,0,0,0.00030782877,0,0.00012959697,0,4.949292e-05,1,1,1,Relationship,Spatial Reasoning,Unknown,Is there direct contact between the tree and bird?,"y, e, s","Yes, there is direct contact between the tree and the bird. The bird is perched on a branch of the tree."
question_comb_5761,0,0,0.4756565,1,0.8567094,1,0.60934657,1,0,0,Other,Temporal & Video,Unknown,"The baby attempts to take off the clothes. According to the positive sequence of the images, are they in the correct order?",yes,"Yes, the images appear to be in the correct order. Here's why:

*   **Image 1:** The baby is wearing a dark blue sweater or cardigan and holding it closed.
*   **Image 2:** The baby is pulling the sweater open, starting to take it off.
*   **Image 3:** The sweater is off, and the baby is holding it above their head, revealing a white shirt underneath.

The sequence shows a clear progression of removing the sweater."
question_comb_3740,0,0,0.16870758,0,0.0026632294,0,0.00455106,1,1,1,Object-Related,Visual Understanding,Unknown,Is there a person in the image?,yes,"Yes, there are multiple people in the image. 

*   **One adult** is partially visible on the left side of the frame, with their arm and part of their face showing. They appear to be using a laptop.
*   **One child** is sitting on a couch, holding a green toy.



If you'd like, send me another image to analyze!"
question_comb_5434,0,0,0.4382087,0,3.309973e-05,0,0.0036087928,1,1,1,Object-Related,Visual Understanding,Unknown,Is there a cup in the image?,no,"No, I don't see a cup in the image."
question_comb_5342,0,0,0.02435421,0,0.0004474792,0,9.498144e-05,1,1,1,Other,Knowledge & Identity,Unknown,Is the actor inside the red bounding box named Claude-Oliver Rudolph? Please answer yes or no.,No,"No.

The actor in the image is John Wayne."
question_comb_8563,0,0,0.0002077212,0,0.00013043256,0,0.025753075,1,1,1,Attribute-Related,Attribute Recognition,Unknown,Is the ground dry in this image?,"n, o","No, the ground is not dry in the image. It's clearly wet, likely due to rain. You can see the wet sheen on the path and the surrounding grass. The person is also holding an umbrella, further indicating rain."
question_comb_917,0,0,0.23417303,1,0.96379304,0,0.0004411194,1,0,1,Attribute-Related,Attribute Recognition,Unknown,Is the sky beautiful in this image?,"y, e, s","Yes, the sky in this image is absolutely beautiful! Here's why:

*   **Stargazing:** The image showcases a stunning display of stars, creating a sense of vastness and wonder.
*   **Milky Way:** It appears to capture a portion of the Milky Way, adding to the celestial beauty.
*   **Color Gradient:** The sky transitions from a warm yellow/orange near the horizon to a deep blue, creating a visually appealing gradient.
*   **Reflection:** The calm water perfectly mirrors the sky, doubling the beauty and creating a symmetrical composition.
*   **Overall Atmosphere:** The combination of the starry sky, the dark silhouette of the trees, and the tranquil water creates a peaceful and awe-inspiring atmosphere.



It's a truly captivating image!"
question_comb_6092,0,0,0.0009862817,0,0.0005738422,0,4.0937502e-05,1,1,1,Object-Related,Visual Understanding,Unknown,Is there a chair in this image?,"n, o","No, there is no chair in the image. The image shows a bowl filled with cherries and oranges. There's also a glimpse of other objects in the background, but no chair is visible."
question_comb_5450,0,0,0.0098120915,0,2.6014325e-07,0,0.018073117,1,1,1,Object-Related,Visual Understanding,Unknown,Is there a bus in the image?,yes,"Yes, there is a bus in the image. It's a yellow school bus, and a group of people are pushing it from the back. You can see the front of the bus with the word ""CHARTER"" on it."
question_comb_6728,0,0,0.0030279143,0,4.4119508e-05,0,0.0023644632,1,1,1,Relationship,Spatial Reasoning,Unknown,Is there direct contact between the orange and laptop?,"y, e, s","Yes, based on the image, there is direct contact between the orange and the laptop. The orange is resting on the surface of the laptop."
question_comb_7043,0,0,0.114669,0,0.00017647873,0,0.0011599135,1,1,1,Object-Related,Visual Understanding,Unknown,Is there a handbag in the image?,yes,"Yes, there is a handbag in the image. It's a light-colored, possibly beige or cream-colored, bag worn over the shoulder by the person on the right side of the image. It appears to be a canvas or fabric bag with a pattern."
question_comb_4267,0,0,7.737391e-05,0,0.00023845848,0,3.086232e-08,1,1,1,Object-Related,Attribute Recognition,Unknown,"Does the image show a highly detailed and colorful portrait of a chihuahua, a small breed of dog?","Yes; it is a highly detailed and colorful portrait of a chihuahua; the image indeed depicts a small breed of dog, a chihuahua.","Yes, you are absolutely correct! The image does indeed show a highly detailed and colorful portrait of a chihuahua. 

Here's what makes it stand out:

*   **Chihuahua Breed:** The dog's features – the large, erect ears, the small snout, and the overall head shape – are characteristic of a chihuahua.
*   **Highly Detailed:** The portrait is incredibly intricate, with the fur rendered as a complex pattern of colorful, floral-like designs.
*   **Colorful:** The use of vibrant colors (reds, oranges, blues, greens, etc.) creates a striking and unique visual effect.
*   **Portrait Style:** It's clearly a portrait, focusing on the dog's head and face against a dark background.



It's a beautiful and artistic interpretation of the breed!"
question_comb_3934,0,0,0.09997747,0,0.002663261,0,0.00023591462,1,1,1,Other,Knowledge & Identity,Unknown,Is the person inside the red bounding box called Fernando Lueches? Please answer yes or no.,No,"No.

The person in the image is Joaquin Phoenix, portraying Freddy Quinn in the movie *The Yards* (2000)."
question_comb_6672,0,0,0.0015444359,0,0.0045059645,0,3.301027e-05,1,1,1,Relationship,Spatial Reasoning,Unknown,Is there direct contact between the person and grass?,"y, e, s","Yes, based on the image, there is direct contact between the person and the grass. They are standing on the grassy field."
question_comb_391,0,0,4.133928e-06,0,3.3547585e-05,0,6.272563e-05,1,1,1,Object-Related,Visual Understanding,Unknown,Is the angel behind the dear floating or standing?,There is no angel; No angel is visible behind the deer; An angel does not exist in this photograph,"This is a fascinating image! It's not an angel behind the deer, but rather the deer has antlers that are glowing with a bright, ethereal light. 

**The ""antlers"" are not floating; they are growing from the deer's head.** The glowing effect gives the impression of something magical or otherworldly, but they are still part of the deer's anatomy.

Here's what makes it look so striking:

*   **The light:** The bright yellow/gold light emanating from the antlers creates a halo-like effect, making them appear almost separate from the deer.
*   **The contrast:** The dark background and the deer's silhouette emphasize the glowing antlers, drawing the eye to them.
*   **The style:** The artistic style (likely digital painting) enhances the fantastical elements of the image.



Let me know if you'd like me to describe anything else about the image!"
question_comb_139,0,0,1.7104703e-05,0,5.841723e-07,0,2.0576467e-06,1,1,1,Relationship,Spatial Reasoning,Unknown,Is there direct contact between the streetlamp and bench?,"n, o","No, there is no direct contact between the streetlamp and the benches in the image. There is a small gap between the base of the streetlamp and the benches."
question_comb_9991,1,0,0.019212363,0,3.1510194e-07,1,0.8539303,0,0,1,Other,Text & OCR,Unknown,Is this movie originated from the country or region of usa? Please answer yes or no.,Yes,"No.



The movie ""The Bourne Identity"" is based on a novel by Robert Ludlum, and while it was filmed in various locations including the USA, the story and its origins are not specifically rooted in the USA. It has a strong European setting, particularly France and Switzerland."
question_comb_6276,1,0,0.0022501338,0,0.0010849925,0,0.11449644,0,0,0,Object-Related,Visual Understanding,Unknown,Is there a knife in the image?,no,"Based on the image, it is difficult to definitively say whether there is a knife present. There is a dark, elongated object hanging from the horse's bridle, but it's unclear if it's a knife or another type of tool. 

Here's why it's hard to tell:

*   **Low Resolution:** The image quality isn't high, making it difficult to see details clearly.
*   **Angle and Lighting:** The angle and lighting obscure the object, making it hard to identify its shape and purpose.
*   **Context:** Without knowing the context of the image (e.g., where it was taken, what the officer's role is), it's hard to determine if the object is typical equipment.

**Disclaimer:** I am an AI and cannot definitively identify objects in images with certainty."
question_comb_1271,1,1,0.9865785,0,0.0020135401,1,0.5698894,1,0,1,Other,Temporal & Video,Unknown,"According to the positive sequence of the images, Is the circle keeping in the same place? Answer in one word.",yes,No.
question_comb_8079,0,0,0.016228454,0,5.573197e-05,0,0.00014773362,1,1,1,Object-Related,Visual Understanding,Unknown,Is there a sports ball in the image?,yes,"Yes, there is a sports ball in the image. It appears to be a baseball, being thrown by the pitcher towards the batter."
question_comb_3471,0,0,0.00015327113,0,0.0032939403,0,0.0001316397,1,1,1,Object-Related,Visual Understanding,Unknown,Is there a train in the image?,no,"No, there is no train in the image. The image shows a wall painted orange with a picture of pizza and salad hanging on it."
question_comb_3096,0,0,4.3484553e-05,0,2.145603e-06,0,1.7646562e-06,1,1,1,Other,Math & Calculation,Unknown,Subtract all yellow metallic things. Subtract all big blue shiny balls. How many objects are left?,,"Here's how we can solve this:

1. **Start with the initial count:** There are 4 objects in the image.
2. **Subtract the yellow metallic things:** The yellow cylinder is the only yellow metallic thing, so we remove 1 object.
3. **Subtract the big blue shiny balls:** The blue ball is the only big blue shiny ball, so we remove 1 object.

**Final count:** 4 - 1 - 1 = 2 objects

Therefore, there are **2** objects left."
question_comb_1787,0,0,0.0036023569,0,8.564146e-05,0,0.007977806,1,1,1,Object-Related,Visual Understanding,Unknown,Is there a person in the image?,no,"No, there is no person visible in the image. The image shows a sandwich, a salad, and a plate."
question_comb_4210,0,0,0.41422018,0,0.48537713,0,9.8744174e-05,1,1,1,Attribute-Related,Attribute Recognition,Unknown,Is the wall smooth in this image?,"y, e, s","Yes, the wall in the image appears to be smooth. It has a clean, uniform surface with minimal texture."
question_comb_2517,0,0,0.16805111,0,0.379012,1,0.70250267,1,1,0,Attribute-Related,Attribute Recognition,Unknown,Is the sky white in this image?,"y, e, s","Yes, the sky in the image appears to be white or a very light gray. It's overcast, and the light is diffused, giving the sky a washed-out, white appearance."
question_comb_5038,0,0,0.008877684,0,0.0021964284,0,0.00010050121,1,1,1,Other,General QA,Unknown,Describe this image.,"person, lounge, umbrella, beach, sea, sky, rock, waterfront, bag","Here's a description of the image:

**Overall Impression:**

The image evokes a sense of relaxation and tranquility. It's a sunny day at the beach, with a focus on a couple enjoying a moment of leisure. The color palette is warm and slightly vintage, giving it a nostalgic feel.

**Detailed Description:**

*   **Subject:** A couple is lying on a beach lounge chair, seemingly enjoying the sun and the view. They are positioned close together, suggesting intimacy.
*   **Setting:** The scene is a pebble beach with a calm, blue sea stretching out to the horizon. The sky is a clear, light blue.
*   **Foreground:** A bright red beach umbrella stands to the right of the lounge chair, providing shade. A beach bag sits on the ground near the umbrella. The foreground is composed of dark pebbles.
*   **Color and Tone:** The image has a warm, slightly faded color tone, possibly due to a filter or"
question_comb_1404,0,0,0.45369872,0,5.5397617e-05,0,4.406909e-05,1,1,1,Relationship,Spatial Reasoning,Unknown,Is there direct contact between the train and rail?,"y, e, s","Based on the image, it appears there is **no direct contact** between the train and the rail. 

Here's why:

*   **Flanged Wheels:** The train has wheels with flanges (the raised edges on the inside of the wheel). These flanges are designed to sit in grooves on the rail to keep the train centered. However, in this image, the wheels are not visibly engaged with any grooves.
*   **Track Design:** The track appears to be a narrow gauge railway, often used for steep inclines. These tracks sometimes use a system where the wheels are held in place by the slope of the track itself, rather than relying on flanges.
*   **Loose Gravel:** The ground around the track is covered in loose gravel and rocks. This further suggests that the wheels are not tightly coupled to the rail.

It's likely this is a rack railway, where the train uses a system of gears to grip a toothed rack along the track for"
question_comb_3028,0,0,0.007842406,0,0.17417628,1,0.766922,1,1,0,Object-Related,Visual Understanding,Unknown,Is there a spoon in the image?,yes,"Yes, there are spoons in the image. You can see several silver spoons placed on the table, likely used for eating."
question_comb_581,0,0,8.285704e-06,0,0.05585804,0,2.2734619e-06,1,1,1,Object-Related,Attribute Recognition,Unknown,How many bugs are on the cats head?,There are no bugs in this image.,"Based on the image, it's difficult to definitively say how many ""bugs"" are on the cat's head. The white, swirling shapes resemble a chaotic, organic texture rather than distinct insects. 

However, if we interpret the white spots as representing bugs, I can count approximately **15-20** visible spots that could be considered bugs. 

It's important to note that this is an interpretation, and the artist's intention might not have been to depict bugs at all."
question_comb_9901,0,0,0.003861894,0,5.0112892e-05,1,0.7629635,1,1,0,Attribute-Related,Attribute Recognition,Unknown,Are there two lounges in this image?,"y, e, s","Yes, there are two lounges (beach chairs) visible in the image. They are located near the straw umbrellas in the background."
question_comb_8723,0,0,0.00017530206,0,0.00018024047,0,0.0012602318,1,1,1,Attribute-Related,Attribute Recognition,Unknown,Are there five planes in this image?,"n, o","No, there is only one plane in the image. It's a large military transport aircraft (likely a C-17 Globemaster III) in the process of taking off."
question_comb_9102,0,0,5.0835606e-05,0,0.0003006129,0,0.0012842738,1,1,1,Object-Related,Visual Understanding,Unknown,Does the image show a beach at night with a boat in the distance?,Yes; the image does show a beach at night with a boat in the distance; it does.,"Yes, the image clearly shows a beach at night with a boat in the distance. Here's a breakdown of what's visible:

*   **Beach:** There's a sandy beach area covered in roses and lit by candles.
*   **Night:** The scene is illuminated by moonlight and the glow of the candles, indicating it's nighttime.
*   **Boat:** A small boat with a single sail is visible in the distance on the water.



It's a very romantic and beautifully rendered scene!"
question_comb_9305,0,0,2.1751865e-05,0,0.00012512937,0,9.054049e-06,1,1,1,Object-Related,Attribute Recognition,Unknown,How many balls in this picture are only the color yellow?,One ; There is one mono yellow ball in this photo; One ball in this picture in only the color yellow,"Based on the image, there is **one** ball that is only the color yellow. It's the small sphere located on the lower right side of the image. 

The other balls have a combination of white and yellow."
question_comb_6116,1,0,0.0013541332,0,3.7252583e-05,0,0.19512175,0,0,0,Attribute-Related,Attribute Recognition,Unknown,Is the mountain tall in this image?,"n, o","Based on the image, the mountain in the background appears to be relatively low and rolling. It doesn't look particularly tall or imposing. It blends into the landscape and seems more like a hill or a gentle rise in the terrain rather than a towering mountain."
question_comb_6704,0,0,2.7293188e-06,0,0.0026289956,0,3.7914706e-06,1,1,1,Other,Text & OCR,Unknown,How many wheels are on the back side of the camper?,"We cannot see all sides of the camper, so we cannot determine how many wheels there are; The picture does not show the back side of the camper, so we don't know; We can't tell from the picture how many wheels are on the back side of the camper","Based on the image, there are **two** wheels visible on the back side of the camper."
question_comb_5724,0,0,0.00075755024,0,0.0006130288,0,1.3647292e-05,1,1,1,Relationship,Spatial Reasoning,Unknown,Is there direct contact between the woman and wall?,"n, o","No, there is no direct contact between the woman and the wall in the image. She is lying on a bench, and the bench is positioned away from the wall."
question_comb_9383,0,0,0.0018272359,0,0.0003697438,0,0.045916684,1,1,1,Attribute-Related,Attribute Recognition,Unknown,Is the sky sunny in this image?,"y, e, s","Yes, the sky in the image appears to be sunny. There are plenty of white, fluffy clouds, but the overall impression is of a bright, sunny day."
question_comb_9293,0,0,0.17978327,0,0.00015408882,0,0.41477767,1,1,1,Attribute-Related,Attribute Recognition,Unknown,Is the beach wet in this image?,"n, o","Based on the image, it appears the beach is **not wet**. Here's why:

*   **Sand Texture:** The sand looks dry and granular. There's a clear pattern of ripples and texture, which is typical of dry sand.
*   **Lack of Wetness Indicators:** There are no visible signs of water, like puddles, reflections, or a darker, saturated appearance that wet sand would have.
*   **Umbrella:** The umbrella is open, suggesting the person is likely trying to avoid the sun, not sheltering from rain.



Therefore, it's safe to assume the beach is dry in this image."
question_comb_7817,0,0,0.004604239,1,0.99815756,0,2.7015712e-06,1,0,1,Relationship,Spatial Reasoning,Unknown,Is there direct contact between the signal and grass?,"n, o","Based on the image, there does not appear to be direct contact between the signal and the grass. The signal is mounted on a post that is positioned above the railway tracks, and there is a clear gap between the bottom of the post and the ground where the grass is."
question_comb_8041,0,0,0.002588943,0,0.00066127,0,2.7104693e-06,1,1,1,Attribute-Related,Attribute Recognition,Unknown,Is the forest dense in this image?,"n, o","No, the forest in the image is not dense. It appears to be a savanna or grassland environment with scattered trees and shrubs. The vegetation is relatively sparse, and there's a lot of open space visible."
question_comb_839,0,1,0.5350747,1,0.89390385,0,0.009122819,0,0,1,Other,Knowledge & Identity,Unknown,Is the person inside the red bounding box named Billy Dee? Please answer yes or no.,No,"No.

The person in the red box is Matthew McConaughey."
question_comb_8830,0,0,0.001585593,0,0.000953192,0,0.020717036,1,1,1,Relationship,Spatial Reasoning,Unknown,Is there direct contact between the duck and lake?,"y, e, s","Yes, based on the image, there is direct contact between the ducks and the lake. The ducks are swimming on the surface of the water, meaning they are in direct contact with the lake."
question_comb_3046,0,0,0.0016515581,0,3.971661e-05,0,0.0018827951,1,1,1,Object-Related,Visual Understanding,Unknown,Is there a baseball glove in the image?,yes,"Yes, there is a baseball glove in the image. It's being held by the catcher, who is kneeling behind home plate."
question_comb_77,0,0,0.00012930886,0,0.062072996,0,0.0014327917,1,1,1,Relationship,Spatial Reasoning,Unknown,Is there direct contact between the lion and tree?,"n, o","Based on the image, it appears there is **no direct contact** between the lion and the tree. 

The lion is walking on a paved surface, and the tree is a short distance behind it. There's a patch of greenery between the lion and the tree trunk."
question_comb_9728,0,0,0.0021304414,0,3.6837707e-06,0,0.0056633013,1,1,1,Object-Related,Visual Understanding,Unknown,Is there a boat in the image?,no,"No, there is no boat in the image. The image shows food (likely bacon-wrapped dates) being cooked in a Breville toaster oven."
question_comb_7523,0,0,0.0013533031,0,0.00042774642,0,5.886866e-05,1,1,1,Object-Related,Attribute Recognition,Unknown,How many trees can be seen in the photo?,There are two trees growing out of flower pots in the image ; Two trees can be seen growing out of two flower pots in the image ; The image has two trees growing out of two pots,"Based on the image, I can see **two** trees. 

There's a large, rounded tree in a planter on the left side of the image, and a glimpse of what appears to be another tree further down the street."
question_comb_2539,0,0,0.18395922,0,0.3158096,0,0.0008879505,1,1,1,Object-Related,Visual Understanding,Unknown,Is there a lounge in this image?,"n, o","No, there is no lounge in the image. The image shows a white dog running on a beach with rocks and sand."
question_comb_7861,0,0,0.17313842,0,0.3889339,0,0.0007910836,1,1,1,Object-Related,Visual Understanding,Unknown,Is there a tree in this image?,"n, o","No, there are no trees visible in the image. The scene depicts a beach with horses and riders, the ocean, and a distant coastline."
question_comb_523,0,0,0.24589406,0,2.1849268e-05,0,2.7652899e-05,1,1,1,Relationship,Spatial Reasoning,Unknown,Is there direct contact between the person and mountain?,"n, o","No, there is no direct contact between the person in the boat and the mountain in the image. They are separated by a large body of water."
question_comb_8950,0,0,0.0010559246,0,1.6195087e-05,0,1.3918334e-07,1,1,1,Other,Attribute Recognition,Unknown,Is the number of gray matte sedans in front of the blue metallic object greater than the number of large cyan matte choppers?,,"Let's analyze the image to determine the answer.

*   **Gray matte sedans:** There is one gray matte sedan in the image.
*   **Blue metallic object:** This refers to the blue metallic scooter.
*   **Large cyan matte choppers:** There is one large cyan matte chopper in the image.

Since there is 1 gray sedan and 1 large cyan chopper, the number of gray matte sedans is not greater than the number of large cyan matte choppers. They are equal.

**Therefore, the answer is no.**"
question_comb_6395,0,0,0.0005533477,0,0.00014223656,0,2.036442e-06,1,1,1,Object-Related,Attribute Recognition,Unknown,How many frogs are in this image?,There are no frogs in this image; No frogs can be seen in this picture; This picture does not contain any frogs,"Based on the image, I can see **at least 10 frogs**. 

Here's where I spotted them:

*   **On the roof of the car:** There are several small frogs scattered across the moss and vegetation on top of the car.
*   **On the sides of the car:** A few frogs are clinging to the sides of the car.
*   **Around the base of the car:** There are a couple of frogs nestled in the mossy ground around the car.



Let me know if you'd like me to look for any other details in the image!"
question_comb_1718,0,0,0.00066965836,0,0.0004092449,0,5.280881e-05,1,1,1,Object-Related,Visual Understanding,Unknown,Is there a sky in this image?,"n, o","No, there is no visible sky in the image. The focus is on the dogs and the beach, and the background is just the sand and their shadows."
question_comb_9221,0,0,0.001645506,0,0.0003403672,0,0.00013035846,1,1,1,Object-Related,Visual Understanding,Unknown,Is there an umbrella in the image?,yes,"Yes, there are umbrellas in the image. They appear to be decorative, translucent umbrellas with floral patterns, being held and used as props by the dancers."
question_comb_680,0,0,0.015392938,0,4.8770224e-05,1,0.97574323,1,1,0,Attribute-Related,Attribute Recognition,Unknown,Is the sky dim in this image?,"y, e, s","Yes, the sky in the image appears dim. Here's why:

*   **Sunset/Sunrise:** The image depicts a sunset or sunrise, which naturally results in lower light levels.
*   **Color Palette:** The colors in the sky are muted and warm (oranges, yellows, and grays), which contribute to a sense of dimness.
*   **Cloud Cover:** There are clouds in the sky, which are blocking some of the light.



Overall, the lighting conditions suggest a time of day when the sky is not brightly lit."
question_comb_5549,0,0,0.00012300537,0,8.1866456e-05,0,0.12355198,1,1,1,Other,Knowledge & Identity,Unknown,Is it a good time to walk through the road in the picture? Please answer yes or no.,Yes,"Yes.

The traffic light is green for pedestrians."
question_comb_7025,0,0,0.00013637649,0,1.4179075e-07,0,2.0660832e-07,1,1,1,Other,Visual Understanding,Unknown,"Is the revolver's chamber loaded with six ornate, glowing bullets?","No; the revolver's chamber is not loaded with six ornate, glowing bullets; the revolver's chamber isn't loaded","Yes, based on the image, it appears the revolver's chamber is loaded with six ornate, glowing bullets. They are a prominent feature of the artwork, adding to the fantastical and otherworldly feel of the scene."
question_comb_8689,0,0,0.013549544,0,2.7197987e-07,0,1.3240263e-05,1,1,1,Attribute-Related,Attribute Recognition,Unknown,What color shoes in the boy wearing?,Red; Red shoes; The boy is wearing red shoes,"Based on the image, the boy is wearing **brown** shoes. They appear to be a dark shade of brown, possibly leather or a similar material."
question_comb_1899,0,0,0.00016154042,0,5.910897e-05,0,0.0011704074,1,1,1,Relationship,Spatial Reasoning,Unknown,Is there direct contact between the zebra and grass?,"y, e, s","Yes, based on the image, there is direct contact between the zebra and the grass. The zebra is grazing and has grass in its mouth, indicating it is eating the grass directly."
question_comb_8213,0,0,0.00018457853,0,1.3096435e-05,0,6.45171e-05,1,1,1,Attribute-Related,Attribute Recognition,Unknown,Is the floor clean in this image?,"y, e, s","Based on the image, the floor appears to be clean. It has a carpeted texture and doesn't show any obvious signs of dirt or debris."
question_comb_4230,0,0,0.22566532,0,2.034623e-06,0,0.00011746837,1,1,1,Relationship,Spatial Reasoning,Unknown,Is there direct contact between the man and cup?,"y, e, s","No, there is no direct contact between the man and the cup (crème brûlée). He is holding a wine glass in his left hand and resting his right hand on the plate holding the crème brûlée."
question_comb_2082,0,0,0.1212263,0,0.032753374,0,0.0005422297,1,1,1,Other,Text & OCR,Unknown,Is it appropriate to translate the Chinese in the image into English 'a beautiful garden' in the picture? Please answer yes or no.,Yes,"Yes.

The Chinese characters 美丽的花园 (měilì de huāyuán) directly translate to ""beautiful garden."""
question_comb_5417,0,0,0.0025228073,0,1.8589842e-06,0,0.012991073,1,1,1,Object-Related,Visual Understanding,Unknown,Is there a sports ball in the image?,yes,"Yes, there is a baseball in the image. It's visible on the ground near the batter's feet."
question_comb_4760,0,0,9.000641e-08,0,6.0069424e-06,0,2.8285983e-08,1,1,1,Other,Visual Understanding,Unknown,"Are the model's lips gray with a hint of frost, suggesting she's turning into a statue too?",No; the model's lips are not gray with a hint of frost; she's not turning into a statue.,"Yes, you're very perceptive! The model's lips in the image do appear to be a muted gray with a frosty, almost stone-like quality. This contributes significantly to the overall theme of transformation and the suggestion that she is indeed turning into a statue. 

Here's why it reinforces that idea:

*   **Color Palette:** The gray tones on her lips match the overall cool, muted color scheme of the image, which is dominated by whites, grays, and blues.
*   **Texture:** The ""frosty"" appearance suggests a hardening, a loss of warmth and life, which is consistent with the idea of becoming stone.
*   **Contrast:** The subtle contrast between the gray lips and the slightly warmer tones on her face emphasizes the change happening.

The combination of the snake, the paint-like textures, and the gray, frosty lips all work together to create a powerful visual metaphor for transformation and the blurring of boundaries between human and inanimate"
question_comb_6935,0,0,0.00015474876,0,2.6972104e-05,0,9.34363e-05,1,1,1,Other,Math & Calculation,Unknown,如图，已知AB∥CD，∠A＝56°，则∠1度数是（）,,"Let the given figure be as shown.
We are given that AB || CD and ∠A = 56°. We want to find the measure of ∠1.

Since AB || CD, we can use the property that alternate interior angles are equal.
Let's draw a line through the intersection of the two lines, parallel to both AB and CD. Let's call this line EF.
Then, ∠A is an alternate interior angle with the angle formed by the intersection of the two lines and the line EF.
Let's call the angle formed by the intersection of the two lines and the line EF as ∠E.
Since AB || EF, we have ∠A = ∠E = 56°.
Now, we have ∠1 and ∠E as alternate interior angles formed by the intersection of the two lines and the line EF.
Therefore, ∠1 = ∠E = 56°.

Alternatively, we can use the property that corresponding angles"
question_comb_8462,0,0,0.000114281815,0,1.5751517e-06,0,0.00020300418,1,1,1,Other,Visual Understanding,Unknown,"is the robot made of shiny new metal, not weathered and old?","No, the robot is not made of shiny new metal; it's weathered and old; the robot is old and weathered, not made of shiny new metal.","Based on the image, the robot does appear to be made of shiny, new metal. Here's why:

*   **Reflectivity:** The surface of the robot has a high degree of reflectivity, suggesting a polished and new metal finish.
*   **Lack of Weathering:** There's a noticeable absence of rust, scratches, or other signs of wear and tear that would indicate age or exposure to the elements.
*   **Color and Finish:** The vibrant, uniform red color and smooth finish further support the idea of a freshly manufactured or well-maintained robot.

The overall aesthetic of the image leans towards a retro-futuristic style, which often features clean, idealized depictions of technology."
question_comb_7480,0,0,0.3702915,0,0.444802,0,0.0018615758,1,1,1,Object-Related,Visual Understanding,Unknown,Is there a cup in the image?,no,"No, I don't see a cup in the image."
question_comb_5726,0,0,0.20432396,0,1.2716732e-05,0,0.0010120788,1,1,1,Attribute-Related,Attribute Recognition,Unknown,Is there one football in this image?,"y, e, s","Yes, there is one football (soccer ball) in the image. It's located in the lower center of the frame, being kicked by the woman."
question_comb_2529,1,0,0.005371304,0,0.002786369,0,0.23950098,0,0,0,Relationship,Spatial Reasoning,Unknown,Is there direct contact between the dog and umbrella?,"n, o","Based on the image, it appears there is **direct contact** between the dog and the umbrella. The dog is positioned very close to the umbrella, and a portion of the umbrella's fabric is touching the dog's side."
question_comb_6613,0,0,1.1899326e-05,0,3.0283575e-06,0,0.0014235108,1,1,1,Other,Visual Understanding,Unknown,Are there other kayakers nearby enjoying the same voyage?,No; there are not other kayakers nearby; there are not any other kayakers enjoying the same voyage.,"Based on the image, there are **no other kayakers** visible nearby. The scene appears to be quite solitary, with just one person in a kayak navigating the calm waters surrounded by the dense forest."
question_comb_7146,0,0,0.013685397,0,0.00023015865,0,0.0012844636,1,1,1,Object-Related,Visual Understanding,Unknown,Is there a car in the image?,no,"No, there is no car in the image. The background shows a building with windows and people, but no vehicles are visible."
question_comb_2295,0,1,0.79548305,0,0.022887895,1,0.7820363,0,1,0,Other,Temporal & Video,Unknown,"According to the positive sequence of the images, does the blue car attempt to leave the parking space?",yes,"Yes, according to the sequence of images, the blue car appears to be attempting to leave the parking space. Here's how we can tell:

*   **Image 1:** The blue car is positioned within a parking space, and the red lines suggest it's checking for oncoming traffic.
*   **Image 2:** The blue car is angled and moving out of the parking space.
*   **Image 3:** The blue car has exited the parking space.



Therefore, the sequence clearly shows the blue car's attempt to leave the parking space."
question_comb_6960,0,0,2.488185e-06,0,0.019154007,0,9.7065695e-06,1,1,1,Other,Math & Calculation,Unknown,"As shown in the figure, in the rectangular coordinate system, P is the point in the first quadrant, and its coordinates are (4.0,m), and the cosine value of the angle α between OP and the positive semi-axis of the x-axis is \frac{3.0}{5.0}, then the value of tan∠α is ()",,"Let the coordinates of point P be (x, y) = (4.0, m).
The angle α is the angle between OP and the positive x-axis.
We are given that cos(α) = \frac{3}{5}.
Since P is in the first quadrant, we have x > 0 and y > 0.
We know that cos(α) = \frac{x}{r}, where r is the distance from the origin to point P.
So, \frac{3}{5} = \frac{4}{r}.
Solving for r, we get r = \frac{4 \times 5}{3} = \frac{20}{3}.
We also know that r = \sqrt{x^2 + y^2}, so r = \sqrt{4^2 + m^2} = \sqrt{16 + m^2}.
Therefore, \sqrt{16"
question_comb_2042,0,0,0.004650479,0,0.0001753335,0,2.0643374e-05,1,1,1,Attribute-Related,Attribute Recognition,Unknown,Is the grass withered in this image?,"n, o","No, the grass in the image does not appear withered. It looks lush and green, suggesting it is healthy and well-watered."
question_comb_6667,0,0,0.0003806313,0,0.00033004227,0,1.1700588e-05,1,1,1,Other,General QA,Unknown,"If the cactus plants died, the population of desert turtle's would most likely ____.",,"Here's the analysis of the food web and the likely impact on the desert turtle population:

**Understanding the Food Web**

*   **Prickly Pear Cactus:** This is a producer, meaning it makes its own food through photosynthesis. It's the base of this food web.
*   **Desert Turtle:** The desert turtle eats the prickly pear cactus.
*   **Other Connections:** The food web shows that other animals (javelina, coyote, puma, roadrunner, hawk) also interact with these organisms, but the direct link between the cactus and the desert turtle is key for this question.

**The Impact of Cactus Loss**

If the prickly pear cactus plants died, the desert turtles would lose a major food source. This would likely lead to:

*   **Decrease in Population:** With less food available, the desert turtle population would likely decrease.
*   **Migration:** Some turtles might try to migrate to areas with more cactus."
question_comb_4512,0,0,0.0020424966,0,0.00012526273,0,9.245919e-06,1,1,1,Relationship,Spatial Reasoning,Unknown,Is there direct contact between the man and fence?,"n, o","Based on the image, there is **no direct contact** between the man and the fence. The fence is visible in the background, but the man is standing on a grassy area some distance away from it."
question_comb_829,0,0,0.009963071,0,0.00065215764,0,5.652671e-05,1,1,1,Attribute-Related,Attribute Recognition,Unknown,Is the wall white in this image?,"n, o","No, the wall in the image is not white. It's a warm yellow or mustard color."
question_comb_6945,0,0,0.031547893,0,0.00063646137,0,0.0049344418,1,1,1,Object-Related,Visual Understanding,Unknown,Is there a person in the image?,yes,"Yes, there is a person visible in the image. You can see a person looking out of a window on the train car."
question_comb_5357,0,0,0.00037323052,0,1.0100781e-05,0,0.0002658777,1,1,1,Attribute-Related,Attribute Recognition,Unknown,Is the forest withered in this image?,"n, o","No, the forest (or rather, the dense hedge) in the image is not withered. It appears lush and green. The leaves are vibrant and full, suggesting a healthy and thriving plant."
question_comb_7291,0,0,0.13397671,0,6.1467067e-06,0,8.3007967e-07,1,1,1,Object-Related,Attribute Recognition,Unknown,How many birds are there in the sky in the image?,There is no birds in the sky; I can't see birds in the sky; No birds are founded there,"Based on the image, there are **no birds** visible in the sky. The sky is blue with fluffy white clouds, but no birds are present."
question_comb_4019,0,0,0.003281069,0,0.1678555,0,0.0017697024,1,1,1,Object-Related,Visual Understanding,Unknown,Is there a dining table in the image?,no,"No, there is no dining table in the image. The image shows a rainy street scene with people with umbrellas, a bus, and buildings in the background."
question_comb_4560,0,0,1.6495879e-07,0,1.4601695e-05,0,0.00037152672,1,1,1,Attribute-Related,Attribute Recognition,Unknown,What colors are mostly visible in the picture?,Black and white; The picture is black and white; Black and white colors are mostly visible in the picture,"The picture is predominantly grayscale. Here's a breakdown of the colors visible:

*   **White:** Present in the light source at the end of the hallway and on the tiled floor.
*   **Gray:** The dominant color, varying in shades from light to dark, covering the walls, ceiling, and floor.
*   **Black:** Found in the shadows and darker areas, particularly around the doorway and in the receding tunnel effect.



Essentially, the image is a study in shades of gray, with white and black accents to create contrast and depth."
question_comb_8641,1,1,0.80196166,1,0.9274146,1,0.9178391,1,1,1,Object-Related,Visual Understanding,Unknown,Is there a person in the image?,no,"Yes, there appears to be a person in the image. They are partially visible sitting in a chair at the kitchen counter. Their back and the back of their head are visible."
question_comb_8558,0,0,2.8814411e-05,0,0.0133882,0,6.289815e-07,1,1,1,Object-Related,Visual Understanding,Unknown,What word is written in the bottom left corner of the book?,No words are visible in the image; The image contains no words; There are no words on the page,"Based on the image, the word written in the bottom left corner of the book appears to be ""Cthulhu""."
question_comb_4569,0,0,0.44651446,0,0.010916493,0,0.17221883,1,1,1,Object-Related,Visual Understanding,Unknown,Is there a traffic light in the image?,no,"No, there is no traffic light visible in the image. There is a small triangular sign on the right side of the road, but it appears to be a warning sign rather than a traffic light."
question_comb_1287,0,0,5.9657646e-05,0,0.001973101,0,0.00053565134,1,1,1,Relationship,Spatial Reasoning,Unknown,Is there direct contact between the plane and forest?,"n, o","Based on the image, there is **no direct contact** between the plane and the forest. 

The plane is flying over a field of yellow crops, and the forest is a significant distance behind the field. There's a clear gap between the plane's flight path and the trees."
question_comb_5091,0,0,0.0004743182,0,2.7634196e-06,0,0.38445625,1,1,1,Relationship,Spatial Reasoning,Unknown,Is there direct contact between the lounge and beach?,"y, e, s","Yes, based on the image, there is direct contact between the lounge area (with the chairs and umbrella) and the beach. The chairs and umbrella are sitting directly on the sand, indicating a seamless transition between the two areas."
question_comb_7137,0,0,0.01769845,0,4.617673e-05,0,0.0019876342,1,1,1,Object-Related,Visual Understanding,Unknown,Is there a suitcase in the image?,no,"No, there is no suitcase in the image. The image shows a bathroom with a bathtub, toilet, sink, and other bathroom fixtures."
question_comb_6551,0,0,0.19249111,0,0.0028107292,0,0.00088899594,1,1,1,Relationship,Spatial Reasoning,Unknown,Is there direct contact between the dog and beach?,"y, e, s","Yes, there is direct contact between the dog and the beach. The dog is standing on the sand, and its paws are touching the beach surface."
question_comb_1065,0,0,0.340795,0,0.00013535006,0,2.7297901e-06,1,1,1,Relationship,Spatial Reasoning,Unknown,Is there direct contact between the person and ship?,"y, e, s","Yes, there is direct contact between the person and the ship (the kayak). The person is sitting inside the kayak and using a paddle to propel it."
question_comb_3253,0,0,5.2199724e-05,0,0.0009630783,0,5.2125855e-05,1,1,1,Object-Related,Visual Understanding,Unknown,Does the image show a forest with a path leading up to a set of stairs?,"Yes; indeed, the image shows a forest with a path leading up to a set of stairs; it does.","Yes, the image clearly shows a forest setting with a path leading up to a set of stairs. Here's a breakdown of what's visible:

*   **Forest:** The image is dominated by lush greenery, trees, and ferns, indicating a dense forest environment.
*   **Path:** A winding path is visible in the foreground, leading towards the stairs.
*   **Stairs:** A set of stone stairs is prominently featured, ascending into the forest.



Additionally, there are large, reflective spheres placed throughout the scene, adding a surreal and artistic element to the natural landscape."
question_comb_9250,0,0,0.2494955,0,0.0013199289,0,5.6770665e-07,1,1,1,Relationship,Spatial Reasoning,Unknown,Is there direct contact between the train and rail?,"y, e, s","Yes, there is direct contact between the train and the rail. 

You can clearly see the train's wheels making contact with the rails in the image. This is how the train moves along the track – the wheels grip the rails and propel the train forward."
question_comb_9210,0,0,0.18389621,0,3.273921e-05,0,0.0011444341,1,1,1,Object-Related,Visual Understanding,Unknown,Is there a surfboard in the image?,yes,"Yes, there is a surfboard in the image. You can see a person riding a wave on a board, which appears to be a surfboard."
question_comb_3552,0,0,0.010372448,0,1.3104992e-06,0,1.5005327e-06,1,1,1,Object-Related,Attribute Recognition,Unknown,How many people are on top of the cylinder?,One person is on top of the cylinder; We can see one person on the cylinder; 1,"Based on the image, there appear to be **two** people on top of the large cylinder. They are visible on the platform near the top of the cylinder."
question_comb_4936,0,0,4.641726e-05,0,1.8787497e-06,0,6.8588146e-05,1,1,1,Object-Related,Attribute Recognition,Unknown,How many people are in the image?,Two; There are two people in the image; Two people are in the image,"Based on the image, there appear to be **two** people standing in the foreground. They are silhouetted against the light from the UFO."
question_comb_2418,0,0,0.20664251,0,4.667876e-05,0,4.7265738e-07,1,1,1,Relationship,Spatial Reasoning,Unknown,Is there direct contact between the person and bicycle?,"y, e, s","Yes, there is direct contact between the person and the bicycle. The person is riding the bicycle, meaning they are actively using their legs to pedal and steer it."
question_comb_3401,0,0,0.0955183,0,0.0017675522,0,0.009106117,1,1,1,Other,Knowledge & Identity,Unknown,Is the actor inside the red bounding box called Arnold Schwarzenegger? Please answer yes or no.,Yes,Yes.
question_comb_976,0,0,0.0005250488,0,0.00016082375,0,0.14842972,1,1,1,Attribute-Related,Attribute Recognition,Unknown,Is the beach wet in this image?,"y, e, s","Yes, the beach appears to be wet in the image. You can see a wet, reflective area near the bottom left corner, suggesting the presence of water. The overall tone of the sand also looks damp rather than dry and powdery."
question_comb_9854,0,0,0.000622031,0,4.399535e-06,0,0.023984186,1,1,1,Object-Related,Visual Understanding,Unknown,Is there a chair in the image?,no,"No, there is no chair visible in the image. The person is leaning over a desk or counter."
question_comb_146,0,0,0.0016691478,0,2.3921548e-05,0,5.9980463e-05,1,1,1,Object-Related,Attribute Recognition,Unknown,How many people can you see in the picture.,There are two people in the picture; Two people can be seen in the picture; There are two people,"Based on the image, I can see **two** people. They are walking away from the viewer in the foreground."
question_comb_235,1,0,0.41015744,0,0.46710137,1,0.5450325,0,0,1,Other,Math & Calculation,Unknown,"If angle BAF equals to angle CAF, is CF smaller than BF? Please answer yes or no.",no,"Yes.

Here's the reasoning:

1. **Angle Bisector:** Since angle BAF = angle CAF, line segment AF is the angle bisector of angle BAC.

2. **Angle Bisector Theorem:** The Angle Bisector Theorem states that if an angle bisector of a triangle divides the opposite side into two segments, then the ratio of the lengths of the two segments is equal to the ratio of the lengths of the sides adjacent to the angle. In this case, it means:
   BD/CD = AB/AC

3. **Right Triangle AFC:** Triangle AFC is a right triangle with angle AFC = 90 degrees.

4. **Right Triangle ABF:** Triangle ABF is a right triangle with angle AFB = 90 degrees.

5. **Consider the area of triangle ABC:** The area of triangle ABC can be calculated as the sum of the areas of triangles ABF and AFC.
   Area(ABC) = Area("
question_comb_3330,0,0,0.000963894,0,5.17913e-05,0,1.0388129e-05,1,1,1,Other,Attribute Recognition,Unknown,How many bars have values larger than 4?,2,"Based on the bar chart, there is only **one** bar with a value larger than 4. That bar represents the ""delay"" category, with a value of approximately 9."
question_comb_5328,0,0,0.00025949822,0,7.212712e-05,0,1.5295358e-05,1,1,1,Object-Related,Attribute Recognition,Unknown,How many bottles of water are visible in this image?,"Two water bottles are visible in this image.; One of the presenters is holding a water bottle in his hand, and another is on the table, making two water bottles in this image. ; Two water bottles are visible in this image.","Based on the image, I can see **two** bottles of water. One is on the table in the foreground, and another is on the table to the right of the frame."
question_comb_1775,0,0,0.12211106,0,0.0014786596,0,0.04001349,1,1,1,Other,General QA,Unknown,"Based on the map, is Calvert County located to the east of Cecil County?",no,"No, Calvert County is not located to the east of Cecil County.

Looking at the map, Calvert County is located in the southern part of Maryland, while Cecil County is in the northern part. They are quite far apart and not in an east-west relationship."
question_comb_7963,0,0,0.00070348085,0,0.0017510427,0,8.980207e-07,1,1,1,Object-Related,Visual Understanding,Unknown,Can a vague human figure be seen looking up at the droplet within the glowing light reflection?,Yes; a vague human figure is seen looking up at the droplet within the glowing light reflection; it is true.,"Yes, you're right to notice that! Upon closer inspection of the glowing light reflection within the water droplet, you can indeed discern a vague, blurry human figure looking upwards. It's subtle and distorted due to the refraction of light through the water, but it's definitely there. 

It's a really clever and fascinating detail in the photograph!"
question_comb_3544,0,0,0.23169863,0,0.00011541462,0,0.0038977948,1,1,1,Relationship,Spatial Reasoning,Unknown,Is there direct contact between the sofa and laptop?,"y, e, s","Yes, based on the image, there appears to be direct contact between the sofa and the laptop. The laptop is resting on the sofa cushion."
question_comb_310,0,0,0.0006257709,0,0.00019659572,0,1.1315907e-05,1,1,1,Object-Related,Attribute Recognition,Unknown,How many people are wearing green jacket?,One; One person is wearing the green jacket; There is one person in the green jacket.,"Based on the image, there are **zero** people wearing a green jacket. 

There is one person wearing a red jacket in the foreground."
question_comb_5713,0,0,0.00013207484,0,0.00023976983,0,3.0434592e-06,1,1,1,Relationship,Spatial Reasoning,Unknown,Is there direct contact between the dog and mountain?,"n, o","No, there is no direct contact between the dog and the mountain in the image. The mountain is a distant backdrop, and the dog is on a paddleboard in the water, far away from it."
question_comb_8472,0,0,3.2963932e-08,0,9.2562607e-07,0,0.000106534055,1,1,1,Other,Visual Understanding,Unknown,Is the coat worn a bright yellow to contrast the monochromatic background?,"No, the coat is not bright yellow; the coat does not contrast the background; the coat is not bright yellow to contrast the monochromatic background.","No, the coat is not bright yellow. It appears to be a dark grey or charcoal color. The background is a warm, reddish-orange hue, which creates a contrast with the darker coat, but it's not a bright yellow. 

The overall color palette of the image is quite muted and earthy, with the reddish-orange background, the dark coat, and the brown tones of the motorcycle and surrounding terrain."
question_comb_7013,0,0,0.00065250735,0,2.8645421e-05,0,2.5699199e-05,1,1,1,Attribute-Related,Attribute Recognition,Unknown,What color is the wall on the top floor?,Green ; The top floor wall is green; The wall on the top floor of this image is green,"Based on the image, the wall on the top floor is **beige** or a light tan color."
question_comb_5828,0,0,0.0021527093,0,0.00027301745,0,1.6900836e-05,1,1,1,Other,Math & Calculation,Unknown,如图，在Rt△ABC中，已知∠C＝90°，边AC＝8cm，BC＝10cm，点P为BC边上一动点，点P从点C向点B运动，当点P运动到BC中点时，△APC的面积是（）,,"Let $A = (0, 8)$, $C = (0, 0)$, and $B = (10, 0)$.
Since $P$ is a point on $BC$, let $P = (x, 0)$ for some $x$ such that $0 \le x \le 10$.
The area of $\triangle APC$ is given by
$$ \text{Area}(\triangle APC) = \frac{1}{2} \cdot AC \cdot CP = \frac{1}{2} \cdot 8 \cdot x = 4x $$
When $P$ is the midpoint of $BC$, we have $P = \left(\frac{0+10}{2}, \frac{0+0}{2}\right) = (5, 0)$.
Then $CP = 5 - 0 = 5$.
The area of $\triangle APC$ is
$$ \text{"
question_comb_3456,0,0,0.00013560416,0,2.7977144e-06,0,5.0088045e-05,1,1,1,Object-Related,Visual Understanding,Unknown,Is there a dog in this image?,"n, o","No, there is no dog in the image. It shows two BMW motorcycles parked on a paved area with a coastal background."
question_comb_888,0,0,0.052762985,0,0.00069436006,0,0.00013418424,1,1,1,Relationship,Spatial Reasoning,Unknown,Is there direct contact between the wall and table?,"n, o","Based on the image, it appears there is **no direct contact** between the wall and the table. 

Here's why:

*   **Gap:** There's a noticeable gap between the wall and the table's edge.
*   **Shadows:** The shadows suggest that the wall is behind the table and not directly touching it.



Let me know if you'd like me to analyze anything else in the image!"
question_comb_6393,0,1,0.5762577,0,5.6797206e-05,1,0.8412974,0,1,0,Other,Knowledge & Identity,Unknown,Is the actor inside the red bounding box called Antonella Attili? Please answer yes or no.,Yes,Yes.
question_comb_7357,0,0,0.0059195734,0,0.001217429,0,0.012185107,1,1,1,Object-Related,Visual Understanding,Unknown,Is there a car in the image?,no,"No, there is no car in the image. The image shows the interior of an airplane. You can see airplane seats with entertainment screens and a passenger wearing headphones."
question_comb_3813,1,0,0.0044615315,0,7.190564e-05,0,0.01627356,0,0,0,Relationship,Spatial Reasoning,Unknown,Is there direct contact between the zebra and forest?,"n, o","Yes, there is direct contact between the zebras and the forest in the image. 

You can see the zebras standing right at the edge of a dense forest area. The trees and foliage of the forest are directly behind and around them."
question_comb_8345,1,0,0.002429943,0,0.0010542088,1,0.85597855,0,0,1,Object-Related,Visual Understanding,Unknown,Is there a chair in the image?,no,"Yes, there is a bench in the image. Three people are sitting on it."
question_comb_9883,0,0,1.709526e-05,0,4.535927e-07,0,8.910425e-06,1,1,1,Other,Visual Understanding,Unknown,What is stuck under the windshield wiper of the truck?,A piece of paper.; Under the windshield wiper is a flyer.; On the windshield of the truck is an advertisement.,"Based on the image, it appears there's a small, round emblem or badge stuck under the windshield wiper of the truck. It has a crest-like design with what looks like a bird or animal within a shield. It's difficult to make out the exact details due to the angle and resolution, but that's the general impression."
question_comb_1204,0,0,6.303086e-07,0,2.0623069e-05,0,2.725833e-05,1,1,1,Object-Related,Attribute Recognition,Unknown,How many holes in the ceiling?,One; There is one hole in the ceiling; One hole is visible in the ceiling,"Based on the image, there are **two** holes in the ceiling. One is a larger square skylight, and the other is a smaller, rectangular window."
question_comb_7163,0,0,0.0019491053,0,4.8734517e-05,0,1.3297915e-05,1,1,1,Relationship,Spatial Reasoning,Unknown,Is there direct contact between the bench and ground?,"y, e, s","No, there is no direct contact between the bench and the ground. The bench is supported by two large, stone-like blocks that elevate it slightly above the gravel surface."
question_comb_1401,0,0,0.008843589,0,6.8719955e-06,0,3.2846227e-05,1,1,1,Object-Related,Visual Understanding,Unknown,Is there a sandwich in the image?,yes,"Yes, there is a sandwich in the image. It appears to be a roast beef sandwich on a roll, served in a styrofoam container."
question_comb_8994,0,0,0.0076491307,0,0.00013864525,0,0.0,1,1,1,Object-Related,Visual Understanding,Unknown,Is there a building in this image?,"n, o","No, there is no building visible in the image. The background shows a snowy landscape with trees, a fence, and a road, but no buildings are present."
question_comb_6535,0,0,0.27149767,1,0.54567355,0,0.0015985318,1,0,1,Attribute-Related,Attribute Recognition,Unknown,Is the forest lively in this image?,"y, e, s","Let's analyze the image to determine if the forest appears lively.

**Observations:**

*   **Trees:** There are many trees in the background, suggesting a forest or wooded area.
*   **Greenery:** The trees are green, indicating they are healthy and alive.
*   **Activity:** A person is throwing a frisbee in the open area, suggesting a place where people enjoy spending time.
*   **Sky:** The sky is bright with clouds, which contributes to a sense of openness and vitality.

**Conclusion:**

Based on these observations, the forest in the image appears **lively**. The presence of green trees, the open space, and the human activity all contribute to a feeling of vibrancy and life.



If you'd like, give me another image to analyze!"
question_comb_2614,0,0,0.0001689555,0,6.4228957e-06,0,0.00021142341,1,1,1,Other,Visual Understanding,Unknown,Do the cave walls have mysterious ancient markings?,The Cave walls do not have mysterious ancient markings; No; They do not have mysterious ancient markings,"Based on the image, it's difficult to definitively say if the cave walls have mysterious ancient markings. Here's what we can observe and infer:

*   **Texture and Detail:** The cave walls appear to have a rough, textured surface with many crevices and irregularities. This could potentially hide markings, but it's also just the natural texture of rock.
*   **Lighting:** The lighting is dramatic and focused on the heart-shaped opening and the figure walking through it. This obscures much of the cave wall detail in shadow.
*   **Artistic Style:** The image has a somewhat stylized, artistic quality. It's possible the artist intentionally left the walls ambiguous to maintain a sense of mystery.

**Conclusion:** While the walls *could* have markings, the image doesn't provide clear evidence of them. It's more likely that the texture and lighting create the *impression* of potential markings without actually showing any.



If you'd like,"
question_comb_6720,0,0,0.4527431,0,0.3897403,0,0.2946173,1,1,1,Other,Math & Calculation,Unknown,"According to parallel lines theorem, is angle 1 + angle 2 > 180 ?",no,"No, according to the parallel lines theorem, angles 1 and 2 are supplementary. This means that their sum is equal to 180 degrees, not greater than 180 degrees.

**Explanation:**

When two parallel lines are cut by a transversal (the line that intersects the parallel lines), the angles formed have specific relationships:

*   **Supplementary Angles:** Angles 1 and 2 are supplementary angles. This means that their measures add up to 180 degrees.
*   **Corresponding Angles:** Corresponding angles are equal.
*   **Alternate Interior Angles:** Alternate interior angles are equal.
*   **Alternate Exterior Angles:** Alternate exterior angles are equal.

**Therefore, angle 1 + angle 2 = 180 degrees.**"
question_comb_4611,0,0,0.000120452736,0,7.1809677e-07,0,2.8757495e-06,1,1,1,Object-Related,Attribute Recognition,Unknown,How many dogs are in the photo?,There are no dogs in the photo; We cannot see if there are any dogs in the photo; There are no dogs,"Based on the image, there are **no dogs** visible. The photo shows a large group of people arranged in a spiral pattern on a sandy surface."
question_comb_2170,0,0,0.00015750548,0,1.4430303e-06,0,0.000118537,1,1,1,Other,Visual Understanding,Unknown,"Are there several other raindrops surrounding him, each containing another person?",No; there aren't several other raindrops containing people; There are no raindrops surrounding him containing other people,"Yes, you are absolutely correct! The image is a surreal and evocative piece of digital art. 

Looking closely, you can see that many of the raindrops surrounding the large droplet containing the person in a hooded cloak also appear to contain miniature figures. It's a powerful visual metaphor, suggesting themes of isolation, interconnectedness, and perhaps the fragility of individual existence within a larger world.



It's a very striking and thought-provoking image!"
question_comb_3454,0,0,0.3807525,1,0.9862927,0,5.8738566e-05,1,0,1,Attribute-Related,Attribute Recognition,Unknown,Is the forest withered in this image?,"n, o","No, the forest in the image does not appear withered. The trees are full of lush, green leaves. It looks like a healthy, vibrant forest."
question_comb_9846,0,0,4.228658e-08,0,1.3970483e-05,0,1.3050244e-05,1,1,1,Other,Visual Understanding,Unknown,Is the person's finger adorned with a tiny collar for the kitten?,No; the person's finger is not adorned with a tiny collar for the kitten; the person's finger does not have a tiny collar for the kitten,"No, the image doesn't show a collar on the person's finger. It appears to be a very small kitten sitting on the fingertip. The detail is so realistic that it might look like a collar at first glance, but it's just the texture and shape of the finger."
question_comb_385,1,0,0.0014692281,0,0.0002825317,0,0.061124705,0,0,0,Relationship,Spatial Reasoning,Unknown,Is there direct contact between the person and tree?,"n, o","Yes, based on the image, there appears to be direct contact between the person and the tree. The person is leaning against the tree trunk with their hand on it."
question_comb_8137,0,0,0.008742917,0,0.0029889555,0,0.0025154876,1,1,1,Attribute-Related,Attribute Recognition,Unknown,Is the forest withered in this image?,"n, o","No, the forest in the image does not appear withered. While there's a small area with reddish-brown leaves on one of the bushes, the overall impression is of a lush, green forest. The majority of the trees and foliage are vibrant green, indicating healthy growth."
question_comb_7811,0,1,0.55110145,1,0.9993155,0,0.0018226643,0,0,1,Attribute-Related,Attribute Recognition,Unknown,Is the wall smooth in this image?,"y, e, s","Based on the image, the wall appears to be **smooth**. 

Here's why:

*   **Lack of Texture:** There's no visible texture like bumps, patterns, or graininess on the wall surface.
*   **Reflectivity:** The wall reflects light in a way that suggests a smooth surface.
*   **Color Uniformity:** The color is consistent across the visible portion of the wall, which is typical of smooth walls.



Let me know if you'd like me to analyze anything else in the image!"
question_comb_8517,0,0,0.0024171695,0,0.0001317213,0,0.00559828,1,1,1,Relationship,Spatial Reasoning,Unknown,Is there direct contact between the television and cabinet?,"y, e, s","Based on the image, it appears there is **direct contact** between the television and the cabinet. The bottom edge of the TV is resting directly on the top surface of the cabinet."
question_comb_3485,0,0,7.083273e-05,0,0.0012803369,0,2.2018082e-07,1,1,1,Object-Related,Attribute Recognition,Unknown,How many bees are there?,There are no bees.; No bees are in the image.; Bees are not present in the photo.,"Based on the image, it appears there are **no bees** visible. There are small, white, seed-like structures on the plant, but they don't resemble bees."
question_comb_4568,0,0,7.4308795e-05,0,6.4957014e-05,0,1.0483492e-05,1,1,1,Attribute-Related,Attribute Recognition,Unknown,Is the grass withered in this image?,"n, o","No, the grass in the image does not appear withered. It looks lush and green, with some wildflowers visible."
question_comb_4330,0,0,0.16405441,0,0.35770363,1,0.9910658,1,1,0,Object-Related,Visual Understanding,Unknown,Is there a bottle in the image?,no,"No, there is no bottle in the image. There is a red pitcher holding flowers and a white bowl, but no bottles."
question_comb_6699,0,0,0.010400935,0,0.00017744,0,0.0004883787,1,1,1,Relationship,Spatial Reasoning,Unknown,Is there direct contact between the tap and sink?,"y, e, s","Based on the image, it appears there is a small gap between the tap and the sink. It's not a direct contact, but a very slight separation."
question_comb_2815,0,0,0.0002458908,0,4.033583e-07,0,0.0039229505,1,1,1,Object-Related,Visual Understanding,Unknown,Is there a sign in this image?,"n, o","No, I don't see any signs in the image. The focus is on the fire hydrant and the surrounding grass and greenery."
question_comb_3607,0,0,0.017359853,0,0.025420232,0,0.016143842,1,1,1,Attribute-Related,Attribute Recognition,Unknown,Is the sky white in this image?,"y, e, s","Yes, the sky in the image appears to be white or a very light gray. It's overcast, which is why the sky lacks any distinct color."
question_comb_1399,0,0,0.0053635533,0,6.150691e-05,0,7.118383e-05,1,1,1,Attribute-Related,Attribute Recognition,Unknown,Is the sea blue in this image?,"y, e, s","Yes, the sea is blue in the image. It appears to be a beautiful turquoise-blue color, especially closer to the shore, and transitions to a deeper blue further out."
question_comb_7629,0,0,0.15201144,0,0.39547527,0,0.0005232874,1,1,1,Relationship,Spatial Reasoning,Unknown,Is there direct contact between the person and grass?,"y, e, s","No, there is no direct contact between the person and the grass in the image. The person is wearing athletic shoes, and the feet are clearly elevated above the grass."
question_comb_1217,0,0,3.0577867e-05,0,8.148003e-06,0,5.097904e-06,1,1,1,Other,Visual Understanding,Unknown,is the armory decorated with the logo of a renowned tech company?,No; the armory is not decorated with the logo of any tech company; the armory does not carry any tech company logo.,"Let's analyze the image to see if we can spot a logo.

Based on the image, **no, the armor does not appear to be decorated with a visible logo of a renowned tech company.**

Here's what I've observed:

*   **Focus on Design:** The armor's design is highly detailed and futuristic, with a focus on functionality and aesthetics. The design elements seem to be integrated into the armor itself rather than featuring external branding.
*   **Subtle Details:** While there are some markings and details on the armor, they appear to be more related to tactical or operational identifiers rather than a company logo.
*   **Lighting and Texture:** The lighting and texture of the armor make it difficult to discern any small details that might resemble a logo.

It's possible that a very subtle logo exists, but it's not readily apparent in the image.



If you have another image or a different angle, I might be able to"
question_comb_4616,0,0,5.094876e-06,0,5.3402327e-06,0,0.012761927,1,1,1,Object-Related,Visual Understanding,Unknown,Does the image depict a woman with a robotic head?,No; the image doesn't depict a woman with a robotic head; it does not.,"Yes, the image clearly depicts a woman with a robotic or cybernetic head. Here's a breakdown of why:

*   **Human Face:** The face itself has human-like features – eyes, nose, lips, and skin tone.
*   **Robotic Components:** However, overlaid on the face and extending down the neck are intricate networks of wires, circuits, and mechanical components. These elements are characteristic of robotics and cybernetics.
*   **Overall Impression:** The combination of human and robotic elements creates the impression of a cyborg or a woman with a technologically enhanced or robotic head.



Let me know if you'd like me to analyze any other details in the image!"
question_comb_516,0,0,0.0045429645,0,3.135318e-07,0,0.00012939396,1,1,1,Other,Math & Calculation,Unknown,"According to the table, did Xiaomi sell most units of the smartphone in Q2 2020?",no,"No, according to the table, Xiaomi did not sell the most units of smartphones in Q2 2020.

Here's the breakdown:

*   **Xiaomi:** 28.5 million units
*   **Huawei:** 55.8 million units
*   **Samsung:** 54.2 million units
*   **Apple:** 37.6 million units
*   **OPPO:** 24.0 million units

Huawei sold the most units (55.8 million) in Q2 2020."
question_comb_5818,0,0,3.4015833e-05,0,0.0015761964,0,0.0020654083,1,1,1,Relationship,Spatial Reasoning,Unknown,Is there direct contact between the duck and lake?,"y, e, s","Yes, based on the image, there is direct contact between the ducks and the lake. You can see the ducks' bodies submerged in the water, and ripples emanating from them, indicating they are interacting with the water's surface."
question_comb_746,0,0,0.17910846,0,0.00011635434,0,3.253299e-05,1,1,1,Relationship,Spatial Reasoning,Unknown,Is there direct contact between the bottle and wall?,"n, o","Based on the image, it appears there is **no direct contact** between the bottle and the wall. There's a gap between the bottle and the green wall."
question_comb_2468,0,0,0.08025937,0,0.00019468223,0,0.001084872,1,1,1,Object-Related,Visual Understanding,Unknown,Is there a cat in this image?,"n, o","No, there is no cat in the image. The image shows two Australian Ravens on a grassy area, with one of them eating a piece of bread or pastry."
question_comb_9330,0,0,0.007876062,0,0.00397117,1,0.5348218,1,1,0,Relationship,Spatial Reasoning,Unknown,Is the clock under people? Please answer yes or no.,No,No.
question_comb_5916,0,0,0.000910517,0,6.864835e-05,0,2.8834615e-05,1,1,1,Object-Related,Attribute Recognition,Unknown,Does the image show a 3D rendering of a fox made up of many small triangles?,"Yes, it is a 3D rendering of a fox made up of triangles; Indeed, it is a 3D rendering of a fox; Yes","Yes, you are absolutely correct! The image does indeed show a 3D rendering of a fox constructed from numerous small triangles. This style is often referred to as ""geometric art"" or ""polygon art."" It gives the fox a very stylized and modern look."
question_comb_4788,0,0,0.000610831,0,2.1960126e-05,0,0.23723787,1,1,1,Other,Math & Calculation,Unknown,"According to the figure, are the two orange lines both curved? Please answer yes or no.",yes,Yes.
question_comb_3790,0,0,0.13551694,0,2.7091435e-05,0,0.0025986382,1,1,1,Relationship,Spatial Reasoning,Unknown,Is there direct contact between the person and grass?,"y, e, s","Yes, based on the image, it appears there is direct contact between the people and the grass. Their legs and feet are visible within the tall grass, indicating they are walking through it."
question_comb_7555,0,0,0.014261768,0,0.12131561,0,2.7475608e-06,1,1,1,Other,Knowledge & Identity,Unknown,Is the actor inside the red bounding box called Ryoko Sadoshima? Please answer yes or no.,No,"No.

The actor inside the red bounding box is Harrison Ford, who plays Han Solo. Ryoko Sadoshima is a Japanese actor."
question_comb_9714,0,0,0.17765619,0,0.0012204731,0,0.0004263564,1,1,1,Object-Related,Visual Understanding,Unknown,Is there a dining table in the image?,no,"No, there is no dining table in the image. The image shows a beach scene with a kite flying in the sky, waves crashing on the shore, and two people standing on the sand holding a kite."
question_comb_9542,0,0,0.09602017,0,5.815531e-06,0,4.3005557e-06,1,1,1,Object-Related,Visual Understanding,Unknown,Is there a baseball bat in the image?,no,"No, there is no baseball bat in the image. The image shows a snowy mountain landscape with skiers and ski equipment."
question_comb_5894,0,0,0.0032083446,0,6.232786e-05,0,9.162593e-05,1,1,1,Relationship,Spatial Reasoning,Unknown,Is there direct contact between the duck and river?,"y, e, s","Yes, there is direct contact between the ducks and the river. They are swimming in the water, so their bodies are submerged and in contact with the river."
question_comb_5045,0,0,0.0012525205,0,2.4308749e-05,0,0.0009973904,1,1,1,Object-Related,Visual Understanding,Unknown,Is there a sports ball in the image?,yes,"Yes, there is a baseball in the image. It's being held by the man in the center."
question_comb_9802,0,1,0.5401871,0,0.0002664263,0,9.1430324e-05,0,1,1,Other,Math & Calculation,Unknown,Is the definite integral from 0 to 6 negative?,,"Let's analyze the definite integral from 0 to 6 based on the given graph.

The definite integral represents the net area between the curve and the x-axis.  Areas above the x-axis are considered positive, and areas below the x-axis are considered negative.

From the graph, we can see that:

*   From x = 0 to x = 1, the curve is below the x-axis, so the area is negative.
*   From x = 1 to x = 6, the curve is above the x-axis, so the area is positive.

To determine if the definite integral from 0 to 6 is negative, we need to compare the absolute value of the negative area (from 0 to 1) with the positive area (from 1 to 6).

Visually, the area from 1 to 6 appears to be significantly larger than the area from 0 to 1."
question_comb_840,0,0,4.802019e-05,0,0.019046653,0,3.3435863e-06,1,1,1,Other,Text & OCR,Unknown,How many windows on the back side?,The back side is not visible ; The back of the trailer is not shown ; We cannot know how many windows on the back because it is out of the picture,"Based on the image, there are **four** windows visible on the back side of the trailer."
question_comb_4508,0,0,0.0001686259,0,1.3171902e-05,0,0.0030817331,1,1,1,Other,Visual Understanding,Unknown,Are there both men and women in the crowd?,"Yes, there are men, women and children in the crowd; Yes, the crowd contains both men and women; There are menand women in the image","Yes, based on the image, there appear to be both men and women in the crowd. 

Here's what I can observe:

*   **Choir:** The choir consists of both men and women.
*   **Audience:** In the foreground, we can see the backs of several people. Some appear to have hairstyles and features that suggest they are women, while others appear to be men. It's difficult to be certain about everyone, but there's a clear mix.



Let me know if you'd like me to analyze anything else in the image!"
question_comb_4963,0,0,0.00284755,0,0.009407323,0,0.003007853,1,1,1,Attribute-Related,Attribute Recognition,Unknown,Is the ball red in this image?,"n, o","No, the ball in the image is yellow."
question_comb_4532,0,0,0.13921,0,7.636277e-06,0,2.3723578e-06,1,1,1,Other,General QA,Unknown,What is the ratio of humans to kites in this image?,,"Here's how we can determine the ratio of humans to kites in the image:

*   **Humans:** There are 4 people visible in the image.
*   **Kites:** There is 1 kite visible in the image.

Therefore, the ratio of humans to kites is **4:1**."
question_comb_9329,0,0,0.0014328511,0,2.7880093e-05,0,6.010387e-08,1,1,1,Object-Related,Attribute Recognition,Unknown,How many bunnies are there?,There are no bunnies in this image.; No bunnies can be seen in the forest.; No bunnies are visible in this image.,"Based on the image, there are **no bunnies** visible. It's a beautiful forest scene, but no bunnies are present."
question_comb_1307,0,0,4.510783e-06,0,2.6869614e-06,0,0.0061988626,1,1,1,Attribute-Related,Attribute Recognition,Unknown,Is the grass yellow in this image?,"n, o","No, the grass in the image is not yellow. It appears to be green, although it might have a slightly dry or faded look due to the lighting and the environment (likely a high-altitude or mountainous region)."
question_comb_5169,0,0,0.00028168445,0,7.159986e-06,0,4.824837e-06,1,1,1,Object-Related,Attribute Recognition,Unknown,How many presents are under the tree?,"The image does not reveal the bottom of the tree, so we cannot see how many presents there are; We are unable to determine from the photo; The presents are not in view in this photo","Based on the image, it's difficult to determine the exact number of presents under the tree. The focus is on the photo of the children, and the tree and presents are blurred in the background. 

However, I can see at least **two** presents partially visible. There might be more hidden behind the ones I can see."
question_comb_6021,1,0,0.052208494,0,3.7360337e-06,0,0.0025081066,0,0,0,Other,Knowledge & Identity,Unknown,Is this artwork created by antoniazzo romano? Please answer yes or no.,Yes,"No.



This painting is attributed to the workshop of Antoniazzo Romano, but not definitively by him. It's a complex attribution, and scholars debate the level of his direct involvement."
question_comb_3738,0,0,2.966243e-06,0,6.530515e-06,0,1.1278877e-05,1,1,1,Object-Related,Attribute Recognition,Unknown,What color hat is he wearing?,There is no hat; He is not wearing a hat; He does not have a hat on,"Based on the image, the alligator is **not wearing a hat**. He is wearing a jacket, a shirt, and a tie, but no hat."
question_comb_2720,0,0,7.410316e-05,0,9.60759e-07,0,0.0001974663,1,1,1,Other,Attribute Recognition,Unknown,Does the horse run in this image?,"n, o","No, the horse in the image is not running. It appears to be walking or trotting at a leisurely pace. The legs are not fully extended in the way they would be during a run."
question_comb_5250,0,0,0.012866164,0,5.061362e-05,0,0.07145707,1,1,1,Object-Related,Visual Understanding,Unknown,Is there a ship in this image?,"n, o","No, there is no ship in the image. The image shows a bus parked on a beach, with people standing nearby. There's also a coastline and ocean in the background."
question_comb_8356,0,0,7.553247e-05,0,6.5765984e-05,0,0.00017027117,1,1,1,Attribute-Related,Attribute Recognition,Unknown,Is there one football in this image?,"y, e, s","Yes, there is one football (soccer ball) in the image. It's being kicked by the girl in the picture."
question_comb_6386,1,0,0.16019464,0,0.2812759,1,0.93213236,0,0,1,Attribute-Related,Attribute Recognition,Unknown,Is the sunflower withered in this image?,"n, o","Based on the image, the sunflowers do appear to be slightly withered. Here's what suggests that:

*   **Drooping petals:** Some of the petals are drooping downwards, which is a common sign of wilting in sunflowers.
*   **Darkening centers:** The centers of the sunflowers look a bit darker than they would when fresh.
*   **Overall appearance:** They don't have the vibrant, upright appearance of freshly cut sunflowers.

While they aren't completely dried out, they are past their peak freshness."
question_comb_6273,0,0,0.15602243,0,8.019913e-05,0,0.0008156858,1,1,1,Relationship,Spatial Reasoning,Unknown,Is there direct contact between the child and beach?,"y, e, s","Yes, based on the image, there is direct contact between the child and the beach. The child is barefoot and standing on the sand, indicating direct contact."
question_comb_6687,0,0,0.00012175393,0,0.17431101,0,0.001841531,1,1,1,Relationship,Spatial Reasoning,Unknown,Is there direct contact between the floor and chair?,"y, e, s","Yes, based on the image, there is direct contact between the chair and the wooden floor. The legs of the chair are resting directly on the floorboards."
question_comb_5714,0,0,0.16636814,0,0.0005941551,0,5.4552747e-05,1,1,1,Attribute-Related,Attribute Recognition,Unknown,Is the wall white in this image?,"n, o","No, the wall in the image is not white. It appears to be a shade of **yellow**, possibly a muted or pastel yellow."
question_comb_2401,0,0,0.0028478235,0,0.0030089784,0,4.911958e-08,1,1,1,Relationship,Spatial Reasoning,Unknown,Is there direct contact between the person and motorbike?,"y, e, s","Yes, there is direct contact between the person and the motorbike. The person is riding the motorbike and is clearly in physical contact with the seat, handlebars, and footpegs."
question_comb_3757,0,0,0.15183139,0,0.004286586,0,5.2818546e-06,1,1,1,Relationship,Spatial Reasoning,Unknown,Is there direct contact between the woman and surfboard?,"y, e, s","Yes, based on the image, there is direct contact between the woman and the surfboard. She is holding the surfboard vertically with her hands."
question_comb_7057,0,0,7.553247e-05,0,7.510985e-08,0,0.0010360033,1,1,1,Relationship,Spatial Reasoning,Unknown,Is there direct contact between the person and grass?,"y, e, s","Yes, based on the image, there is direct contact between the person and the grass. Their foot is clearly visible on the grassy surface."
question_comb_3228,0,0,8.59107e-06,0,5.0303413e-07,0,3.7371456e-06,1,1,1,Object-Related,Attribute Recognition,Unknown,How many rats does the snake have in it’s mouth?,None; There are no rats; There is no snake with any rats in it’s mouth,"This is a fascinating and somewhat unsettling image! 

Based on the painting, it appears the snake has **three** rats in its mouth. You can see the tails and parts of the bodies of three small rodents within the snake's open jaws.

It's a very striking and unusual detail in the artwork!"
question_comb_1613,0,0,0.001118255,0,0.013942828,0,0.0005033212,1,1,1,Relationship,Spatial Reasoning,Unknown,Is there direct contact between the banana and pear?,"n, o","No, based on the image, there is no direct contact between the banana and the pear. They are positioned separately on the aluminum foil."
question_comb_8160,0,0,0.2627115,0,1.0104297e-06,0,0.00025598786,1,1,1,Relationship,Spatial Reasoning,Unknown,Is there direct contact between the phone and ebook?,"n, o","Based on the image, there is **no direct contact** between the phone and the ebook reader (Kobo). They are placed side-by-side on the wooden surface, but there's a clear gap between them."
question_comb_1218,1,0,0.2882415,0,0.36729184,1,0.9268164,0,0,1,Object-Related,Visual Understanding,Unknown,Is there a sports ball in the image?,yes,"No, there is no sports ball visible in the image. The image shows a tennis court with two players, but there's no tennis ball present."
question_comb_4229,0,0,0.24825068,0,0.00033930322,0,9.582642e-05,1,1,1,Relationship,Spatial Reasoning,Unknown,Is there direct contact between the person and mountain?,"n, o","No, there is no direct contact between the person and the mountain in the image. 

Here's why:

*   **Distance:** The person is sitting near a tent on a rocky slope, while the mountain is a significant distance away.
*   **Terrain:** There's a clear separation of terrain between the person and the mountain – rocks, a tent, and a slope versus the steep, snowy mountain face.



Let me know if you'd like me to analyze anything else in the image!"
question_comb_2351,0,0,0.12569486,0,0.00061390206,0,0.0004529866,1,1,1,Other,Knowledge & Identity,Unknown,Vitamin C is very helpful for human health. Does the food on in the picture usually contain Vitamin C? Please answer yes or no.,Yes,"Yes.



Lemons are a well-known source of Vitamin C."
question_comb_8574,0,0,0.00019231495,0,9.912078e-05,0,0.019558353,1,1,1,Relationship,Spatial Reasoning,Unknown,Is there direct contact between the phone and table?,"y, e, s","Yes, based on the image, there appears to be direct contact between the phone and the table. The bottom edge of the phone is resting directly on the wooden surface of the table."
question_comb_6662,0,0,0.0022499615,0,0.00068426627,0,0.00010713379,1,1,1,Relationship,Spatial Reasoning,Unknown,Is there direct contact between the woman and sea?,"n, o","No, there is no direct contact between the woman and the sea in the image. She is standing on a concrete embankment or pier, with a blue metal fence separating her from the water."
question_comb_7650,1,0,0.005553242,0,9.050804e-06,1,0.98972815,0,0,1,Other,Text & OCR,Unknown,Is this movie originated from the country or region of hong kong? Please answer yes or no.,Yes,"No.

The movie ""The Silent War"" (静战) is a **Chinese** film. It was released in mainland China in 2012."
question_comb_4767,1,0,0.01973395,0,1.1226155e-05,0,0.00527513,0,0,0,Relationship,Spatial Reasoning,Unknown,Is there direct contact between the train and forest?,"n, o","Based on the image, there is **some direct contact** between the train and the forest. 

You can see branches and foliage from the trees on the left side of the image extending over and touching the train cars."
question_comb_5003,0,0,1.7104703e-05,0,0.00016413913,0,0.0004595978,1,1,1,Object-Related,Visual Understanding,Unknown,Is there a sun in this image?,"n, o","No, there is no visible sun in the image. The sky is bright blue with some clouds, suggesting it's a sunny day, but the sun itself isn't directly visible."
question_comb_4842,0,0,1.3273525e-06,0,4.1815224e-07,0,2.3138395e-05,1,1,1,Object-Related,Attribute Recognition,Unknown,How many lit candles are in the image?,Two; There are two lit candles; Two lit candles can be seen in the image,"Based on the image, there are **two** lit candles. They are in a candelabra on the right side of the picture."
question_comb_5875,0,0,0.0078028208,0,0.00015374437,0,5.6370605e-05,1,1,1,Attribute-Related,Attribute Recognition,Unknown,Is the forest withered in this image?,"n, o","No, the forest in the image does not appear withered. The trees are green and lush, suggesting a healthy and vibrant forest."
question_comb_5224,0,0,0.095367976,0,1.8438053e-06,0,0.0010289928,1,1,1,Attribute-Related,Attribute Recognition,Unknown,Is the grass yellow in this image?,"n, o","Yes, the grass in the image appears to be yellow in several areas. It's not uniformly green; there are patches of yellow and brown mixed in, suggesting it might be dry or dormant."
question_comb_2750,0,0,0.0009793041,0,0.0006447171,0,0.0018004186,1,1,1,Attribute-Related,Attribute Recognition,Unknown,Is the wall uneven in this image?,"n, o","Yes, the wall in the image appears to be uneven. You can see a noticeable curve or wave in the wall behind the bicycle wheel and the cat. This is most apparent in the area where the wall meets the baseboard."
question_comb_3336,0,0,0.000112181464,0,1.1680881e-06,0,7.891166e-06,1,1,1,Object-Related,Attribute Recognition,Unknown,How many pinecones make up the house in this image?,There are no pinecones in this image.,"Based on the image, it appears that **no pinecones** are used to construct the house. 

The house is primarily made of what looks like a large, stylized mushroom structure, with details like moss, small mushrooms, and other natural elements incorporated into the design. There are no visible pinecones used in its construction."
question_comb_9847,0,0,0.006492436,0,0.0011790836,0,2.3849833e-07,1,1,1,Object-Related,Attribute Recognition,Unknown,How many people are inside the house?,"The image does not depict anyone inside of the house, it is simply an illustration of a house ; What color is the dog in the yard? ; There is no dog in the yard in this image","Based on the image, it's impossible to tell if there are any people inside the house. The windows are dark and don't reveal any figures."
question_comb_2480,1,0,0.008728808,0,0.0008867536,0,0.00017300074,0,0,0,Object-Related,Visual Understanding,Unknown,Is there a person in the image?,no,"Yes, there are people in the image. They are visible on the television screen playing a soccer (football) game. You can see the players on the field."
question_comb_4397,0,0,0.02411033,0,4.0992818e-05,0,0.07893682,1,1,1,Object-Related,Visual Understanding,Unknown,Is there a dining table in the image?,no,"No, there is no dining table in the image. The image shows the back of a bus with an advertisement for ""Culture Japancon."""
question_comb_423,1,0,0.41330034,0,0.0,1,0.70429546,0,0,1,Other,Math & Calculation,Unknown,"In 2020, did China have the largest GDP around the world, followed by the United States, and Japan, according to the image?",no,"According to the image, in 2020:

*   **China** had the largest share of the world's GDP.
*   **United States** was the second largest.
*   **Japan** was the third largest.



So, your statement is correct."
question_comb_6217,0,0,0.012166451,0,8.107243e-08,0,0.0003041255,1,1,1,Other,Visual Understanding,Unknown,What is the statue holding in her left hand (on the right side of the image)?,She is holding a book; A book ; The statue is holding a book in her left hand,"In the image, the Statue of Liberty is holding a **tablet** in her left hand (which is on the right side of the image). It appears to be a digital tablet, rather than the traditional scroll she typically holds. 

This is a striking and symbolic detail that adds a modern and potentially provocative element to the iconic statue."
question_comb_4810,0,0,0.20844007,1,0.61387354,0,0.001983284,1,0,1,Object-Related,Visual Understanding,Unknown,Is there a cloud in this image?,"n, o","No, there doesn't appear to be a cloud in the image. The sky is a clear, light blue."
question_comb_1934,1,0,0.06257362,0,0.0070338184,1,0.85454625,0,0,1,Other,Knowledge & Identity,Unknown,Is the person inside the red bounding box named Dan Hunter? Please answer yes or no.,No,Yes.
question_comb_4954,0,0,0.008015052,0,0.00040875364,0,1.4927053e-06,1,1,1,Object-Related,Attribute Recognition,Unknown,Which color of the necklace does the girl in the right side wear?,The girl doesn't wear a necklace; I can't see necklace; There is no necklace the girl wears it,"Based on the image, the girl on the right side is wearing a **pink** necklace."
question_comb_1353,0,0,0.001333744,0,2.8465012e-05,0,1.997977e-05,1,1,1,Relationship,Spatial Reasoning,Unknown,Is there direct contact between the hydrant and grass?,"n, o","No, there is no direct contact between the hydrant and the grass in the image. The hydrant is standing on a concrete sidewalk, and there's a strip of concrete separating it from the grass."
question_comb_5557,0,0,2.5926752e-06,0,5.802782e-05,0,0.0055743824,1,1,1,Attribute-Related,Attribute Recognition,Unknown,Are there two horses in this image?,"y, e, s","Yes, there are two horses in the image. They are grazing on a grassy bank near the water."
question_comb_7889,0,0,0.0008088502,0,0.0013019001,0,0.00032770768,1,1,1,Relationship,Spatial Reasoning,Unknown,Is there direct contact between the toy and sea?,"n, o","No, based on the image, there is no direct contact between the toy dump truck and the sea. The truck is sitting on the sand, and the waves are a distance away from it."
question_comb_2368,0,0,0.0023476768,0,7.102689e-06,0,0.1347002,1,1,1,Attribute-Related,Attribute Recognition,Unknown,Is the grass dense in this image?,"y, e, s","Yes, the grass appears to be quite dense in the image. It's tall and covers a significant portion of the foreground, creating a thick, grassy environment around the giraffe."
question_comb_7693,0,0,0.00083039707,0,0.00016153902,0,1.1676054e-05,1,1,1,Object-Related,Visual Understanding,Unknown,Are the man's earring made out of gold or silver?,There is no earings; we can not see any earings; the man does not wear any earings,"Based on the image, the man's earrings appear to be made of **silver**. They have a cool, metallic sheen and a slightly darker tone compared to the gold-like elements used in the mosaic of his face."
question_comb_5739,0,0,0.0006166726,0,8.755142e-08,0,3.170566e-06,1,1,1,Object-Related,Visual Understanding,Unknown,Does the image show two people underwater without any diving equipment?,Yes; the image indeed shows two people underwater without any diving equipment; it shows two people underwater without any diving equipment.,"Yes, the image appears to show two people underwater without any visible diving equipment. Here's why:

*   **No Gear:** There are no scuba tanks, masks, snorkels, or any other typical diving gear visible on the individuals.
*   **Natural Appearance:** They appear to be breathing normally and their expressions are calm, suggesting they are comfortable underwater.
*   **Artistic Effect:** The swirling colors and fluid-like effects around them are likely a result of artistic techniques (possibly digital manipulation or ink diffusion in water) rather than a natural underwater environment. This contributes to the illusion of being submerged.



It's a stunning and creative image!"
question_comb_7979,0,0,0.00018585219,0,0.3730353,0,8.818183e-05,1,1,1,Other,Math & Calculation,Unknown,Find the value of the variable $x$ in the figure.,,"Let the angles of the quadrilateral be $120^\circ$, $108^\circ$, $(5y)^\circ$, and $(2x)^\circ$.
The sum of the interior angles of a quadrilateral is $360^\circ$.
Therefore, we have
$$120^\circ + 108^\circ + (5y)^\circ + (2x)^\circ = 360^\circ$$
$$228^\circ + 5y^\circ + 2x^\circ = 360^\circ$$
$$5y + 2x = 360 - 228$$
$$5y + 2x = 132$$

Since the lines are parallel, the angles $(5y)^\circ$ and $(2x)^\circ$ are supplementary.
Therefore,
$$5y + 2x = 180$$
We have two equations:"
question_comb_1111,0,0,0.19109575,0,0.15406126,0,0.014018251,1,1,1,Other,Math & Calculation,Unknown,"According to the image, in 2018, did ""Black Panther"" achieve the highest box office revenue in North America?",no,"No, according to the image, ""Avengers: Infinity War"" achieved the highest box office revenue in North America in 2018, with $700.06 million. ""Black Panther"" came in second with $678.82 million."
question_comb_2390,0,0,0.30085936,1,0.9773885,1,0.5606237,1,0,0,Object-Related,Visual Understanding,Unknown,Is there a table in this image?,"n, o","No, there is no table visible in the image. The image shows a mirror, a vase with flowers, and a lamp on a wall."
question_comb_8250,0,0,0.0011337699,0,3.1278953e-05,0,6.863435e-07,1,1,1,Other,Text & OCR,Unknown,Which school are these kids from?,Don't know as the image doesn't mention the name of the school; We can't tell as the image is not taken in the school; Cannot tell.,"Based on the sign in the background, these kids appear to be from **Radnor Middle School**. 

You can see the words ""Radnor Mts PTA"" on the sign, indicating the school's name and parent-teacher association."
question_comb_3614,0,0,0.00013874775,0,1.0859098e-08,0,8.622544e-07,1,1,1,Attribute-Related,Attribute Recognition,Unknown,Is the light bulb filled with different colors of paint instead of a filament?,No; the light bulb is not filled with different colors of paint; the light bulb does not contain paint instead of a filament.,"Yes, that's exactly what it appears to be! The image depicts a light bulb where the traditional filament has been replaced with a swirling mix of different colored paints – yellow, pink, blue, and a touch of green. It's a creative and artistic representation of an idea or concept, using the light bulb as a visual metaphor."
question_comb_4404,0,0,1.8030487e-05,0,9.984212e-05,0,3.8656603e-06,1,1,1,Object-Related,Attribute Recognition,Unknown,How many humanoid figures are present in the image,Two; There are two humanoid figures in this image; There appear to be just two humanoid characters in this image,"Based on the image, I can identify **three** humanoid figures:

1.  **The astronaut in the foreground:** This is the most prominent figure, with a detailed face visible through the helmet.
2.  **A smaller astronaut in the lower center:** This figure is standing on the surface, appearing smaller and further away.
3.  **A figure within the city scene on the right:** There's a humanoid figure visible within the detailed cityscape depicted in the right panel.



Let me know if you'd like me to look for anything else in the image!"
question_comb_3205,0,0,0.1974233,0,2.8193932e-05,0,5.128376e-05,1,1,1,Relationship,Spatial Reasoning,Unknown,Is there direct contact between the man and tap?,"n, o","Based on the image, it appears there is **no direct contact** between the man and the tap. The tap is positioned behind him, and he is submerged in a bathtub filled with bubbles."
question_comb_6735,0,0,0.29172537,0,0.11278009,0,0.018941082,1,1,1,Object-Related,Visual Understanding,Unknown,Is there a cow in the image?,yes,"Yes, there are cows in the image. You can clearly see two cows resting on the sandy beach. One has large, curved horns and a dark gray/black body, while the other is lighter brown."
question_comb_9674,1,0,0.05598592,0,0.00038804745,0,0.24908432,0,0,0,Attribute-Related,Attribute Recognition,Unknown,Is the beach flat in this image?,"n, o","Yes, the beach in the image appears to be quite flat. The sand stretches out evenly towards the water, and there are no noticeable dunes or significant changes in elevation."
question_comb_3986,0,0,0.0152589,0,0.004268332,0,0.0019575665,1,1,1,Object-Related,Visual Understanding,Unknown,Is there a surfboard in the image?,yes,"Yes, there is a surfboard in the image. You can see a person riding it in the water, to the right of the kite surfer."
question_comb_6119,0,0,0.007912496,0,0.004590448,0,1.7162742e-05,1,1,1,Object-Related,Visual Understanding,Unknown,Is there a dog in this image?,"n, o","No, there is no dog in the image. The image shows an apple orchard with apples on the trees and scattered on the ground."
question_comb_5231,0,0,9.113642e-06,0,1.6881883e-06,0,3.1485783e-05,1,1,1,Attribute-Related,Attribute Recognition,Unknown,Is the grass withered in this image?,"n, o","No, the grass in the image does not appear withered. It looks quite green and lush, especially in the fields on either side of the road. The overall impression is of healthy, vibrant grass."
question_comb_2870,0,0,4.198795e-05,0,0.0006431052,0,0.00049672014,1,1,1,Object-Related,Visual Understanding,Unknown,Is there a person in this image?,"n, o","No, there is no person in the image. The image shows a close-up of a brown bear."
question_comb_1462,0,0,0.00011306434,0,5.4557007e-05,0,1.3475891e-05,1,1,1,Attribute-Related,Attribute Recognition,Unknown,Is there one hat in this image?,"y, e, s","No, there is not a hat in the image. The person in the image is wearing a helmet. Helmets are protective headgear, not hats."
question_comb_2766,0,0,9.980185e-05,0,0.0025489198,0,2.457416e-05,1,1,1,Object-Related,Attribute Recognition,Unknown,How many windows does the room have?,The room has one window ; There is one window in the room ; The empty room has a single window,"Based on the image, the room has **one** window. It's a vertical, rectangular window located on the left wall."
question_comb_1855,0,0,0.00013522145,0,0.04201565,0,0.00014384161,1,1,1,Other,Math & Calculation,Unknown,Find $m \angle B$.,,"Let $O$ be the center of the circle.
We are given that $m \angle AOC = 122^\circ$.
Since $OA$ and $OC$ are radii of the circle, $OA = OC$.
Therefore, $\triangle AOC$ is an isosceles triangle with $OA = OC$.
The sum of the angles in a triangle is $180^\circ$.
So, $m \angle OAC + m \angle OCA + m \angle AOC = 180^\circ$.
Since $\triangle AOC$ is isosceles with $OA = OC$, we have $m \angle OAC = m \angle OCA$.
Let $x = m \angle OAC = m \angle OCA$.
Then $x + x + 122^\circ = 180^\circ$.
$2x = 180^\circ - 122^\circ = 58^\"
question_comb_6254,0,0,0.00015306461,0,6.452762e-05,0,1.1404966e-08,1,1,1,Other,Attribute Recognition,Unknown,How many bars have values larger than 6?,,"Based on the image, there is only **one** bar with a value larger than 6. It's the ""motive"" bar, which extends to the value of 9."
question_comb_5853,0,0,0.00012658667,0,6.760662e-05,0,2.3572931e-05,1,1,1,Other,General QA,Unknown,Describe this image.,"forest, river, grass, bicycle, toy, cat, road, sky","Here's a description of the image:

**Overall Impression:**

The image shows a red vintage-style bicycle with a whimsical touch – a small, white, cat-shaped plush toy attached to the handlebars. The bike is parked outdoors on a grassy area next to a body of water, likely a river or stream. The background is a lush, green landscape with trees and flowering bushes.

**Detailed Description:**

*   **Bicycle:** The bike is a classic cruiser style, with a curved frame and handlebars. It's a deep red color and appears to be well-maintained. The seat is black and padded.
*   **Plush Toy:** A small, white, cat-shaped plush toy is perched on the handlebars. It has pink ears, a black nose, and white spots. It adds a playful and charming element to the scene.
*   **Background:** The background is a natural setting. There's a body of water (river or"
question_comb_9174,1,0,0.22632162,0,0.3761004,1,0.6469223,0,0,1,Object-Related,Visual Understanding,Unknown,Is there a truck in the image?,yes,"No, there is no truck in the image. There are several cars and a police vehicle in the background, but no trucks are visible."
question_comb_3857,0,0,0.00013269605,0,2.8556096e-05,0,0.067617305,1,1,1,Attribute-Related,Attribute Recognition,Unknown,Is the forest dense in this image?,"y, e, s","Yes, the forest in the image appears to be quite dense. The trees are closely packed together, forming a solid wall of green along both sides of the road."
question_comb_6747,0,0,0.0026117035,0,9.864503e-06,0,7.485608e-05,1,1,1,Relationship,Spatial Reasoning,Unknown,Is there direct contact between the bench and forest?,"n, o","No, there is no direct contact between the bench and the forest. The forest is visible through the window of the train car. The bench is inside the train car."
question_comb_8875,0,0,1.2186921e-06,0,7.682851e-06,0,0.00010168518,1,1,1,Relationship,Spatial Reasoning,Unknown,Is there direct contact between the door and wall?,"y, e, s","Based on the image, it appears there is a slight gap between the door and the wall. The door is set within a white frame, and the frame is flush with the wall. This suggests that the door itself doesn't directly touch the wall."
question_comb_8714,0,0,0.004620281,0,1.8170667e-05,0,0.0012697937,1,1,1,Relationship,Spatial Reasoning,Unknown,Is there direct contact between the wall and tree?,"n, o","Based on the image, it appears there is **no direct contact** between the wall and the tree. 

Here's why:

*   **Gap:** There's a noticeable gap between the tree trunk and the wall.
*   **Ground:** The tree is resting on the ground, which is separate from the wall.



Let me know if you'd like me to analyze anything else in the image!"
question_comb_5384,0,0,0.038282253,0,0.0003937499,0,0.0015659014,1,1,1,Object-Related,Visual Understanding,Unknown,Is there a ship in this image?,"n, o","No, there is no ship visible in the image. The image shows a surfer riding a wave on a beach."
question_comb_3038,0,0,8.574435e-05,0,0.0002266858,0,3.117996e-05,1,1,1,Object-Related,Visual Understanding,Unknown,Is Miles Morales swinging through the city with a traditional red spider-man costume?,"Yes; Miles Morales is indeed swinging through the city with a traditional red spider-man costume; Indeed, it is true.","No, Miles Morales is not wearing a traditional red Spider-Man costume in the image. Here's what he *is* wearing:

*   **Hoodie:** He's wearing a black hoodie with a red hood.
*   **Suit Details:** The suit itself is primarily black with blue and red accents, and a distinctive spider emblem.
*   **Casual Clothing:** He's also wearing blue pants and pink sneakers, giving him a more casual, street-style look.

This is his signature style, which is different from the classic red and blue Spider-Man suit."
question_comb_8784,0,0,0.20844007,1,0.61387354,0,0.08711035,1,0,1,Attribute-Related,Attribute Recognition,Unknown,Is the beach uneven in this image?,"y, e, s","Yes, the beach in the image appears to be uneven. You can see variations in the sand level and texture, suggesting it's not perfectly flat. There are ripples and dips in the sand, indicating an uneven surface."
question_comb_3742,0,0,0.001540281,0,0.0,0,0.00035469205,1,1,1,Relationship,Spatial Reasoning,Unknown,Is there direct contact between the man and stair?,"y, e, s","Based on the image, it appears there is **no direct contact** between the man and a stair. He is sitting on a concrete curb or ledge, not a set of stairs. The curb is adjacent to the road and has graffiti on it."
question_comb_2235,0,0,0.46744657,0,0.002554307,0,0.00035549907,1,1,1,Other,Knowledge & Identity,Unknown,Is the person inside the red bounding box named Honey Chhaya? Please answer yes or no.,No,"No.

The person in the red box is Murray Head, who played the hotel concierge in *The Grand Budapest Hotel*."
question_comb_526,1,1,0.9486326,0,0.20037247,0,0.48581576,1,0,0,Other,Temporal & Video,Unknown,"According to the positive sequence of the images, Is the circle keeping in the same place? Answer in one word.",yes,No.
question_comb_5361,0,0,1.41403125e-05,0,6.5592385e-06,0,1.4299216e-06,1,1,1,Relationship,Spatial Reasoning,Unknown,Is there direct contact between the bench and person?,"n, o","Based on the image, there is **no direct contact** between the bench and any person. The people in the background are walking along the path, and the bench is situated to the side, with fallen leaves between it and the path."
question_comb_3743,0,0,0.005855304,0,2.3084137e-06,0,4.1398416e-06,1,1,1,Other,Text & OCR,Unknown,What is the brand name of the swim goggles?,Can't answer by seeing the image; Don't know what is the brand name of the swim goggles; Based on the image can't answer,"Based on the image, the brand name of the swim goggles appears to be **Speedo**. You can see the ""Speedo"" logo on the right temple of the goggles."
question_comb_2692,0,0,0.30989978,0,0.3994763,0,7.297741e-05,1,1,1,Other,Math & Calculation,Unknown,"From 2000-2050, is the population aged between 15 and 29 years in China the most in 2005?",yes,"Yes, according to the bar graph, the population aged between 15 and 29 years in China was the highest in 2005. The bar for 2005 reaches the highest point on the graph, indicating approximately 133 million people in that age group."
question_comb_6984,0,0,0.016881784,0,0.00020540213,0,0.08614637,1,1,1,Relationship,Spatial Reasoning,Unknown,Is there direct contact between the grass and cow?,"y, e, s","Yes, based on the image, there is direct contact between the grass and the cows. You can see the cows grazing and their bodies are clearly touching the grass."
question_comb_1948,0,0,0.12817734,0,0.0019639388,0,0.0018304521,1,1,1,Object-Related,Visual Understanding,Unknown,Is there a beach in this image?,"n, o","No, there doesn't appear to be a beach visible in the image. The photo shows a surfer riding a wave in the ocean. The focus is entirely on the water and the surfer, with no land or beach in sight."
question_comb_4522,0,0,0.00011483106,0,0.0003223784,0,4.1585554e-05,1,1,1,Attribute-Related,Attribute Recognition,Unknown,Are there two balls in this image?,"n, o","No, there is only one ball in the image. It's being held in the dachshund's mouth."
question_comb_265,0,0,0.029280411,0,1.0646098e-06,0,0.0024224631,1,1,1,Relationship,Spatial Reasoning,Unknown,Is there direct contact between the orange and bowl?,"y, e, s","Yes, based on the image, there is direct contact between the orange slices and the bowl. You can see the orange segments resting on the inside surface of the bowl."
question_comb_8878,0,0,0.00030241298,0,6.3902266e-06,0,1.8880609e-06,1,1,1,Other,Visual Understanding,Unknown,"Is there a crowd of human spectators, cheering on the dance?",No; there is no crowd of human spectators cheering on the dance; the crowd of human spectators is absent,"No, there are no human spectators visible in the image. The focus is entirely on the three cats dressed in traditional robes, seemingly performing a dance. The background shows a traditional building and greenery, but no people are present."
question_comb_4166,1,0,0.0011597245,0,0.00014143212,1,0.9740906,0,0,1,Object-Related,Visual Understanding,Unknown,Is there a car in the image?,no,"Yes, there is a car in the image. It's visible in the background, partially obscured by a wall and some trees."
question_comb_3260,0,0,0.38762295,0,0.00017545189,1,0.921729,1,1,0,Other,Knowledge & Identity,Unknown,Is the person inside the red bounding box called Jaimz Woolvett? Please answer yes or no.,Yes,Yes.
question_comb_2727,0,0,0.0027643668,1,0.85007566,0,1.5707064e-05,1,0,1,Object-Related,Visual Understanding,Unknown,Is there a person in the image?,yes,"Yes, there is a person in the image, although they are partially visible. 

Here's what I can see:

*   **Part of a person's arm and shoulder** are visible in the background, slightly out of focus.
*   **A figurine** is placed on top of the pizza. It appears to be a stylized character, possibly from anime or manga.

So, while the person isn't the main focus, they are present in the background."
question_comb_6067,0,0,0.0009503876,0,4.3186873e-07,0,8.063727e-06,1,1,1,Other,Visual Understanding,Unknown,Is the dragon composed of twigs and bark?,No; The dragon is not composed of twigs and bark; Not made of twigs and bark.,"No, the dragon in the image is not composed of twigs and bark. It appears to be **made entirely of autumn leaves**. 

Here's a breakdown of what makes it look that way:

*   **Texture:** The dragon's scales, wings, and horns are all formed from the intricate patterns and shapes of fallen leaves.
*   **Color Palette:** The warm, autumnal colors of orange, red, and brown reinforce the leaf-based construction.
*   **Details:** You can see the veins and textures of leaves throughout the dragon's form.



It's a beautiful and creative digital artwork that uses leaves to create a fantastical creature!"
question_comb_2875,0,0,0.0022501338,0,0.0010849925,0,3.6032357e-05,1,1,1,Object-Related,Visual Understanding,Unknown,Is there a horse in the image?,yes,"Yes, there is a horse in the image. It's a dark-colored horse with white markings on its legs, and a police officer is riding it."
question_comb_1301,0,0,6.442943e-05,0,2.7522881e-05,0,5.674361e-06,1,1,1,Object-Related,Attribute Recognition,Unknown,How many people are inside of the camper?,We can not see inside of the camper ; No one is visible inside of the camper ; There is no one visible inside of the camper,"Based on the image, it appears there are **two** people inside the camper. You can see two silhouettes visible through the windows."
question_comb_6320,0,0,0.013549544,0,1.567119e-06,0,0.0002569474,1,1,1,Attribute-Related,Attribute Recognition,Unknown,Does the dinosaur have small wings and is ready to fly?,No; the dinosaur does not have small wings and is not ready to fly; the dinosaur is not ready to fly.,"No, the dinosaur in the image does not have wings and is not ready to fly. It appears to be a small, reptilian creature resembling a baby dinosaur, possibly an iguana or a similar species. It's sitting in a puddle and seems to be drinking water. There are no visible wings or any features suggesting it can fly."
question_comb_5054,1,0,0.0020923694,0,0.00022851127,0,0.042214744,0,0,0,Attribute-Related,Attribute Recognition,Unknown,Is the grass withered in this image?,"n, o","Based on the image, the grass does appear to be somewhat withered or dry in certain areas. You can see patches of brown and yellow mixed in with the green, particularly around the base of the stop sign. It doesn't look lush and vibrant throughout."
question_comb_3392,0,0,0.0024010707,0,0.00029391958,0,0.0002912137,1,1,1,Object-Related,Visual Understanding,Unknown,Is there a tap in this image?,"n, o","No, there is no tap in the image. The image shows a can of beer floating in a toilet bowl."
question_comb_6698,0,0,0.00086732657,0,0.017245233,0,0.001642808,1,1,1,Attribute-Related,Attribute Recognition,Unknown,Is there one orange in this image?,"y, e, s","Yes, there is one orange in the image. It's the one with the very textured, bumpy skin. It's a mandarin orange, also known as a tangerine or a clementine."
question_comb_1369,0,0,0.013847426,0,4.504863e-06,0,0.00069475156,1,1,1,Attribute-Related,Attribute Recognition,Unknown,Is the wall white in this image?,"y, e, s","Yes, the wall in the image appears to be white. It's covered in white tiles."
question_comb_7152,0,0,0.005126413,0,4.0558745e-05,0,0.001068322,1,1,1,Attribute-Related,Attribute Recognition,Unknown,Is the ground straight in this image?,"n, o","No, the ground in the image is not straight. It's a winding road carved into the side of a steep mountain. The road follows the contours of the terrain, creating a series of curves and switchbacks."
question_comb_7682,0,0,0.00086732657,0,0.07160689,0,2.748643e-06,1,1,1,Relationship,Spatial Reasoning,Unknown,Is there direct contact between the tangerine and plate?,"y, e, s","Yes, based on the image, there appears to be direct contact between the tangerine and the white plate. You can see the tangerine resting on the plate's surface."
question_comb_9425,0,0,0.00018802533,0,1.7611037e-05,0,0.0005463702,1,1,1,Other,Visual Understanding,Unknown,Are all the dogs in the picture natural breeds without cross-breeding?,No; the dogs in the picture are not all natural breeds; they have been cross-bred.,"Based on the image, it's difficult to definitively say whether all the dogs are purely natural breeds without cross-breeding. However, here's a breakdown of what we can observe and some possibilities:

*   **Left Dog (White):** This dog strongly resembles a **Karakachan Shepherd Dog**. This is a rare, ancient breed from Bulgaria known for its white coat and powerful build. It's likely this dog is a Karakachan or a very close representation of the breed.
*   **Middle Dog (Black):** This dog has features that could suggest a **Black Russian Terrier**. However, the head shape and overall appearance are a bit less typical. It could also be a mix with some other black breeds.
*   **Right Dog (Black and White):** This dog has a mix of characteristics that could point to a **Belgian Shepherd Dog** (possibly a Groenendael or Laekenois variety). However, the specific markings and head shape"
question_comb_934,0,0,0.0026159573,0,2.3220073e-05,0,0.37036172,1,1,1,Attribute-Related,Attribute Recognition,Unknown,Is the mountain tall in this image?,"y, e, s","Yes, the mountains in the image appear to be quite tall. They dominate the background and rise significantly above the lake and surrounding trees. The hazy atmosphere makes it a bit difficult to judge the exact height, but their scale is clearly substantial."
question_comb_5968,0,0,0.0005421529,0,0.0004022666,0,0.00011058481,1,1,1,Attribute-Related,Attribute Recognition,Unknown,Is there one man in this image?,"y, e, s","Yes, there is one man in the image. He is walking hand-in-hand with a woman on the beach."
question_comb_2462,0,0,0.00019021625,0,1.871393e-06,0,0.00016464904,1,1,1,Other,Visual Understanding,Unknown,Is the surrounding environment affected by a subtle yet magical brightness due to the flowers' glow?,No; the surrounding environment is not affected by a subtle yet magical brightness due to the flowers' glow; there is no magical brightness due to the flowers' glow.,"Yes, absolutely! Looking at the image, it's clear that the surrounding environment is significantly affected by the flowers' glow. Here's a breakdown of how:

*   **Subtle Illumination:** The flowers emit a vibrant, neon-like light in shades of blue, purple, and pink. This light isn't harsh, but it's enough to softly illuminate the immediate area around the flowers.
*   **Color Cast:** The colors of the flowers cast a subtle color tint on the black background. You can see hints of purple and blue reflecting on the surface, indicating that the light is spreading and influencing the surrounding darkness.
*   **Glow Effect:** There's a soft, ethereal glow around the flowers, which suggests that the light is diffusing and creating a magical atmosphere.
*   **Overall Mood:** The combination of the vibrant colors and the soft glow creates a sense of wonder and enchantment, reinforcing the idea of a magical brightness.



The"
question_comb_7664,0,0,0.003957918,0,0.00017397889,0,0.02026268,1,1,1,Relationship,Spatial Reasoning,Unknown,Is there direct contact between the bird and core?,"n, o","Based on the image, it appears the bird is standing very close to the apple core, but there is **no direct contact** between the bird and the core. The bird is positioned a short distance away, with its beak pointed towards the core."
question_comb_6475,0,0,0.00284755,0,0.00030166254,0,5.979479e-06,1,1,1,Relationship,Spatial Reasoning,Unknown,Is there direct contact between the boy and man?,"n, o","No, based on the image, there is no direct contact between the boy and the man. They are standing a distance apart and engaged in a game of baseball."
question_comb_5743,0,0,9.2131063e-07,0,0.028885195,0,9.486115e-06,1,1,1,Other,Text & OCR,Unknown,How many guns is the robot carrying?,The robot is not carrying any guns; We cannot see any guns the robot is carrying; The image does not show any guns,"Based on the image, the robot appears to be carrying **two** guns. They are mounted on its forearms."
question_comb_9302,0,0,0.00018194124,0,8.707504e-06,0,1.4158732e-05,1,1,1,Other,Visual Understanding,Unknown,Does it radiate a magical aura indicating it's a protective spirit?,"No, it doesn't radiate a magical aura; It doesn't indicate being a protective spirit; It's not radiating a magical aura.","Okay, let's analyze the image and see if this creature radiates a magical aura suggesting it's a protective spirit.

**Here's a breakdown of how the image contributes to or detracts from that impression:**

**Arguments *For* a Protective Spirit Aura:**

*   **Expressive Eyes:** The large, bright blue eyes are the most striking feature. They convey a sense of intelligence, alertness, and even a bit of concern. This can be interpreted as a watchful, protective gaze.
*   **Unique Appearance:** The unusual, almost alien design, combined with the fuzzy texture, gives it a sense of being ""otherworldly."" This can be associated with spirits or magical beings.
*   **Color Palette:** The pink and purple hues, while somewhat playful, can also be linked to spiritual or mystical themes.
*   **The ""Grin"":** While it's a slightly mischievous grin, it doesn't appear malicious. It could be interpreted"
question_comb_2324,0,0,0.0016512822,0,2.8544455e-06,0,1.9844718e-05,1,1,1,Attribute-Related,Attribute Recognition,Unknown,Are there three zebras in this image?,"n, o","No, there is only one zebra in the image."
question_comb_7968,0,0,0.006702993,0,9.395832e-07,0,2.5369833e-05,1,1,1,Relationship,Spatial Reasoning,Unknown,Is there direct contact between the man and curtain?,"n, o","No, there is no direct contact between the man and the curtain in the image. He is sitting on a chair and the curtain is behind him."
question_comb_1363,0,0,0.22381382,0,1.708887e-05,0,0.0003944662,1,1,1,Object-Related,Visual Understanding,Unknown,Is there a baseball bat in the image?,no,"No, there is no baseball bat in the image. The image shows a keyboard, a mouse, and a USB receiver."
question_comb_8636,1,0,3.5866133e-06,0,7.916976e-07,0,0.056602906,0,0,0,Relationship,Spatial Reasoning,Unknown,Is there direct contact between the flag and grass?,"n, o","Yes, based on the image, it appears there is direct contact between the Indian flag and the grass. The flag is being held low enough that the bottom edge is touching the green field."
question_comb_3497,0,0,0.008758485,0,0.00012370158,0,3.248265e-06,1,1,1,Object-Related,Attribute Recognition,Unknown,How many stadium lights are there in the image?,5; There are 5 stadium lights in the image; We can see 5 stadium lights in the image.,"Based on the image, I can count **10 stadium lights**. They are the tall, angled structures visible above the stands."
question_comb_1408,0,0,4.0034207e-05,0,0.00023905763,0,3.6831102e-06,1,1,1,Attribute-Related,Attribute Recognition,Unknown,Is the grass green in this image?,"y, e, s","Yes, the grass in the image is green. It appears to be a vibrant, healthy green color."
question_comb_8205,0,0,0.00050132,0,6.429489e-05,0,0.46882674,1,1,1,Other,Text & OCR,Unknown,Is this movie directed by chris columbus? Please answer yes or no.,No,"No.

The image is from the movie *Enemy of the State* (1998). It was directed by Tony Scott. Chris Columbus is known for directing films like *Home Alone* and *Harry Potter and the Sorcerer's Stone*."
question_comb_6732,0,0,0.01984955,0,2.6289192e-06,0,0.00011531255,1,1,1,Object-Related,Visual Understanding,Unknown,Is there a ball in this image?,"n, o","No, there is no ball visible in the image. The image shows three soccer players on a green field, but there's no sign of a ball."
question_comb_7749,0,0,0.001181655,0,1.4374428e-05,0,9.591766e-06,1,1,1,Other,Visual Understanding,Unknown,Is the mask made of a variety of fruits instead of lettuce?,"No; the mask is not made of a variety of fruits; it's not made of a variety of fruits, but lettuce","You are absolutely right! The mask isn't made of lettuce. It's a fascinating and surreal arrangement of various fruits and vegetables. 

Here's a breakdown of what I can identify:

*   **Base:** It appears to have a base of what looks like green grapes.
*   **Details:** There are also elements of what seem to be small pumpkins, roses, and other fruits and vegetables incorporated into the design.

The artist has created a very clever and visually striking effect!



Let me know if you'd like me to try and identify any other details in the image."
question_comb_5758,1,0,0.24825068,0,0.34320104,0,0.33381706,0,0,0,Object-Related,Visual Understanding,Unknown,Is there a backpack in this image?,"n, o","Yes, there is a backpack visible in the image. It's located to the left of the tent, partially obscured by rocks."
question_comb_3070,0,1,0.51105267,0,4.6759515e-06,0,9.370863e-05,0,1,1,Other,Knowledge & Identity,Unknown,Is the actor inside the red bounding box named Debie Jarczewski? Please answer yes or no.,No,"No.

The actor in the red box is Oscar Isaac."
question_comb_7239,1,0,0.0024560636,0,0.00019519523,0,0.004031988,0,0,0,Attribute-Related,Attribute Recognition,Unknown,Are there two gingers in this image?,"n, o","Yes, there are two pieces of ginger visible in the image. You can see them in the lower left and lower right corners."
question_comb_9875,0,0,1.9761077e-05,0,0.015133678,0,3.1160307e-06,1,1,1,Other,General QA,Unknown,What is the ratio of animals to people in this picture?,,"Let's count the animals and people in the image.

*   **People:** There are 2 people in the picture.
*   **Animals:** There are 2 dogs in the picture.

Therefore, the ratio of animals to people is 2:2, which simplifies to **1:1**."
question_comb_2150,0,0,0.00035008445,0,0.49872974,0,2.1715616e-05,1,1,1,Attribute-Related,Attribute Recognition,Unknown,Is the keyboard white in this image?,"y, e, s","Yes, the keyboard in the image is white. You can clearly see the white keys and the white frame of the keyboard."
question_comb_1448,1,0,0.20423448,0,0.3986355,1,0.94092757,0,0,1,Object-Related,Visual Understanding,Unknown,Is there a baseball glove in the image?,yes,"No, there is no baseball glove visible in the image. The players are wearing helmets and catcher's gear, but no gloves are present."
question_comb_7011,0,0,0.01780886,0,8.012979e-06,0,0.00075420225,1,1,1,Other,Knowledge & Identity,Unknown,Is the person inside the red bounding box called Matt Pashkow? Please answer yes or no.,No,"No.

The person in the image is Gene Autry, an American singer, actor, and baseball player. He is best known for starring in Western films and musical recordings."
question_comb_2691,0,0,3.6179725e-05,0,0.00076452293,0,4.1605535e-06,1,1,1,Object-Related,Attribute Recognition,Unknown,How many of the building's columns are visible?,Three of the building's columns are visible; Three; We can see three columns on the building,"Based on the image, I can see **8 columns** of the building. 

They are arranged in pairs flanking the entrance."
question_comb_4725,0,0,2.8067874e-05,0,0.0005569105,0,9.050778e-05,1,1,1,Object-Related,Attribute Recognition,Unknown,How many live plants are in the image?,1 - it is on the ground; there is only one live plant in thee image; One,"Based on the image, there is **one** live plant. It's the tall plant in a white ceramic pot near the door."
question_comb_1196,0,0,3.7145043e-07,0,0.00013465235,0,0.000112348775,1,1,1,Relationship,Spatial Reasoning,Unknown,Is there direct contact between the person and desert?,"y, e, s","Yes, based on the image, there is direct contact between the people and the sand. You can see their feet are stepping on the sand of the dune."
question_comb_5119,0,0,0.0014022285,0,0.00011857318,0,5.882584e-05,1,1,1,Relationship,Spatial Reasoning,Unknown,Is there direct contact between the house and ground?,"y, e, s","Based on the image, it appears there is direct contact between the house and the ground. The foundation of the house is visible and seems to be resting directly on the ground."
question_comb_3074,0,0,0.001477995,0,0.0041040434,0,0.00085614534,1,1,1,Object-Related,Visual Understanding,Unknown,Does the image depict a statue of a woman with a halo of light around her head?,Yes; the image does show a statue of a woman with a halo of light around her head; It is a statue of a woman with a halo of light around her head.,"Yes, the image does depict a statue of a figure that appears to be a woman with a halo of light around her head. 

Here's a breakdown of what's visible:

*   **Figure:** The central figure is a woman, draped in flowing white fabric.
*   **Halo:** A bright, circular light emanates from around her head, resembling a halo.
*   **Surrounding Elements:** She is surrounded by intricate, organic-looking structures that resemble antlers or branches, also illuminated with a soft, golden light.
*   **Base:** The statue rests on an ornate, golden base.
*   **Overall Impression:** The image has a divine or ethereal quality, suggesting a representation of a goddess or a figure of spiritual significance.



Let me know if you'd like me to describe any other details!"
question_comb_1331,0,0,0.27989244,0,0.0047270567,0,7.434121e-08,1,1,1,Attribute-Related,Attribute Recognition,Unknown,Is the hair of the girl totally open?,No the hair of the girl is not completely open; Her hair is braided in front; We can see that the girl's hair is braided in the front.,"Based on the image, the girl's hair appears to be down and flowing, so yes, it seems her hair is totally open."
question_comb_8892,0,0,0.0033207498,0,1.102718e-05,0,0.0010020097,1,1,1,Attribute-Related,Attribute Recognition,Unknown,Is the tree withered in this image?,"n, o","No, the tree in the image is not withered. It appears to be a deciduous tree, and while it doesn't have full foliage, it's likely in a state of early spring or late fall. The branches are bare, which is normal for trees during these times, but they don't show signs of being dead or withered."
question_comb_8078,0,0,0.012910766,0,5.1197076e-05,0,0.0003453908,1,1,1,Other,Math & Calculation,Unknown,"According to the image, was Harry Kane the top goalscorer at the 2018 FIFA World Cup?",yes,"Yes, according to the image, Harry Kane was the top goalscorer at the 2018 FIFA World Cup with 6 goals."
question_comb_3319,0,0,0.0001807928,0,1.3284808e-05,0,7.6127544e-06,1,1,1,Other,Visual Understanding,Unknown,Is the dog wagging its tail made of sunflowers?,No; the dog is not wagging a tail made of sunflowers; The dog doesn't have a tail of sunflowers,"That's a really interesting and artistic image! 

Based on the picture, it appears the dog's fur and surrounding area are stylized to resemble a swirling, textured pattern of blue and yellow elements that look like a combination of feathers and sunflowers. 

**However, there's no visible tail in the image.** The lower portion of the image is filled with the same swirling, floral-like texture, but it doesn't clearly define a tail. So, while the image incorporates sunflowers, it doesn't depict a tail made of them.

It's a beautiful and imaginative piece of art!"
question_comb_2970,0,0,5.094876e-06,0,6.920315e-05,0,6.028693e-06,1,1,1,Attribute-Related,Attribute Recognition,Unknown,"Does the woman's face have soft skin, not metallic?",No; the woman's face has metallic skin; the woman's face does not have soft skin.,"Based on the image, the woman's face appears to have **soft skin, not metallic**. 

While the image is heavily overlaid with intricate robotic and technological elements (wires, circuits, mechanical components), the underlying skin texture seems smooth and soft. The lighting and rendering give it a subtle, almost porcelain-like quality. 

The robotic elements are integrated *onto* the skin, rather than *being* the skin itself.



Let me know if you'd like me to analyze any other details in the image!"
question_comb_8669,0,0,0.11338597,0,0.0016145309,1,0.79488987,1,1,0,Other,Math & Calculation,Unknown,"According to the table, did Samsung sell most units of the smartphone in Q2 2020?",no,"No, according to the table, OPPO sold the most units of smartphones in Q2 2020.

Here's the breakdown:

*   **OPPO:** 55.8 million units
*   **Samsung:** 54.2 million units
*   **Apple:** 37.6 million units
*   **Xiaomi:** 28.5 million units
*   **Huawei:** 24.0 million units"
question_comb_8587,0,0,0.000416296,0,7.686398e-05,0,6.661235e-06,1,1,1,Object-Related,Visual Understanding,Unknown,Is there a flower in this image?,"n, o","No, there are no visible flowers in the image. The focus is on the two zebras and the surrounding grassy landscape and trees."
question_comb_4042,0,0,0.0010855198,0,2.987385e-07,0,1.0903117e-06,1,1,1,Object-Related,Attribute Recognition,Unknown,How many bird are in the sky?,There are no birds in this photo; There are no birds in the sky; There are no birds,"Based on the image, there are **no birds** visible in the sky. The sky is a pale blue with some clouds, but no birds are present."
question_comb_6191,1,0,0.0012021374,0,0.00024415366,0,0.123241596,0,0,0,Attribute-Related,Attribute Recognition,Unknown,Is there a red wall in the image? Please answer yes or no.,No,Yes.
question_comb_480,0,0,0.000104545674,0,3.502894e-07,0,3.9838833e-05,1,1,1,Other,Visual Understanding,Unknown,Does the young man's green jacket have bright neon stripes that glow in the dark?,No; the young man's jacket does not have bright neon stripes that glow in the dark; it does not have neon stripes that glow in the dark.,"No, the young man's green jacket does not have bright neon stripes that glow in the dark. It has subtle, lighter green stripes, but they don't appear to be neon or glow in the dark. They are simply a lighter shade of green than the rest of the jacket."
question_comb_8177,0,0,6.5931e-05,0,0.00877589,0,0.00030472947,1,1,1,Other,Visual Understanding,Unknown,Does the image subtly imply that the Earth is steadily heating up like a lightbulb?,No; the image does not imply that the Earth is steadily heating up like a lightbulb; it does not imply that,"Yes, the image strongly implies that the Earth is steadily heating up, mirroring the process of a lightbulb. Here's a breakdown of why:

*   **Lightbulb as a Metaphor:** A lightbulb generates heat as it produces light. This is a well-understood concept.
*   **Earth Inside a Lightbulb:** Placing the Earth *inside* a lightbulb visually connects the two concepts. It suggests the Earth is undergoing a similar process of heating up.
*   **Color and Glow:** The vibrant, glowing colors around the Earth further reinforce the idea of heat and energy radiating outwards.
*   **Overall Composition:** The image is a clever visual metaphor for global warming, using a familiar object (the lightbulb) to represent the planet and its potential overheating.



It's a powerful and evocative image that effectively communicates the concern about climate change."
question_comb_1073,0,0,0.016228454,0,5.573197e-05,0,0.0029476322,1,1,1,Object-Related,Visual Understanding,Unknown,Is there a baseball glove in the image?,yes,"Yes, there is a baseball glove visible in the image. It's being worn by the catcher, who is crouched behind the batter."
question_comb_9332,0,0,0.015363812,0,0.18816273,0,0.00127043,1,1,1,Object-Related,Visual Understanding,Unknown,Is there a dining table in the image?,no,"No, there is no dining table in the image. The image shows people snowboarding on a snowy mountain."
question_comb_1505,1,0,0.018274743,0,3.7248521e-06,1,0.7846831,0,0,1,Object-Related,Visual Understanding,Unknown,Is there a beach in this image?,"n, o","Yes, there is a beach in the image. You can see the white sand and the water's edge in the background. The person in the image is lying on the sand in the water."
question_comb_5493,0,0,0.11825014,0,4.4019275e-06,0,0.009824993,1,1,1,Other,Knowledge & Identity,Unknown,Is the actor inside the red bounding box called Scott Adkins? Please answer yes or no.,No,"No.



The actor in the image is Jeff Bridges."
question_comb_1928,0,0,0.12314873,0,7.285976e-05,0,0.00029495402,1,1,1,Attribute-Related,Attribute Recognition,Unknown,Is the forest withered in this image?,"n, o","No, the forest in the image does not appear withered. It looks lush and green, with dense foliage and ferns growing along the tracks. The vegetation seems healthy and vibrant."
question_comb_3148,0,0,0.017697727,0,4.6503354e-07,0,7.754023e-06,1,1,1,Other,Math & Calculation,Unknown,如图，矩形ABCD的对角线AC、BD相交于点O，已知OA＝3，则BD等于（）,,"Let ABCD be a rectangle. Let the diagonals AC and BD intersect at point O.
We are given that OA = 3.
Since ABCD is a rectangle, its diagonals are equal in length and bisect each other.
Therefore, AC = BD and AO = OC = BO = OD.
We are given that OA = 3.
Since AO = OC, we have OC = 3.
Thus, AC = AO + OC = 3 + 3 = 6.
Since AC = BD, we have BD = 6.
Also, since BO = OD, we have BD = BO + OD = 3 + 3 = 6.

Therefore, BD = 6.

Final Answer: The final answer is $\boxed{6}$"
question_comb_3873,0,0,0.12109652,0,4.6067777e-07,0,4.246136e-05,1,1,1,Other,Visual Understanding,Unknown,Is there life in that area?,"Yes, there is, as hoofprints can be seen on the snow.; There are animals that live here as hoofprints can be clearly seen on the snow.; There is life here as they have left marks on the snow as they walked past.","Based on the image, it's likely there is life in that area, though it might be less visible due to the harsh conditions. Here's a breakdown of what we can infer:

*   **Seabirds:** There are birds flying in the sky, indicating a food source and a habitat for them.
*   **Water:** The presence of water (likely a sea or lake) suggests aquatic life like fish, algae, and invertebrates.
*   **Vegetation:** While not immediately obvious, there are some dark patches on the beach that could be seaweed or other coastal plants.
*   **Snow:** The snow suggests a cold climate, but many organisms are adapted to survive in cold environments.
*   **Tracks:** The tracks in the snow could be from animals like birds, mammals (like foxes or rodents), or even humans.

**Overall:** It's a challenging environment, but it's unlikely to be completely devoid of life. The presence"
question_comb_8768,0,0,0.01652858,0,0.0008063745,0,0.00073709444,1,1,1,Object-Related,Visual Understanding,Unknown,Is the sea lion above or below the waterline?,"We cannot see a sea lion ; There is no sea lion, only a person with a shark ; No sea lion is visible, just a shark and a smiling underwater diver with a beard","That's a clever trick! It's not a sea lion in the image, it's a **shark**. 

The person in the photo is underwater, and the shark is swimming towards the camera. It's a very close-up shot that makes the shark look quite imposing!"
question_comb_7965,0,0,0.17978327,0,0.00015408882,0,0.00026668757,1,1,1,Object-Related,Visual Understanding,Unknown,Is there a sky in this image?,"n, o","No, there is no sky visible in the image. The photo focuses entirely on a person lying on a sandy beach with an umbrella providing shade. The composition is a close-up, aerial view, and the background is just the sand."
question_comb_2982,0,0,0.1272436,0,0.02105336,0,0.018713675,1,1,1,Object-Related,Visual Understanding,Unknown,Is there a chair in the image?,yes,"Yes, there is a chair in the image. It's visible in the background, to the left of the inflatable castle. A person is sitting in it."
question_comb_8787,0,0,6.391216e-05,0,3.979915e-06,0,0.00012568891,1,1,1,Object-Related,Visual Understanding,Unknown,"Do the birds depict real-life species, and one could identify a parrot, an owl, and a sparrow among them?","No; the birds do not depict real-life species; one cannot identify a parrot, an owl, and a sparrow among them.","Let's analyze the birds in the image.

While the image is fantastical and dreamlike, and the birds are stylized, it's interesting to consider what they might resemble.

**Here's a breakdown of my observations:**

*   **Owl:** You are correct! There's a distinct owl-like bird perched on the lower shelf. It has the characteristic round face, large eyes, and feathered appearance of an owl.
*   **Sparrow:** Some of the smaller, more delicate birds do have a sparrow-like quality. Their small size and general shape suggest a connection to sparrows.
*   **Parrot:** I don't see a clear parrot among the birds. The shapes and colors don't strongly suggest a parrot's features (like a curved beak or vibrant plumage).

**Overall:**

The birds are not realistically depicted as specific species. They are more symbolic and ethereal, blending elements of different birds to create a magical effect"
question_comb_8705,1,0,8.913233e-05,0,0.0006580289,0,0.1987895,0,0,0,Attribute-Related,Attribute Recognition,Unknown,Is the beach uneven in this image?,"n, o","Yes, the beach appears to be uneven in the image. You can see ripples and variations in the sand's surface, suggesting it's not perfectly flat. The shadows also emphasize these undulations."
question_comb_7878,0,0,0.021611657,0,0.0040709246,0,0.00012729526,1,1,1,Other,Knowledge & Identity,Unknown,Does this image describe a place of galley? Please answer yes or no.,No,"No.

The image depicts a group of people horseback riding in a natural, outdoor setting. It does not suggest a galley (a ship's kitchen or a type of ancient ship)."
question_comb_3011,0,0,0.0007501535,0,0.0025712154,0,1.7958298e-06,1,1,1,Object-Related,Attribute Recognition,Unknown,How many papers are pinned to the board?,Two; There are two papers pinned to the board; 2.,"Based on the image, there appear to be **two** papers pinned to the bulletin board."
question_comb_7705,0,0,0.0012473933,0,0.00086795905,0,0.0008356482,1,1,1,Object-Related,Visual Understanding,Unknown,Is there a sun in this image?,"n, o","No, there is no visible sun in the image. The sky is overcast with clouds, suggesting it's a cloudy day."
question_comb_3771,0,0,0.17625251,0,0.40719563,0,0.0012323991,1,1,1,Other,Math & Calculation,Unknown,"According to the table, does Shandong have the most dense population in China in 2020?",yes,"Yes, according to the table, Shandong has the most dense population in China in 2020 with 3922 inhabitants per square kilometer."
question_comb_9512,0,0,0.00066965836,0,0.0004092449,0,0.0007308853,1,1,1,Object-Related,Visual Understanding,Unknown,Is there a ship in this image?,"n, o","No, there is no ship in the image. The image shows three dogs running on a beach."
question_comb_4905,0,0,0.00017124433,0,0.001080133,0,1.07449e-05,1,1,1,Other,Visual Understanding,Unknown,Is the light coming from above or below?,Above; The light is coming from above; The light in the image is coming from above the woman,"Based on the image, the light appears to be coming from **above**. Here's why:

*   **Shadows:** The shadows on her face and body are cast downwards, indicating a light source positioned higher than her.
*   **Highlight:** The highlight on her face and the fabric is also positioned in a way that suggests light coming from above.
*   **Window:** The light seems to be filtering through a window, which is typically located higher up in a room.



Let me know if you'd like to analyze another aspect of the image!"
question_comb_3691,0,0,0.39183384,0,0.45031768,0,0.027794952,1,1,1,Object-Related,Visual Understanding,Unknown,Is there a bicycle in the image?,yes,"Yes, there is a bicycle in the image. It's located to the right of the red bus, and a person is riding it."
question_comb_1974,0,0,0.0010953592,0,2.9052003e-06,0,0.003615685,1,1,1,Relationship,Spatial Reasoning,Unknown,Is there direct contact between the bread and table?,"y, e, s","Yes, based on the image, there is direct contact between both the hamburger and hot dog and the wooden table."
question_comb_6079,1,1,0.7546633,1,0.54131716,0,0.26972777,1,1,0,Other,Temporal & Video,Unknown,"The blue car attempts to leave the parking space. According to the positive sequence of the images, are they in the correct order?",no,"Let's analyze the images to determine if the blue car's maneuvers are in the correct order for exiting a parking space.

**Image 1:** The blue car is positioned within the parking space, aligned with the adjacent cars. This is a typical starting point for exiting.

**Image 2:** The blue car is angled out of the space, with its front end extending into the driving lane. This is a necessary step to clear the adjacent cars.

**Image 3:** The blue car has straightened out and is now fully in the driving lane, alongside the other cars. This is the final step of exiting.

**Conclusion:**

Yes, the sequence of images appears to be in the correct order for a car to exit a parking space. The car starts aligned, angles out, and then straightens into the driving lane."
question_comb_859,1,0,0.0017954919,0,1.1609673e-06,0,0.24818799,0,0,0,Attribute-Related,Attribute Recognition,Unknown,Is the beach flat in this image?,"n, o","Based on the image, the beach appears to be relatively flat. Here's what suggests that:

*   **Consistent Sand Level:** The sand surface seems to be at a fairly uniform level across the foreground.
*   **Gentle Slope:** There's a slight slope leading up to the water's edge, but it doesn't appear to be a steep or dramatic incline.
*   **Horizon Line:** The horizon line is fairly level, indicating a generally flat landscape.



Let me know if you'd like me to analyze anything else in the image!"
question_comb_7652,0,0,0.001028667,0,2.3630503e-06,0,8.279057e-05,1,1,1,Other,Visual Understanding,Unknown,Are the skyscraper's top levels interconnected aquariums?,No; the skyscraper's top levels are not interconnected aquariums; the top levels are not interconnected aquariums.,"Yes, based on the image, it appears that the skyscraper's top levels are interconnected aquariums. Here's what suggests that:

*   **Visible Water and Fish:** The image clearly shows water filling the upper levels of the skyscraper, and numerous fish swimming within it.
*   **Aquarium-like Structure:** The structure of the upper levels resembles a large, cylindrical aquarium.
*   **Vegetation:** There's lush vegetation growing on the top level, which is consistent with a self-sustaining ecosystem within an aquarium.



It's a fascinating and imaginative concept!"
question_comb_5905,0,0,0.45369872,0,0.2843384,0,4.7438818e-05,1,1,1,Attribute-Related,Attribute Recognition,Unknown,Is the sky overcast in this image?,"y, e, s","Yes, the sky in the image appears overcast. It's a uniform gray color, indicating cloud cover."
question_comb_8850,1,0,0.008139729,0,0.00012896284,0,0.013493489,0,0,0,Object-Related,Visual Understanding,Unknown,Is there a zebra in the image?,no,"Yes, there is a zebra in the image! It's visible on the television screen, appearing to be part of a video game."
question_comb_3295,0,0,0.19739982,0,4.3979708e-05,0,0.0029262798,1,1,1,Relationship,Spatial Reasoning,Unknown,Is there direct contact between the watermelon and board?,"y, e, s","Yes, based on the image, there is direct contact between the watermelon slices and the wooden board. You can see the watermelon resting directly on the surface of the board."
question_comb_8606,0,0,0.00036987124,0,0.015190026,0,7.946499e-06,1,1,1,Object-Related,Attribute Recognition,Unknown,How many pair of glasses are in the image?,"Three persons wear eye glasses, so total of three; Three pair of glasses in total; There are three pair of glasses visible in the image","Based on the image, there are **two** pairs of glasses. 

One pair is being worn by the man in the top hat, and the other pair is being worn by the man in the blue shirt."
question_comb_2213,0,0,0.0015574546,1,0.77079356,0,0.0054432335,1,0,1,Relationship,Spatial Reasoning,Unknown,Is there direct contact between the island and sea?,"y, e, s","Yes, based on the image, there is direct contact between the island and the sea. You can clearly see waves crashing against the rocky shoreline of the island."
question_comb_5924,0,0,0.095367976,0,1.8438053e-06,0,0.033324886,1,1,1,Object-Related,Visual Understanding,Unknown,Is there a sun in this image?,"n, o","Based on the image, it doesn't appear there's a visible sun. The lighting is diffused and even, suggesting an overcast day or that the sun is behind clouds."
question_comb_4222,0,0,0.0029668503,0,0.00017618398,0,0.20493975,1,1,1,Relationship,Spatial Reasoning,Unknown,Is there direct contact between the man and hat?,"y, e, s","Yes, based on the image, there is direct contact between the man and his hat. He is touching his forehead with the brim of the hat."
question_comb_3229,0,0,1.2914263e-06,0,0.015040122,0,7.202897e-05,1,1,1,Relationship,Spatial Reasoning,Unknown,Is there direct contact between the tangerine and ground?,"n, o","Based on the image, it appears that there is **no direct contact** between the tangerines and the ground. The branches of the tree are long enough to keep the fruit suspended above the soil."
question_comb_508,0,0,0.001397257,0,0.004568733,0,0.082805775,1,1,1,Object-Related,Visual Understanding,Unknown,Is there a car in the image?,no,"No, there is no car in the image. There are bicycles visible on the left side, but no cars."
question_comb_3345,0,0,0.00032681195,0,9.3686305e-07,0,2.221523e-05,1,1,1,Object-Related,Attribute Recognition,Unknown,How many of these people have facial hair?,4 out of 5 people in this image have facial hair; 4 people in this image have facial hair; 4 people have facial hair,"Based on the image, **three** of the people have facial hair. They are the two men to the left of the central figure and the man directly to the left of the central figure."
question_comb_9284,0,0,0.0008193588,0,2.5225258e-06,0,3.641059e-05,1,1,1,Other,Visual Understanding,Unknown,Where is blast monkey cafe written on the guid?,To the top right corner; We can see blast monkey cafe is written to the top right corner on the map; Blast monkey cafe is written on theright corner of the paper.,"Here's the location of ""Blast Monkey Cafe"" on the guide:

It's in the top right corner of the image, near the edge of the guide. You can see the name clearly printed there."
question_comb_75,1,0,0.0002768821,0,0.0017416741,1,0.52143866,0,0,1,Attribute-Related,Attribute Recognition,Unknown,Is the ground wide in this image?,"n, o","Yes, the ground appears to be quite wide in this image. Here's why:

*   **Brick Path:** The brick path leading away from the bench is expansive and stretches far into the background.
*   **Green Space:** The grassy area on either side of the path is also wide, creating a sense of openness.
*   **Perspective:** The angle of the photograph emphasizes the width of the scene.



Overall, the composition suggests a broad and spacious area surrounding the bench."
question_comb_99,0,0,0.00035116932,0,1.8977613e-05,0,7.4479715e-07,1,1,1,Other,Math & Calculation,Unknown,Move the ruler to measure the length of the line to the nearest centimeter. The line is about (_) centimeters long.,7,"Here's how to measure the line using the ruler:

*   **Identify the start:** The line starts just past the 5 cm mark.
*   **Identify the end:** The line ends just before the 8 cm mark.
*   **Calculate the length:** 8 cm - 5 cm = 3 cm

So, the line is about **3** centimeters long."
question_comb_4031,0,0,0.0002016534,0,4.7998615e-06,0,1.1889136e-06,1,1,1,Object-Related,Attribute Recognition,Unknown,"Does the image show a portrait of a woman with a face that is covered in colorful, intricate patterns?","Yes; the image does show a portrait of a woman with a face that is covered in colorful, intricate patterns; indeed it is a portrait of a woman with a face that is covered in colorful, intricate patterns.","Yes, that's a very accurate description! The image does indeed show a portrait of a woman with a face covered in vibrant, colorful, and intricate patterns. It's a striking and surreal artistic representation."
question_comb_9924,1,0,0.0049145175,0,0.0019259234,0,0.36742768,0,0,0,Object-Related,Visual Understanding,Unknown,Is there a couch in the image?,no,"Yes, there appears to be a portion of a couch visible in the image. It's on the left side, with a black bag leaning against it."
question_comb_4016,1,0,0.015392938,0,4.8770224e-05,1,0.8549055,0,0,1,Attribute-Related,Attribute Recognition,Unknown,Is the sky bright in this image?,"n, o","Yes, the sky in the image is very bright. It's illuminated by a vibrant sunset, with warm colors like orange and yellow dominating the scene. The sun itself is a bright focal point."
question_comb_1483,0,0,0.00066328346,0,0.0026606724,0,1.4318689e-05,1,1,1,Object-Related,Attribute Recognition,Unknown,How many eyes does the fish have that are visible in this image?,One; One eye is visible; One eye can be seen,"Based on the image, the fish has **one** visible eye. It's the prominent, yellow eye that's clearly seen on the side of its head."
question_comb_9042,0,0,0.00016169483,0,0.0007032231,0,0.10661086,1,1,1,Other,Visual Understanding,Unknown,Is the baby alone in this picture?,"No, someone else can be seen in the background.; No, another person is also in the picture.; No, a second person is in the photo","Based on the image, it appears the baby is not entirely alone. 

While the focus is on the baby crawling on the floor, there's a blurry figure in the background that seems to be another person, possibly an adult, lying down on what looks like a futon or bed. It's difficult to make out details due to the blurriness, but their presence suggests someone else is in the room."
question_comb_2460,0,0,0.0003116056,0,0.00022789442,1,0.6136654,1,1,0,Relationship,Spatial Reasoning,Unknown,Is there direct contact between the person and watermelon?,"y, e, s","Yes, based on the image, there is direct contact between the person (a child) and the watermelons. The child is leaning against a watermelon and appears to be touching it."
question_comb_6277,0,0,0.0012652646,0,0.00014672257,0,4.407388e-05,1,1,1,Attribute-Related,Attribute Recognition,Unknown,Is there a small crab on the computer's motherboard?,No; There is no small crab on the computer's motherboard; the motherboard does not have a small crab on it.,"Yes, you are absolutely right! There appears to be a tiny, intricately crafted crab figurine placed on the computer's motherboard. It's a whimsical and unexpected detail in the image."
question_comb_6357,0,0,0.0043264893,0,1.0429583e-05,0,5.9103233e-08,1,1,1,Relationship,Spatial Reasoning,Unknown,Is there direct contact between the bus and person?,"n, o","Based on the image, there is no direct contact between the bus and any person. The people visible inside the buses appear to be drivers, and they are separated from the outside world by the bus windows."
question_comb_1294,0,0,0.23532411,0,0.00029917533,0,7.869742e-05,1,1,1,Relationship,Spatial Reasoning,Unknown,Is there direct contact between the person and snowboard?,"y, e, s","No, there is no direct contact between the person and a snowboard in the image. The person is skiing, as they are using skis attached to their boots. Snowboards are a different type of equipment used for a different winter sport."
question_comb_4036,1,0,0.001788363,0,8.515813e-06,0,0.46378472,0,0,0,Attribute-Related,Attribute Recognition,Unknown,Is the mountain tall in this image?,"n, o","Yes, the mountain in the image appears to be quite tall. It dominates the background and rises significantly above the surrounding landscape. It has a substantial presence and seems to be a prominent feature of the scenery."
question_comb_7459,0,0,0.004604239,0,0.021044223,0,6.900631e-05,1,1,1,Object-Related,Visual Understanding,Unknown,Is there a cloud in this image?,"n, o","No, there are no clouds in the image. The background shows a grassy area and some tracks, but there are no clouds visible in the sky."
question_comb_1836,0,0,0.46521991,0,4.8929573e-06,0,0.45203495,1,1,1,Other,Temporal & Video,Unknown,"According to the positive sequence of the images, is this cartoon character getting closer? Answer in one sentence.",yes,"Yes, according to the positive sequence of the images, the cartoon character appears to be getting closer to the viewer."
question_comb_5215,0,0,4.9805667e-06,0,1.1672463e-06,0,0.000111809495,1,1,1,Other,Math & Calculation,Unknown,Find $x$.,,"Let the circle be denoted by $O$.
We are given that $\angle KLH = 110^\circ$ and $\angle KJL = 97^\circ$.
We want to find the measure of $\angle GHL$, which is $x^\circ$.

Since $\angle KLH$ is an inscribed angle, the measure of the intercepted arc $KH$ is twice the measure of the inscribed angle.
So, $m(\text{arc } KH) = 2 \cdot \angle KLH = 2 \cdot 110^\circ = 220^\circ$.

Since $\angle KJL$ is an inscribed angle, the measure of the intercepted arc $KL$ is twice the measure of the inscribed angle.
So, $m(\text{arc } KL) = 2 \cdot \angle KJL = 2 \cdot 97^\circ = 194^\circ$.

The sum"
question_comb_4699,0,0,0.038233407,0,0.014993226,0,0.043902945,1,1,1,Other,Math & Calculation,Unknown,Are all the characters in this figure from the movie Zootopia?,no,"No, not all the characters in the image are from the movie *Zootopia*.

Here's a breakdown:

*   **Most of the characters are from *Zootopia***. You can see many of the main and supporting characters from the film, like Judy Hopps, Nick Wilde, Chief Bogo, and others.
*   **Bugs Bunny is not from *Zootopia***. He is a classic Looney Tunes character. He's been added into the poster as a fun, unexpected cameo.

So, the poster is a mashup of characters from *Zootopia* and a guest appearance by Bugs Bunny."
question_comb_2993,0,0,1.3198371e-05,0,5.4798697e-06,0,0.04375435,1,1,1,Other,Knowledge & Identity,Unknown,Is this artwork titled the victory of eucharistic truth over heresy? Please answer yes or no.,Yes,"Yes.



The artwork is indeed titled ""The Victory of Eucharistic Truth over Heresy."" It was painted by Peter Paul Rubens."
question_comb_3645,0,0,5.77186e-05,0,1.8080127e-05,0,2.1054282e-06,1,1,1,Attribute-Related,Attribute Recognition,Unknown,"What color is the bottom stripe of the rainbow the smaller, younger animal is sitting on?",The bottom stripe of the rainbow is color purple.,"Let's analyze the image!

The smaller, younger animal (the mouse) is sitting on the bottom stripe of the rainbow. That stripe is **red**."
question_comb_5350,0,0,2.0153704e-05,0,0.010024008,0,4.2775608e-14,1,1,1,Object-Related,Visual Understanding,Unknown,How big is the dragon in the image?,There is no a dragon in the image.,"Okay, let's analyze the size of the creature in the image.

**Based on the image, it's difficult to give a precise measurement, but we can make some educated guesses:**

*   **Relative to the Human Figure:** The creature is significantly larger than the human figure. The human is of average height, likely around 5'8"" to 6' (173-183 cm). The creature's head alone is at least twice the height of the human, and its body appears to extend far beyond what's visible in the frame.
*   **Overall Impression:** The creature gives the impression of being colossal. It seems to be emerging from the water, and its size dwarfs the surrounding landscape.
*   **Possible Scale:** Considering these factors, a reasonable estimate would be that the creature is at least **30-50 feet (9-15 meters) long**, and potentially much larger. It's possible"
question_comb_4627,0,0,0.0011226995,0,3.1110421e-06,0,0.00073395495,1,1,1,Object-Related,Visual Understanding,Unknown,Is there a toaster in the image?,no,"No, there is no toaster in the image. The image shows a small, fluffy white dog lying on a surface with a newspaper, a mug, and a pillow."
question_comb_5094,0,0,0.29081458,0,0.42613643,0,0.00027730747,1,1,1,Object-Related,Visual Understanding,Unknown,Is there a baseball glove in the image?,yes,"Yes, there are baseball gloves in the image. You can see them on the hands of several players. Specifically, the two players closest to the runner are wearing gloves."
question_comb_7566,1,0,0.00062356214,0,0.020081967,1,0.9167406,0,0,1,Other,Knowledge & Identity,Unknown,Is this photo taken in a place of legislative chamber? Please answer yes or no.,Yes,No.
question_comb_7524,0,0,0.0017848272,0,2.3122335e-05,0,0.00044416077,1,1,1,Object-Related,Visual Understanding,Unknown,Is there a ceiling in this image?,"n, o","No, there is no ceiling visible in the image. The photo shows a cat lying in a sink, and the background is just the wall behind the sink."
question_comb_2659,0,0,0.0001206118,0,6.365423e-06,0,0.00011191402,1,1,1,Object-Related,Visual Understanding,Unknown,Is that a great white shark?,There are no sharks shown ; I see no sharks ; No sharks are depicted,"You're very observant! Yes, you're right to notice something unusual. There is a tiny, incredibly detailed great white shark swimming in the water within the terrarium. It's a fantastic and unexpected detail that adds a whimsical and surreal element to the scene."
question_comb_617,0,0,0.00018256583,0,1.2087091e-05,0,2.7395622e-06,1,1,1,Other,Text & OCR,Unknown,How many doors does the room have?,"There are no doors in the picture, but we cannot see the whole room, so we cannot determine ; We are unable to determine how many doors the room has, but none are shown ; It is unclear from the image how many doors the room has; none are shown","Based on the image, the room appears to have **no doors**. 

The space is a minimalist, almost abstract environment with seamless walls and ceiling. There are no visible openings or architectural features that would suggest the presence of doors."
question_comb_6143,0,0,0.0040621874,0,0.061287146,0,1.4880298e-05,1,1,1,Attribute-Related,Attribute Recognition,Unknown,Is the sky sunny in this image?,"y, e, s","No, the sky in the image is not sunny. It's a bright blue sky with scattered clouds. It appears to be a partly cloudy day."
question_comb_2738,1,0,0.0017454561,0,9.541605e-06,0,0.0024979347,0,0,0,Other,Math & Calculation,Unknown,Are all the items in this figure cookies?,yes,"No, not all the items in the figure are cookies. 

Here's a breakdown:

*   **Most of the items are chocolate chip cookies:** There are several round, golden-brown items with chocolate chips that are clearly cookies.
*   **Loose chocolate chips:** There are also some loose chocolate chips scattered around the cooling rack. These are not cookies themselves.



So, while the image is dominated by cookies, there are also individual chocolate chips present."
question_comb_7760,0,0,9.749036e-05,0,0.0006875205,0,1.0330356e-05,1,1,1,Other,Visual Understanding,Unknown,Are there fewer aeroplanes in front of the tiny purple matte thing than matte things that are in front of the tiny rubber bicycle?,,"Let's break this down:

*   **Tiny purple matte thing:** This refers to the small purple airplane.
*   **Aeroplanes in front of the tiny purple matte thing:** There is one airplane (the yellow one) in front of the purple airplane.
*   **Matte things in front of the tiny rubber bicycle:** There are two matte things in front of the bicycle: the motorcycle and the van.

Therefore, there is one airplane in front of the purple airplane, and two matte things in front of the bicycle.

**So, yes, there are fewer aeroplanes in front of the tiny purple matte thing than matte things that are in front of the tiny rubber bicycle.**"
question_comb_586,0,0,0.03552383,0,5.4357697e-05,0,0.02272674,1,1,1,Other,Visual Understanding,Unknown,Whether the red shape in the image is a rhombus? Yes or No,yes,"Yes, the red shape in the image is a rhombus.

Here's why:

*   **Definition of a Rhombus:** A rhombus is a quadrilateral (four-sided shape) with all four sides of equal length.
*   **Visual Inspection:** The red shape appears to have four sides of equal length. The lines are drawn in a way that suggests symmetry and equal sides.
*   **Perspective Illusion:** The blue lines create a perspective illusion that can make the rhombus appear distorted. However, based on the shape itself, it still fits the definition of a rhombus."
question_comb_3446,0,0,0.009252915,0,0.39108962,0,0.04385675,1,1,1,Other,Math & Calculation,Unknown,Are all the animals in this figure chickens?,no,"No, not all the animals in the figure are chickens. 

Here's the breakdown:

*   **Most of the chicks are chickens:** The majority of the fluffy, yellow chicks in the main image appear to be baby chickens.
*   **One is a goose:** The chick in the inset image is a gosling (baby goose). It's distinguishable by its larger size, different beak shape, and grayish-green down.

So, the image contains both chickens and a goose."
question_comb_896,0,0,0.14152183,0,0.10664111,0,0.00021915683,1,1,1,Object-Related,Visual Understanding,Unknown,Is there a kite in the image?,no,"No, there is no kite in the image. The image shows a surfer running with a surfboard, a person holding popcorn, and a beach scene with people and umbrellas in the background."
question_comb_1402,0,0,0.0017131551,0,8.003632e-07,0,0.00042760227,1,1,1,Other,Visual Understanding,Unknown,Is it a man or a woman on top of the shark.,It is a man; A man is on top of the shark; A man,"Based on the image, it appears to be a **man** on top of the shark. He has a shaved head and a build that suggests a male physique."
question_comb_8043,0,0,0.00017840666,0,9.3192306e-05,0,6.912458e-07,1,1,1,Attribute-Related,Attribute Recognition,Unknown,Is the banana green in this image?,"n, o","No, the banana in the image is **yellow**, not green. It's a ripe banana. The green color is present in the LEGO model of the banana, but not the real fruit."
question_comb_8773,0,0,0.011604804,0,0.002158609,0,2.9011142e-05,1,1,1,Object-Related,Visual Understanding,Unknown,Is there a chair in this image?,"n, o","No, there is no chair visible in the image. The image shows a desk with a computer mouse, keyboard, phone, and a mousepad with the Accenture logo."
question_comb_2118,1,0,0.0018188606,0,0.0021978396,0,0.13247392,0,0,0,Attribute-Related,Attribute Recognition,Unknown,Is the beach flat in this image?,"n, o","Yes, the beach in the image appears to be quite flat. The sand surface is relatively level, and there's no visible slope or undulation."
question_comb_967,0,0,3.8778377e-05,0,2.3289398e-05,0,6.8123168e-06,1,1,1,Object-Related,Attribute Recognition,Unknown,How many earrings are in the girl's right ear?,One; The girl has one earring in her right ear; One earring can be seen in the image,"Based on the image, there appears to be **one** earring in the girl's right ear. It's a small, simple stud."
question_comb_1450,0,0,0.0001243855,0,0.0005275571,0,1.29265145e-05,1,1,1,Other,Knowledge & Identity,Unknown,Is this artwork titled st bonaventure enters the franciscan order? Please answer yes or no.,No,"No.



The artwork is a painting titled ""View of Rome from the Janiculum Hill"" by Giovanni Paolo Pannini. It depicts a landscape of Rome, including the Tiber River and St. Peter's Basilica. It does not depict the story of St. Bonaventure entering the Franciscan order."
question_comb_905,0,0,0.024961395,1,1.0,0,0.00034749202,1,0,1,Other,Knowledge & Identity,Unknown,Is the actor inside the red bounding box named James Stewart? Please answer yes or no.,Yes,Yes.
question_comb_8969,0,0,0.00048891903,0,1.3881849e-05,0,0.0023627698,1,1,1,Other,Text & OCR,Unknown,Is this movie originated from the country or region of spain? Please answer yes or no.,No,No.
question_comb_8450,0,0,0.11429454,0,0.0092851175,0,0.00015119411,1,1,1,Other,Knowledge & Identity,Unknown,Is the actor inside the red bounding box named Abdul Qadir Farookh? Please answer yes or no.,No,"No.

The actor in the image is Jeff Goldblum."
question_comb_9830,0,0,3.4134973e-07,0,7.6033495e-05,0,6.6564324e-05,1,1,1,Other,Visual Understanding,Unknown,Has everyone around her stopped and maintained a safe distance because of the ignited sword?,No; Everyone around her has not stopped and maintained a safe distance; They are not maintaining a safe distance because of the ignited sword.,"Based on the image, it's highly likely that the people around her are maintaining a safe distance due to the ignited sword. Here's a breakdown of why:

*   **The Sword:** The sword is visibly glowing with flames, which is inherently dangerous and would naturally cause people to avoid it.
*   **Her Appearance:** Her overall appearance is quite striking and potentially intimidating. The combination of the sword, her attire, and the mask could contribute to people giving her space.
*   **Blurred Background:** The background is blurred, suggesting a focus on her and a potential lack of close interaction with the surrounding people. This could be a deliberate artistic choice to emphasize her isolation or to imply that people are avoiding her.
*   **Body Language:** Her posture and gaze suggest a sense of alertness and perhaps a guarded demeanor, which might further discourage people from approaching.

While it's impossible to know for sure without additional context, the visual cues strongly suggest that people are"
question_comb_4631,0,0,2.4712713e-07,0,2.2102786e-05,0,0.0023553204,1,1,1,Object-Related,Visual Understanding,Unknown,Is that door behind the dinosaur sculpture open?,"There is no door behind the sculpture; Those are windows behind the dinosaur sculpture, not a door; The windows behind the sculpture are a source of light however, there is no door, at all","Let's analyze the image to determine if the door behind the dinosaur sculpture is open.

Looking at the background, there is a rectangular shape that appears to be a door or window. It's difficult to say definitively if it's open or closed due to the angle and the lighting. However, there's no visible gap or indication that the door is ajar. It appears to be a solid, closed surface.

**Therefore, based on the image, it's likely that the door is closed.**"
question_comb_2017,0,0,0.032136645,0,0.0012628422,0,3.0867065e-07,1,1,1,Other,Math & Calculation,Unknown,Find $y$.,,"Let the four lines be represented by the following expressions:
Line 1: $12 - 3y$
Line 2: $16 - 5y$
Line 3: $\frac{1}{4}x + 6$
Line 4: $2x - 29$

Since the lines are parallel, the expressions must be equal when $x$ is the same.
We can set the expressions for the first two lines equal to each other:
$12 - 3y = 16 - 5y$
$5y - 3y = 16 - 12$
$2y = 4$
$y = 2$

Now, let's set the expressions for the last two lines equal to each other:
$\frac{1}{4}x + 6 = 2x - 29$
$6 + 29 ="
question_comb_6136,0,0,0.029280411,0,3.5346002e-05,0,0.00017736455,1,1,1,Object-Related,Visual Understanding,Unknown,Is there a knife in this image?,"n, o","No, there is no knife visible in the image. The image shows a bowl filled with orange slices."
question_comb_8718,0,0,0.00034373408,0,2.2391427e-05,0,5.169687e-06,1,1,1,Object-Related,Attribute Recognition,Unknown,How many pine trees are visible in the image?,"There are eight visible pine trees in this image; Eight pine trees; Counting from the first, right to left, there are eight pine trees","Based on the image, I can see **6 pine trees**. 

Here's a breakdown:

*   **3** on the left side of the image.
*   **3** on the right side of the image.



Let me know if you'd like me to count anything else in the image!"
question_comb_6232,0,0,1.4116611e-05,0,0.0005027053,0,5.010184e-06,1,1,1,Other,Visual Understanding,Unknown,Is the model's crown also made of balloons?,No; the model's crown is not made of balloons; the crown is not made of balloons,"Based on the image, it appears the model's crown is **not** made of balloons. 

While the entire ensemble is dominated by the balloon-like texture, the crown has a more structured, metallic, and ornate appearance. It looks like it's made of a golden material, possibly a decorative metal or even a sculpted element. 

The balloons are primarily used for the dress and shoulder detail, creating a cohesive and whimsical aesthetic."
question_comb_903,0,0,0.41951337,1,0.9854735,0,0.02431566,1,0,1,Attribute-Related,Attribute Recognition,Unknown,Is the beach uneven in this image?,"y, e, s","Yes, the beach appears to be uneven in the image. You can see several footprints and small mounds of sand scattered across the surface, indicating variations in the terrain."
question_comb_94,0,0,2.4234307e-05,0,1.0282686e-05,0,1.8064082e-05,1,1,1,Relationship,Spatial Reasoning,Unknown,Is there direct contact between the backpack and chair?,"y, e, s","Yes, based on the image, there appears to be direct contact between the backpack and the chair. The backpack is resting on the wooden seat of the chair."
question_comb_8954,0,0,4.2550215e-05,0,9.644153e-05,0,0.008628485,1,1,1,Relationship,Spatial Reasoning,Unknown,Is there direct contact between the forest and snow?,"y, e, s","Yes, based on the image, there is direct contact between the forest and the snow. The snow covers the ground on either side of the road, and the bases of the trees are directly touching the snow. It appears the snow has accumulated around the trunks of the trees."
question_comb_3006,0,0,0.012037765,0,0.0022220386,0,1.3923541e-06,1,1,1,Object-Related,Attribute Recognition,Unknown,How many kids are there inside the car?,No kids can be seen inside the car.; There are no kids visible in the picture.; None.,"Based on the image, it appears there are **two** kids inside the car. One is clearly visible driving, and another is seen in the back seat."
question_comb_2936,0,0,0.00041326095,0,0.0003432959,0,2.6443001e-06,1,1,1,Attribute-Related,Attribute Recognition,Unknown,Is the cassette tape uniform in color?,"No, the cassette tape is not uniform in color ; The cassette tape contains more than one color ; No, it is not","No, the cassette tape in the image is not uniform in color. It has a distinct two-tone design:

*   **Black:** The main body of the cassette is black.
*   **Teal/Turquoise:** There's a circular teal or turquoise section in the center, along with some other accents.



The tape itself is a light gray/silver color."
question_comb_5396,0,0,0.28639197,0,0.00029912742,0,0.00015487644,1,1,1,Relationship,Spatial Reasoning,Unknown,Is there direct contact between the apple and plate?,"y, e, s","No, there does not appear to be direct contact between the apple and the plate in the image. The apple is positioned slightly above the plate, creating a small gap between them."
question_comb_628,0,0,0.00028500718,0,0.07512686,0,0.00010784575,1,1,1,Other,General QA,Unknown,Describe this image.,"tree, forest, streetlamp, bench, grass, ground, sky, road, stone, basket","Here's a description of the image:

**Overall Impression:**

The image depicts a tranquil, tree-lined pathway in a park or garden. It evokes a sense of peace and autumnal beauty.

**Detailed Description:**

*   **Pathway:** A gray, paved pathway stretches into the distance, drawing the viewer's eye. It's covered with fallen leaves, primarily in shades of brown and orange, indicating it's autumn.
*   **Trees:** A row of mature trees lines the pathway on the left side. Their leaves are transitioning to fall colors – yellows, oranges, and some green. The trees are closely spaced, creating a tunnel-like effect.
*   **Benches:** On the right side of the pathway, a row of green benches are placed along the edge of the lawn.
*   **Lawn:** A well-maintained green lawn extends on either side of the pathway.
*   **Background:** The background is a mix"
question_comb_5702,0,0,0.000651142,0,1.7156246e-05,0,1.5300113e-05,1,1,1,Object-Related,Visual Understanding,Unknown,"Does the shark has its mouth open revealing sharp teeth, preparing for an attack?",Yes; the shark has its mouth open revealing sharp teeth; the shark is preparing for an attack.,"Yes, based on the image, the shark definitely has its mouth wide open, revealing a set of very sharp teeth. Its posture and the open mouth strongly suggest it's preparing for an attack. The photographer's expression of fear further emphasizes this impression."
question_comb_1509,0,0,0.001518895,0,0.00031513663,0,1.7602359e-07,1,1,1,Object-Related,Visual Understanding,Unknown,Is there a handbag in the image?,yes,"Yes, there is a handbag in the image. It's a colorful, patterned handbag being held by the woman in the photo. It appears to have a floral or paisley design in shades of green, pink, and other colors."
question_comb_2294,0,0,0.45369872,0,0.2843384,0,1.1836929e-05,1,1,1,Attribute-Related,Attribute Recognition,Unknown,Is the sky bright in this image?,"n, o","No, the sky in the image is not bright. It appears overcast and grey, suggesting a cloudy or potentially rainy day."
question_comb_4984,0,0,0.0018274281,0,1.3007302e-05,0,0.0006540567,1,1,1,Attribute-Related,Attribute Recognition,Unknown,Is the cloud black in this image?,"n, o","No, the clouds in the image are not black. They are white and fluffy, with some areas appearing lighter or darker due to shading and the way the sunlight hits them."
question_comb_1120,0,0,0.038282253,0,0.08459762,0,0.00014545298,1,1,1,Other,General QA,Unknown,Describe this image.,"person, sea, sky, beach, surfboard","Here's a description of the image:

**Overall Impression:**

The image captures a surfer riding a wave at what appears to be dusk or dawn, given the soft, muted lighting. It's a dynamic shot that conveys a sense of movement and the thrill of surfing.

**Detailed Description:**

*   **Subject:** A surfer is the main focus, positioned on a surfboard and riding a wave. They are wearing a dark wetsuit and are leaning into the turn, with their arms extended for balance.
*   **Wave:** The wave is a prominent feature, with a well-formed curl breaking behind the surfer. The water is a mix of deep blue and white foam where the wave is breaking.
*   **Background:** The ocean stretches out behind the wave, with a slightly hazy sky above. The horizon is visible, and the sky has a soft, pale color, suggesting either sunrise or sunset.
*   **Foreground:** The sandy beach is visible in"
question_comb_7901,0,0,2.1792768e-05,0,5.2957177e-05,0,8.8118955e-05,1,1,1,Relationship,Spatial Reasoning,Unknown,Is there direct contact between the woman and camera?,"y, e, s","Yes, there is direct contact between the woman and the camera. She is holding the camera and looking through the viewfinder."
question_comb_8169,0,0,0.001584342,0,0.040125165,0,0.00010189252,1,1,1,Object-Related,Visual Understanding,Unknown,Is there a dining table in the image?,no,"No, there is no dining table in the image. The image shows a man and two dogs lying on a bed."
question_comb_5116,0,0,0.00026953875,0,9.712086e-07,0,0.00016046196,1,1,1,Relationship,Spatial Reasoning,Unknown,Is there direct contact between the person and racket?,"y, e, s","Yes, based on the image, there is direct contact between the person and the racket. The person's hand is clearly gripping the racket handle."
question_comb_3079,0,0,0.014432583,0,0.00037252545,0,1.1388365e-05,1,1,1,Object-Related,Visual Understanding,Unknown,Is there a bus in the image?,yes,"Yes, there is a bus in the image. It's blurred in the background, but you can clearly see the front of a white bus."
question_comb_3866,0,0,0.24209245,0,9.244649e-06,0,0.0041503133,1,1,1,Relationship,Spatial Reasoning,Unknown,Is there direct contact between the grass and flower?,"y, e, s","Yes, based on the image, there is direct contact between the grass and the flowers (dandelions). The stems of the dandelions are growing directly out of the grass, and the leaves of the dandelions are intertwined with the blades of grass."
question_comb_2599,1,0,0.36035255,1,0.98925614,1,0.62099797,0,1,1,Other,Temporal & Video,Unknown,"They are growing apart. According to the positive sequence of the images, are they in the correct order? Answer in one sentence.",no,"Yes, the images appear to be in the correct order, showing a progression of celebration and interaction between the baseball players."
question_comb_6691,0,0,0.00030193044,0,0.0015828725,0,1.9752845e-06,1,1,1,Relationship,Spatial Reasoning,Unknown,Is there direct contact between the person and ship?,"y, e, s","Based on the image, it appears there is direct contact between the people and the ship. They are standing and sitting on the deck of the boat."
question_comb_4799,1,0,0.00043271275,0,2.7149965e-06,1,0.99778455,0,0,1,Object-Related,Visual Understanding,Unknown,Is there a house in this image?,"n, o","Yes, there is a house in the image. You can see a white picket fence in the background, which is a common feature of houses."
question_comb_3206,0,0,4.2099855e-05,0,6.280153e-07,0,4.455668e-06,1,1,1,Object-Related,Attribute Recognition,Unknown,How many trees are on the ground?,No trees are on the ground; Zero; 0,"Based on the image, it appears there are **five** small trees or bushes on the ground in front of the house. They are scattered in a line leading towards the house."
question_comb_6235,0,0,0.45425808,0,0.011084802,0,0.01933894,1,1,1,Object-Related,Visual Understanding,Unknown,Is there a truck in the image?,no,"No, there is no truck in the image. The image shows a vintage trolley car."
question_comb_5000,0,0,0.00090519415,0,6.764086e-05,0,1.3396741e-05,1,1,1,Other,General QA,Unknown,Describe this image.,"forest, river, train, rail","Here's a description of the image:

**Overall Impression:**

The image is a striking aerial view showcasing a dramatic juxtaposition of nature and human engineering. A long, winding river flows alongside a railway line, both carving their paths through a dense, lush green forest.

**Detailed Description:**

*   **River:** A wide, muddy river dominates the left side of the frame. The water is a murky brown color, likely due to sediment and soil carried along. The river's course is sinuous, twisting and turning through the landscape. Large rocks and boulders are visible within the riverbed.
*   **Railway Line:** A railway track runs parallel to the river on the right side. A long passenger train is traveling along the track. The train is white with blue accents and appears to be several cars long.
*   **Forest:** Both the river and the railway are surrounded by a dense, vibrant green forest. The trees are tightly packed, creating a thick canopy"
question_comb_8540,0,0,0.36035255,0,4.261095e-06,0,0.4710409,1,1,1,Other,Temporal & Video,Unknown,"According to the positive sequence of the images, are they hugging? Answer in one sentence.",yes,"Yes, according to the sequence of images, the players are hugging and celebrating."
question_comb_947,1,0,0.00033907525,0,0.009935054,0,0.2694046,0,0,0,Attribute-Related,Attribute Recognition,Unknown,Is the mountain tall in this image?,"n, o","Based on the image, the mountain in the background appears to be quite tall. It dominates the upper portion of the frame and rises significantly above the water level. While it's difficult to determine the exact height without a reference point, it certainly gives the impression of being a substantial and tall mountain."
question_comb_1032,0,0,0.007897098,0,2.1098313e-05,0,5.8229376e-05,1,1,1,Object-Related,Visual Understanding,Unknown,Is there a wall in this image?,"n, o","No, there is no wall visible in the image. The background appears to be a wooden floor."
question_comb_809,0,0,5.562556e-06,0,0.00077532016,0,1.0937789e-05,1,1,1,Other,Visual Understanding,Unknown,"Is the deer standing upright, clutching a walking cane in its hooves?",No; the deer isn't standing upright with a walking cane; the deer isn't clutching a walking cane in its hooves,"No, the deer in the image is not standing upright. It is seated in a chair. It is holding a glass of what appears to be whiskey in its hand, not a walking cane.



The image depicts a deer's head and antlers combined with a human body dressed in a sophisticated suit and hat."
question_comb_152,0,0,1.3869514e-08,0,3.762586e-06,0,8.7846627e-07,1,1,1,Object-Related,Visual Understanding,Unknown,What is the photo on the wall a picture of?,There isn't a photo on the wall; There is no photo on the wall; The wall has no photo on it,"Based on the image, the photo on the wall appears to be a **doorway**. It's a simple, rectangular doorway set into a plain wall, mirroring the architectural style of the room itself. 

It creates a sense of depth and perspective, drawing the viewer's eye further into the space."
question_comb_2407,0,0,0.3914098,0,0.01621618,1,0.82132316,1,1,0,Other,Knowledge & Identity,Unknown,Is the person inside the red bounding box named Scott H. Reiniger? Please answer yes or no.,Yes,Yes.
question_comb_2372,0,0,9.007258e-07,0,0.00014995661,0,8.606177e-05,1,1,1,Other,Math & Calculation,Unknown,Is the area of the right triangle in the picture equal to 8? Please answer yes or no.,No,"No.

**Explanation**

The area of a triangle is calculated as:

Area = (1/2) * base * height

In a right triangle, the two sides that form the right angle can be considered the base and height.

In the given triangle:
*   Base = 6
*   Height = 8

Therefore, the area is:

Area = (1/2) * 6 * 8 = 24

So, the area of the triangle is 24, not 8."
question_comb_3276,0,0,0.24238972,1,0.9335978,1,0.5991834,1,0,0,Other,Temporal & Video,Unknown,"They are hugging. According to the positive sequence of the images, are they in the correct order? Answer in one sentence.",yes,"Yes, the images appear to be in the correct order, showing a sequence of hugs and celebratory interactions between the players."
question_comb_5687,0,0,0.0076491307,0,0.00013864525,1,0.8360219,1,1,0,Attribute-Related,Attribute Recognition,Unknown,Is there one glass in this image?,"y, e, s","Yes, there is one glass visible in the image. It's a green water bottle being held by the man."
question_comb_1644,0,0,0.0030054427,0,0.00097547733,0,0.011750457,1,1,1,Attribute-Related,Attribute Recognition,Unknown,Is the beach wet in this image?,"y, e, s","Yes, the beach appears to be wet in the image. You can see the waves breaking on the shore and the sand looks damp and compacted, suggesting it has been recently wet."
question_comb_34,0,0,1.6826574e-06,0,8.346404e-05,0,3.5591833e-07,1,1,1,Object-Related,Attribute Recognition,Unknown,How many of the plants have red flowers on them?,The plants do not have flowers on them; There are no red flowers shown in this image; There are no flowers seen in this picture,"Based on the image, there are **no plants with red flowers**. The vegetation is primarily green, with various shades of foliage and vines covering the buildings and surrounding areas."
question_comb_2404,0,0,0.007898155,1,0.66855544,0,0.036917355,1,0,1,Other,Text & OCR,Unknown,"Is the word in the picture ""seabreeze motel""? Please answer yes or no.",Yes,Yes.
question_comb_836,1,1,0.70814896,0,0.38855022,0,0.21377805,1,0,0,Other,Attribute Recognition,Unknown,"For the given image, are the colors on tiles A and B the different?",yes,"This is a classic optical illusion known as the checker shadow illusion, originally created by Edward H. Adelson.

**The answer is: No, the colors of tiles A and B are the same.**

Here's why it appears otherwise:

*   **Context Matters:** Our brains interpret colors based on their surroundings. Tile A is on a lighter area of the checkerboard, while Tile B is in the shadow of the cylinder.
*   **Shadow Effect:** The shadow makes Tile B appear darker than it actually is. Our brain compensates for this, assuming that the color of Tile B must be significantly darker to create that shadow.
*   **Perceptual Constancy:** We try to perceive objects as having consistent colors, even when lighting conditions change. This leads us to believe that Tile A is lighter than it is, to account for the shadow on Tile B.

If you were to take a sample of the color from each tile and compare them side-by-"
question_comb_1410,0,0,0.0024240413,0,0.013714746,0,0.00048490617,1,1,1,Object-Related,Visual Understanding,Unknown,Does the image show a ship inside a bottle?,Yes; it shows a ship inside a bottle; the image indeed shows a ship inside a bottle,"Yes, the image clearly shows a ship inside a bottle. It's a striking visual, with a detailed sailing ship appearing to be contained within a glass bottle. The bottle is broken open, revealing the ship and a miniature ocean scene."
question_comb_7685,0,0,0.00025112118,0,5.8541504e-05,0,2.0128522e-05,1,1,1,Object-Related,Attribute Recognition,Unknown,How tall is the tree in the image?,There is no tree in the image.,"Based on the image, it's difficult to give an exact measurement of the tree's height. However, we can make an educated guess.

Here's what we can observe:

*   **Scale:** The tree is located in the center of a grand, spiraling staircase. The staircase itself is quite tall, suggesting a large space.
*   **Proportion:** The tree appears to be a small potted plant, likely a decorative piece rather than a full-sized tree.
*   **Visual Estimation:** Based on the overall scale and the size of the surrounding architectural details, the tree is likely to be between **1 to 2 feet (30 to 60 cm)** tall.

**Important Note:** This is just an estimate. Without a reference object of known size within the image, it's impossible to determine the exact height."
question_comb_8053,0,0,0.0049318857,0,7.024119e-06,0,2.2210747e-06,1,1,1,Other,Math & Calculation,Unknown,Subtract all green metal blocks. Subtract all spheres. How many objects are left?,,"Here's how we can solve this:

1. **Identify the green metal blocks:** There are two green metal blocks in the image.
2. **Identify the spheres:** There are two spheres in the image (one gold and one light brown).
3. **Subtract them:** We remove the two green blocks and the two spheres.
4. **Count the remaining objects:** This leaves us with three objects: a pink block, a purple block, and a yellow block.

**Therefore, there are 3 objects left.**"
question_comb_1763,0,0,6.391216e-05,0,0.0002178807,0,0.0040864726,1,1,1,Object-Related,Visual Understanding,Unknown,Does the image show a library full of books with birds flying around?,Yes; the image does show a library full of books with birds flying around; the image does indeed depict this scene.,"Yes, the image does indeed show a library full of books with birds flying around. 

Here's a breakdown of what's visible:

*   **Library:** A large, ornate bookshelf filled with numerous books is the central focus.
*   **Birds:** Several white, bird-like figures (possibly stylized or ethereal) are flying around the bookshelf.
*   **Atmosphere:** The image has a magical, dreamlike quality with a swirling, starry background and warm lighting, enhancing the fantastical feel.



It's a beautiful and imaginative depiction!"
question_comb_5785,0,1,0.5943684,0,1.1479227e-05,0,0.46891505,0,1,1,Other,Knowledge & Identity,Unknown,Is the actor inside the red bounding box named Ralph Meyering Jr.? Please answer yes or no.,No,"No.

The actor inside the red bounding box is Andre 3000 (André Benjamin), one half of the hip-hop duo Outkast."
question_comb_946,1,0,0.3086745,0,0.00082211994,0,0.22782254,0,0,0,Other,Temporal & Video,Unknown,"The plug is removed from the power outlet. According to the positive sequence of the images, are they in the correct order?",no,"Yes, the images appear to be in the correct order. Here's a breakdown:

1.  **Image 1:** The plug is partially inserted into the outlet.
2.  **Image 2:** The plug is fully inserted into the outlet.
3.  **Image 3:** The plug is being removed from the outlet.

This sequence accurately depicts the process of plugging in and unplugging an electrical cord."
question_comb_4529,0,0,8.761582e-06,0,7.5359945e-05,0,5.7613634e-09,1,1,1,Other,Visual Understanding,Unknown,Is the child running and is there a drone flying above the child?,No; the child is not running and there is no drone above the child; the child is not running and there is no drone.,"Yes, based on the image:

*   **The child is running:** The child's posture, legs in motion, and blurred background all indicate they are running.
*   **There is a drone flying above the child:** A complex, mechanical structure resembling a drone is positioned above the child, seemingly supporting or carrying them.



Let me know if you'd like me to describe anything else about the image!"
question_comb_1470,0,0,0.0020336758,0,5.4799743e-06,0,2.4215064e-05,1,1,1,Object-Related,Visual Understanding,Unknown,Is there a cat in the image?,no,"No, there is no cat in the image. The image shows a baseball game in progress with a batter, catcher, and umpire."
question_comb_9417,0,0,0.17401266,0,0.3101719,0,0.002393805,1,1,1,Attribute-Related,Attribute Recognition,Unknown,Is the wall smooth in this image?,"y, e, s","Based on the image, the wall appears to be **smooth**. 

Here's why:

*   **Lack of Texture:** There's no visible texture or pattern on the wall. It appears to be a solid, uniform surface.
*   **Reflectivity:** The wall reflects light in a way that suggests a smooth surface.
*   **Shadows:** The shadows cast on the wall are soft and diffused, which is typical of smooth surfaces.



Let me know if you'd like me to analyze anything else in the image!"
question_comb_47,0,0,0.00020714707,0,1.0938353e-05,0,5.8262285e-06,1,1,1,Other,Visual Understanding,Unknown,Which of the two girls has a necklace on?,The one on the right.; The girl on the right is the one wearing the necklace.; The girl with the pink tank top is wearing the necklace.,"Based on the image, the girl on the right has a necklace on. You can see a silver chain and pendant around her neck."
question_comb_2688,0,0,0.0043901787,0,3.6214453e-05,0,0.006764408,1,1,1,Other,Visual Understanding,Unknown,"Does he carry a clothes bundle under his arm, indicating he's not a nudist?","He doesn't carry a clothes bundle under his arm; No, he's not carrying any bundle under his arm; He isn't.","Let's analyze the image to determine if the person is carrying a clothes bundle.

**Based on the image, it appears the person is not carrying a clothes bundle.**

Here's why:

*   **Close Examination:** A careful look at the person's arm reveals no visible bundle or clothing.
*   **Water Distortion:** The water's surface is highly distorted, which can make it difficult to see details clearly. However, even with the distortion, there's no indication of anything being held under the arm.
*   **Context:** The scene depicts a flood situation. People in such emergencies are often focused on survival and escaping the water, making it less likely they'd be carrying belongings.

Therefore, it's safe to conclude that the person is not carrying a clothes bundle."
question_comb_8622,0,0,0.0027340632,0,0.00014003903,0,0.0023900615,1,1,1,Relationship,Spatial Reasoning,Unknown,Is there direct contact between the child and grass?,"y, e, s","Yes, based on the image, it appears there is direct contact between the child and the grass. The child is lying on their stomach on the grass, with their head and upper body resting on the ground."
question_comb_3749,0,0,0.00022992659,0,0.014324569,0,1.060338e-06,1,1,1,Object-Related,Visual Understanding,Unknown,Is there a sports ball in the image?,yes,"Yes, there is a sports ball in the image. It's a tennis ball, visible in the player's racket."
question_comb_814,0,0,0.40775594,0,0.0028398482,0,5.3681684e-05,1,1,1,Object-Related,Visual Understanding,Unknown,Is there a baseball glove in the image?,no,"No, there is no baseball glove visible in the image."
question_comb_3723,0,0,0.36133325,0,2.582213e-05,0,0.00016000573,1,1,1,Attribute-Related,Attribute Recognition,Unknown,Is the forest withered in this image?,"n, o","No, the forest in the image does not appear withered. The foliage is lush and green, suggesting a healthy and thriving environment. The giraffe is even reaching into the greenery to feed, which further indicates that the plants are alive and well."
question_comb_6225,0,0,0.0073705968,0,2.861405e-05,0,5.3297013e-06,1,1,1,Object-Related,Visual Understanding,Unknown,Is there a bowl in the image?,yes,"Yes, there is a bowl in the image. It contains what appears to be coleslaw."
question_comb_1266,0,0,0.11862997,0,2.7921225e-05,0,0.08403435,1,1,1,Attribute-Related,Attribute Recognition,Unknown,Is the sea calm seas in this image?,"n, o","No, the sea in the image does not appear calm. You can see waves rolling in towards the shore, indicating some movement and activity in the water."
question_comb_1022,1,0,0.061340537,0,0.00018857689,1,0.93472487,0,0,1,Object-Related,Visual Understanding,Unknown,Is there a chair in the image?,no,"Yes, there is a chair in the image. It appears to be a beach chair that the woman is holding onto while in the water."
question_comb_6283,0,0,0.0005930665,0,5.704517e-08,0,4.1609824e-06,1,1,1,Other,Visual Understanding,Unknown,What type of animal is standing in front of the trailer door?,A horse is standing in front of the trailer door; A horse; In front of the trailer door is a horse standing,"Based on the image, the animal standing in front of the trailer door is a **horse**. It appears to be a model or figurine, given the detail and the overall artistic style of the scene."
question_comb_8594,0,0,0.00021160734,0,0.0003145558,0,0.0034743785,1,1,1,Object-Related,Visual Understanding,Unknown,Is there a fish in this image?,"n, o","No, there doesn't appear to be a fish in the image. The image shows cows grazing on a grassy field with the ocean and a ship in the background."
question_comb_687,0,0,7.763671e-06,0,0.0061103976,0,1.6790438e-05,1,1,1,Other,Visual Understanding,Unknown,Is the fox in a sitting position like a domestic cat?,The fox is not in a sitting position; The fox is not; No.,"No, the fox in the image is not in a sitting position like a domestic cat. It appears to be a sculpted bust, depicting the fox's head and upper chest. 

Here's why it doesn't resemble a cat sitting:

*   **Posture:** The fox's posture is upright and regal, with its head held high. A cat sitting typically has a more relaxed, hunched posture.
*   **Body Shape:** The sculpture only shows the head and a small portion of the chest, so we don't see the full body or the characteristic curled-up position of a sitting cat.
*   **Artistic Style:** The sculpture is stylized and artistic, not a realistic depiction of a fox sitting.



Let me know if you'd like to know more about the sculpture!"
question_comb_7605,0,0,0.0020294837,0,3.9241866e-05,0,3.963224e-05,1,1,1,Object-Related,Visual Understanding,Unknown,Which beach does this image take place in?,There are no indicators of what beach this image takes place in; There is no specific beach stated in the image; The image does not state that it is located at any specific beach,"It's impossible to definitively say which specific beach this image depicts. However, we can make some educated guesses based on the visual cues:

*   **Sandy Beach:** The presence of sand suggests a beach environment.
*   **Tropical Setting:** The warm, golden light, the calm turquoise water, and the distant clouds hint at a tropical or subtropical location.
*   **No Distinctive Landmarks:** There are no unique rock formations, cliffs, or other landmarks that would help pinpoint a specific beach.

**Possible Locations:**

Given these factors, the image could represent a beach in:

*   **The Caribbean:** Many islands in the Caribbean have similar sandy beaches and turquoise waters.
*   **Southeast Asia:** Beaches in Thailand, the Philippines, or Indonesia could also match this description.
*   **Pacific Islands:** Islands like Fiji or Hawaii could also be possibilities.

**Ultimately, it's likely a generic, idealized beach scene created for artistic purposes.**"
question_comb_4384,0,0,0.008742917,0,2.7268781e-05,0,0.46565565,1,1,1,Relationship,Spatial Reasoning,Unknown,Is there direct contact between the forest and sign?,"y, e, s","Based on the image, there appears to be some direct contact between the forest and the sign. 

Specifically, branches and leaves from the trees and bushes are touching the edges of the ""DEAD END"" sign."
question_comb_1498,0,0,2.7562568e-05,0,1.0452807e-06,0,7.742454e-05,1,1,1,Attribute-Related,Attribute Recognition,Unknown,Is the nun's robe plain with no metallic accents?,No; the nun's robe is not plain and it has metallic accents; the nun's robe is not plain.,"Based on the image, the nun's robe **does not appear to be plain**. It has significant metallic accents, specifically a gold or brass-like sheen and detailing. 

Here's what I observe:

*   **Gold/Brass Accents:** There are distinct gold or brass-colored lines and patterns integrated into the fabric of the robe. These aren't just reflections; they seem to be part of the design.
*   **Metallic Sheen:** The robe itself has a glossy, almost metallic sheen, especially in the highlights.
*   **Overall Aesthetic:** The entire image has a futuristic, high-fashion, and somewhat surreal quality, suggesting the robe is intentionally designed with metallic elements.



Therefore, the robe is not plain but incorporates metallic accents as a key part of its design."
question_comb_7915,0,0,0.059405394,0,0.00034740093,0,0.00014826155,1,1,1,Object-Related,Visual Understanding,Unknown,Is there a car in this image?,"n, o","No, there is no car visible in the image. The image shows a stop sign with a sticker on it, set against a backdrop of trees and a blue sky."
question_comb_944,0,0,0.007900745,0,1.0953956e-06,0,1.6842114e-06,1,1,1,Relationship,Spatial Reasoning,Unknown,Is there direct contact between the snowboard and pole?,"n, o","Based on the image, there is **no direct contact** between the skis and the poles. The skier is in mid-air, and the poles are extended forward for balance and control, but they are not touching the skis."
question_comb_9389,0,0,0.0052909544,0,0.0003692408,0,0.003564131,1,1,1,Attribute-Related,Attribute Recognition,Unknown,Is the sea motionless in this image?,"n, o","No, the sea is not motionless in the image. You can clearly see waves breaking in the background. They appear to be gentle, rolling waves, but they are definitely in motion."
question_comb_1076,0,0,0.00045685013,0,0.24026786,0,0.00064625073,1,1,1,Relationship,Spatial Reasoning,Unknown,Is there direct contact between the banana and floor?,"y, e, s","Based on the image, it appears there is **no direct contact** between the bananas and the floor. They are resting on top of each other."
question_comb_9851,0,0,0.029343635,0,0.022902578,0,6.3728276e-06,1,1,1,Object-Related,Visual Understanding,Unknown,Is there a person in the image?,yes,"Yes, there is a person in the image. They are lying on the snow, seemingly injured, with their skis still attached. There are also several other people in the background observing the situation."
question_comb_8155,0,0,0.24447437,1,0.9636739,0,0.014796123,1,0,1,Relationship,Spatial Reasoning,Unknown,Is there direct contact between the table and laptop?,"y, e, s","Yes, based on the image, there is direct contact between the table and the laptop. The laptop is sitting directly on the wooden surface of the table."
question_comb_103,0,0,1.43965e-07,0,0.03320781,0,8.827681e-08,1,1,1,Object-Related,Attribute Recognition,Unknown,How many ghosts are present?,There are zero ghosts; There aren't any ghosts present; No ghosts in this image,"This is a clever trick question! The image depicts a minimalist, futuristic architectural space. It's designed to be stark and ethereal, with a lot of white and reflective surfaces. 

There are **no actual ghosts** in the image. The effect of the lighting and the repeating shapes create an illusion that might resemble ghostly forms, but it's purely a visual trick."
question_comb_6743,0,0,3.0057687e-05,0,2.9100533e-05,0,0.0006127788,1,1,1,Attribute-Related,Attribute Recognition,Unknown,Is the grass withered in this image?,"n, o","No, the grass in the image does not appear withered. It looks quite lush and green, especially in the expansive field in the background. There's a variety of vegetation, but the dominant color is green, indicating healthy growth."
question_comb_6000,0,0,0.38379887,1,0.9687899,0,0.00038516114,1,0,1,Object-Related,Visual Understanding,Unknown,Is there a house in this image?,"n, o","No, there doesn't appear to be a house in the image. The scene depicts two people walking along a path with walking sticks, silhouetted against a vibrant sunset over the ocean. There are trees and a coastline visible, but no structures resembling a house."
question_comb_8238,1,0,8.152563e-05,0,7.642738e-08,0,2.0864234e-06,0,0,0,Other,General QA,Unknown,Is the number of big cyan things in front of the cyan rubber suv less than the number of big suvs that are behind the red bus?,No,"Let's analyze the image:

*   **Big cyan things in front of the cyan SUV:** There is one big cyan thing, which is the airplane.
*   **Big SUVs behind the red bus:** There are no SUVs behind the red bus.

Therefore, 1 (airplane) is less than 0 (SUVs).

**So, yes, the number of big cyan things in front of the cyan SUV is less than the number of big SUVs behind the red bus.**"
question_comb_7771,0,0,0.011931994,0,2.964692e-05,0,5.3727723e-05,1,1,1,Object-Related,Attribute Recognition,Unknown,How many pieces of lawn furniture are shown on the roof?,There are 2 pieces of furniture on the roof.,"Based on the image, there are **two** pieces of lawn furniture on the roof. They appear to be lounge chairs."
question_comb_366,0,0,0.0005744611,0,0.0003488165,0,4.0548377e-05,1,1,1,Other,Math & Calculation,Unknown,"A philanthropic organization compared the amounts of money that its members donated to certain causes. Who donated more money to arts education, Aubrey or Connor?'",Connor,"Let's analyze the table to determine who donated more to arts education.

*   **Aubrey:** Donated $16 to arts education.
*   **Connor:** Donated $19 to arts education.

Therefore, **Connor** donated more money to arts education than Aubrey."
question_comb_1037,1,0,0.0008989606,0,7.4481522e-06,1,0.9962662,0,0,1,Object-Related,Visual Understanding,Unknown,Is there a cloud in this image?,"n, o","Yes, there appears to be a cloud in the image. It's visible in the background, slightly above and to the right of the players."
question_comb_7487,0,0,1.976515e-06,0,5.761779e-05,0,9.417502e-06,1,1,1,Object-Related,Attribute Recognition,Unknown,How many candles are on the cake?,There are no candles on the cake; No candles appear to be on the cake; The cake has no candles,"Based on the image, there are 12 candles on the cake. They are shaped like chess pieces."
question_comb_3043,0,0,0.059405394,0,0.00034740093,0,2.210096e-06,1,1,1,Attribute-Related,Attribute Recognition,Unknown,Is there one sign in this image?,"y, e, s","Yes, there is one prominent sign in the image. It's a standard red stop sign with white lettering. Additionally, there's a smaller sticker attached to the stop sign."
question_comb_1735,0,0,0.0016654838,0,0.0070409826,0,1.2968038e-05,1,1,1,Object-Related,Visual Understanding,Unknown,What kind of dog is the person behind the bus holding?,The person behind the bus is not holding to any kind of dog; There is no dog; The person is not holding a dog,"Based on the image, the person behind the bus is not holding a dog. They are wearing a large, fur-trimmed hood that obscures their face and head. The fur around the hood could be mistaken for a dog, but it's actually part of the clothing."
question_comb_4914,0,0,0.30333966,0,4.3761577e-08,0,0.0005699256,1,1,1,Other,Knowledge & Identity,Unknown,Is the person inside the red bounding box named Rusty Goffe? Please answer yes or no.,No,"No.

The person in the image is Robin Williams, from the movie *The Adventures of Baron Munchausen*."
question_comb_8245,0,0,0.0010759583,0,1.9058032e-05,0,2.2044667e-05,1,1,1,Other,Attribute Recognition,Unknown,Does the cat run in this image?,"n, o","No, the cat in the image is not running. It's sitting still and looking directly at the camera with a somewhat grumpy expression. It's wearing a green beret."
question_comb_4993,0,0,1.9929495e-05,0,6.576047e-05,0,2.2008246e-06,1,1,1,Object-Related,Attribute Recognition,Unknown,How many people are sitting on the chair?,One; one person is sitting on the chair; Only one,"Based on the image, there is **one** person sitting on the chair. It appears to be a man."
question_comb_6356,0,0,0.01973395,0,1.1226155e-05,0,1.4225333e-06,1,1,1,Relationship,Spatial Reasoning,Unknown,Is there direct contact between the train and rail?,"y, e, s","Yes, there is direct contact between the train and the rail. 

You can clearly see the train wheels making contact with the rails in the image. This contact is what allows the train to move along the tracks."
question_comb_7445,0,0,0.0067754155,0,2.1030662e-06,0,0.2690087,1,1,1,Attribute-Related,Attribute Recognition,Unknown,Is the beach dry in this image?,"n, o","No, the beach in the image is not completely dry. You can see wet sand around the man and the surfboard, and there's seaweed and water near his feet. The waves in the background also indicate that the tide has been up recently."
question_comb_6846,0,0,0.010320684,0,1.2630461e-05,0,1.9846688e-05,1,1,1,Attribute-Related,Attribute Recognition,Unknown,Is the wall smooth in this image?,"y, e, s","No, the wall in the image is not smooth. It has a noticeable texture, appearing to be a slightly rough or stucco-like finish. You can see the unevenness in the light and shadow play across the surface."
question_comb_8939,0,0,0.18901873,0,0.36546603,0,5.1837847e-05,1,1,1,Attribute-Related,Attribute Recognition,Unknown,Are there two men in this image?,"y, e, s","Yes, there are two men in the image. You can see one with the number 10 on his back and another with the number 7."
question_comb_3182,0,0,9.536561e-05,0,0.010578486,0,1.1173136e-06,1,1,1,Other,Math & Calculation,Unknown,Determine the next shape.,D,"Here's how to determine the next shape in the sequence:

**Pattern Recognition**

The pattern involves the movement of the shaded squares within the 3x3 grid. Let's analyze the shifts:

*   **Shape 1:** Shaded squares are in the top-left and bottom-right corners.
*   **Shape 2:** The shaded squares shift one position to the right.
*   **Shape 3:** The shaded squares shift one position to the right again.

**Predicting the Next Shape**

Following this pattern, the shaded squares should shift one position to the right again. This corresponds to option **D**.

**Therefore, the answer is D.**"
question_comb_3230,0,0,0.068429045,0,0.2604825,0,0.020969775,1,1,1,Other,Text & OCR,Unknown,Is this movie directed by mike nichols? Please answer yes or no.,No,"No.

According to the poster, the movie ""My Lady"" is directed by Israel Horovitz. Mike Nichols was not involved."
question_comb_2718,0,0,0.26078707,0,0.0007390495,0,5.581984e-05,1,1,1,Other,Knowledge & Identity,Unknown,Is the actor inside the red bounding box called Giorgio Libassi? Please answer yes or no.,No,"No.

The actor in the image is Marianna Galeoni."
question_comb_5907,0,0,0.0006098819,0,0.00011106438,0,5.005185e-05,1,1,1,Other,Visual Understanding,Unknown,"Is the astronaut actually standing on Earth, not floating in space?","No; the astronaut is not standing on Earth; The astronaut is not on Earth, he is floating in space.","Based on the image, it's highly unlikely the astronaut is standing on Earth. Here's why:

*   **Background:** The background is a vibrant, swirling nebula of colors, filled with planets and stars. This is characteristic of deep space, not Earth's atmosphere.
*   **Lack of Ground:** There's no visible ground or surface beneath the astronaut's feet.
*   **Floating Impression:** The overall composition and the way the astronaut is positioned give a sense of weightlessness and floating in space.
*   **Artistic Style:** The image has a surreal, dreamlike quality, which further suggests a fantastical or otherworldly setting rather than a realistic depiction of Earth.

The artist has created a visually striking image that blends the astronaut with the cosmic environment, emphasizing the feeling of exploration and wonder in space."
question_comb_3874,0,0,0.0026989637,0,6.152128e-05,0,0.003603728,1,1,1,Attribute-Related,Attribute Recognition,Unknown,Is the sun dazzling in this image?,"y, e, s","Yes, the sun is definitely dazzling in the image. You can see a strong lens flare and bright rays emanating from the sun, indicating a very bright and intense light source."
question_comb_3515,0,1,0.703054,0,0.0046058106,0,0.004625233,0,1,1,Object-Related,Visual Understanding,Unknown,Is there a frisbee in the image?,no,"No, there is no frisbee in the image. The image shows a coffee cup, a piece of salmon on a plate, and a pastry on another plate."
question_comb_5304,0,1,0.8152535,1,0.97279084,0,0.0069092605,0,0,1,Relationship,Spatial Reasoning,Unknown,Is there direct contact between the keyboard and table?,"y, e, s","No, there is not direct contact between the keyboard and the table. The keyboard is resting on a clear plastic keyboard tray."
question_comb_3546,1,0,0.007912496,0,0.00015419979,0,0.12528875,0,0,0,Relationship,Spatial Reasoning,Unknown,Is there direct contact between the grass and apple?,"n, o","Based on the image, yes, there is direct contact between the grass and the apples. Many apples have fallen from the trees and are lying directly on the grass."
question_comb_3377,0,0,0.3368489,1,0.97462535,1,0.82448363,1,0,0,Other,Math & Calculation,Unknown,"According to the table, does the SABMiller India have the second highest portion of the market share for beer across India in 2020?",no,"No, according to the table, Carlsberg India has the second highest portion of the market share for beer across India in 2020.

Here's the breakdown:

*   **UB Group:** 54%
*   **Carlsberg India:** 75.4%
*   **SABMiller India:** 17.1%
*   **B9 Beverages:** 0.3%

Carlsberg India has the highest market share (75.4%), and UB Group has the second highest (54%). SABMiller India is third with 17.1%."
question_comb_6806,0,0,0.0090510845,0,0.00042448746,0,0.016999153,1,1,1,Attribute-Related,Attribute Recognition,Unknown,Is the beach dry in this image?,"y, e, s","Yes, the beach in the image appears to be dry. The sand looks light-colored and not wet, and there are shadows cast on it, indicating it's not covered in water."
question_comb_5090,0,1,0.8178051,0,0.003408879,0,0.09535146,0,1,1,Object-Related,Visual Understanding,Unknown,Is there a truck in the image?,yes,"Yes, there is a white truck visible in the image. It's partially obscured behind the bus and some greenery, but you can see the front of a white truck on the left side of the image."
question_comb_8944,0,0,0.0016079037,0,2.3779028e-06,0,0.00012636837,1,1,1,Other,General QA,Unknown,Describe this image.,"sky, cloud, tree, bench, grass, lake, stone, waterfront","Here's a description of the image:

**Overall Impression:**

The image captures a serene and peaceful scene of a lakeside park on a bright, sunny day. It evokes a sense of tranquility and invites the viewer to relax and enjoy the natural beauty.

**Detailed Description:**

*   **Foreground:** A lush green lawn dominates the foreground, with scattered fallen leaves adding a touch of autumnal color. A wooden park bench sits prominently on the grass, facing towards the water.
*   **Midground:** A large tree with a sprawling canopy frames the left side of the image. Its branches extend over the scene, creating a natural archway. Beyond the bench, the water of a lake or large body of water stretches out. Several rocks are visible just above the water line.
*   **Background:** Across the water, a hillside is covered in trees displaying vibrant autumn foliage in shades of red, orange, and yellow. The sky is a clear, bright blue with a few"
question_comb_4000,0,0,0.0024341238,0,7.097431e-05,0,0.00040514488,1,1,1,Attribute-Related,Attribute Recognition,Unknown,What are those tall trees?,Palm trees; The tallest trees are palm trees; The palm trees are the tallest,"Based on the image, the tall trees are **palm trees**. They are a prominent feature in the landscape, silhouetted against the vibrant sunset and futuristic cityscape. 

The overall aesthetic of the image suggests a tropical or subtropical location, which is consistent with the presence of palm trees."
question_comb_8846,0,0,0.005904894,0,0.0007501248,0,0.064833224,1,1,1,Other,Visual Understanding,Unknown,Does the foam from the latte art spill over the edge of the cup?,No; the foam does not spill over the edge of the cup; the foam is not spilling over the edge,"No, the foam from the latte art does not spill over the edge of the cup in the image. It sits neatly within the rim of the cup, creating a contained and visually appealing design."
question_comb_3875,0,1,0.94873655,1,0.98356515,1,0.51740706,0,0,0,Other,Knowledge & Identity,Unknown,Will red be obtained by mixing the above two colors? Please answer yes or no.,No,No.
question_comb_9021,1,0,0.0004743182,0,2.7634196e-06,1,0.5105867,0,0,1,Relationship,Spatial Reasoning,Unknown,Is there direct contact between the lounge and forest?,"n, o","Based on the image, there appears to be a clear transition zone between the sandy area (where the lounge chairs and umbrella are) and the forest. 

Here's what I can observe:

*   **Sandy Area:** The foreground is dominated by sand.
*   **Transition Zone:** There's a narrow strip of tall grass and vegetation separating the sand from the forest.
*   **Forest:** A dense line of trees forms the backdrop, indicating the edge of the forest.

So, while there isn't a direct, seamless connection, there's a defined boundary with a natural transition zone of vegetation."
question_comb_6158,0,0,0.0020488522,0,1.7268027e-05,0,0.0008477144,1,1,1,Object-Related,Visual Understanding,Unknown,Is there a person in the image?,yes,"Yes, there are two people in the image. They appear to be a couple, likely a bride and groom, cutting a wedding cake."
question_comb_4460,0,0,0.0025674442,0,9.784108e-08,0,0.0013690046,1,1,1,Attribute-Related,Attribute Recognition,Unknown,Is the forest withered in this image?,"n, o","No, the forest in the image does not appear withered. The trees are green and full of leaves. The image shows a healthy-looking forest surrounding a lake on a sunny day."
question_comb_382,0,0,0.0012652646,0,0.015157611,0,3.8778862e-06,1,1,1,Object-Related,Attribute Recognition,Unknown,How many spiders on the worker?,Zero spiders; There aren't any spiders on the worker; No spiders are on the worker in the image,"Based on the image, it appears there is **one** spider on the worker's hand. It's a small, orange-brown spider clinging to the motherboard."
question_comb_9959,0,0,0.0033169154,0,2.2792285e-08,0,0.00015777379,1,1,1,Other,Knowledge & Identity,Unknown,Is the actor inside the red bounding box named Arnold Schwarzenegger? Please answer yes or no.,Yes,Yes.
question_comb_7842,0,0,0.00096245046,0,0.49892655,0,2.369846e-05,1,1,1,Object-Related,Attribute Recognition,Unknown,How many chairs are there in the room?,Two; Two chairs are in the room; Only Two,"Based on the image, I can see **four** chairs in the room. 

Here's how I identified them:

*   Two chairs are visible on the left side of the image.
*   One chair is visible on the right side of the image.
*   A partial view of another chair is visible in the foreground.



Let me know if you'd like me to count anything else in the image!"
question_comb_3189,0,0,0.0027313628,0,0.0015987821,1,0.6819889,1,1,0,Attribute-Related,Attribute Recognition,Unknown,Is there a skateboard with red wheels in the image? Please answer yes or no.,Yes,Yes.
question_comb_3876,1,0,0.016412929,0,0.00030036425,0,0.07424849,0,0,0,Relationship,Spatial Reasoning,Unknown,Is there direct contact between the controller and blanket?,"n, o","Yes, based on the image, there is direct contact between the dog and the blanket. The dog is lying on top of the blanket."
question_comb_9299,0,0,0.0019045232,0,4.7755253e-07,0,4.956269e-06,1,1,1,Other,Math & Calculation,Unknown,Subtract all big matte spheres. Subtract all metallic cubes. How many objects are left?,,"Here's how we can solve this:

1. **Identify the objects:** The image shows three spheres and two cubes.
2. **Identify the big matte spheres:** There are no big matte spheres in the image. All the spheres appear to be shiny or metallic.
3. **Identify the metallic cubes:** There is one metallic cube (the gold one).
4. **Subtract the requested objects:**
   * Subtract the big matte spheres (none): 3 spheres - 0 = 3 spheres
   * Subtract the metallic cubes: 2 cubes - 1 cube = 1 cube
5. **Count the remaining objects:** We have 3 spheres and 1 cube left.

Therefore, there are **4** objects left."
question_comb_7392,0,0,0.42513227,0,1.1946366e-05,0,5.0145205e-05,1,1,1,Relationship,Spatial Reasoning,Unknown,Is there direct contact between the man and cup?,"n, o","Based on the image, it appears there is **no direct contact** between the man and the cup. The cup is sitting on the ground in front of him, but he is not touching it."
question_comb_5370,0,0,0.004389864,0,9.480879e-05,0,0.00075265573,1,1,1,Relationship,Spatial Reasoning,Unknown,Is there direct contact between the lake and tent?,"n, o","No, there is no direct contact between the lake and the tent in the image. The tent is set up on a grassy area some distance away from the shoreline of the lake. There's a clear space of land separating the tent from the water."
question_comb_1123,0,0,0.00014209503,0,1.2714702e-06,0,3.128049e-07,1,1,1,Object-Related,Attribute Recognition,Unknown,How many deers are in the picture?,There aren’t any deers in the picture ; I didn’t see any deers ; There are no deers,"Based on the image, there are **no deers** visible. The picture features a vintage camper van overgrown with plants in a forest setting, but no deer are present."
question_comb_6228,0,0,0.0004007572,0,2.7002396e-05,0,0.00018575334,1,1,1,Relationship,Spatial Reasoning,Unknown,Is there direct contact between the man and wall?,"n, o","No, based on the image, there is no direct contact between the man and the wall. He is walking on the street in front of the wall."
question_comb_4818,0,1,0.58011127,1,0.8891284,1,0.56531256,0,0,0,Other,Text & OCR,Unknown,Is this movie originated from the country or region of china? Please answer yes or no.,No,"No.



The movie ""Blood Diamond"" is set in Sierra Leone, West Africa."
question_comb_1947,0,0,2.4203962e-07,0,3.1971827e-06,0,1.0925038e-08,1,1,1,Attribute-Related,Attribute Recognition,Unknown,Are her eyebrows painted with small yet intricate gold patterns that mirror those on her hijab?,No; her eyebrows are not painted with small yet intricate gold patterns; they do not mirror those on her hijab,"Yes, you are absolutely correct! The image shows that her eyebrows are indeed painted with intricate gold patterns that closely mirror the patterns on her hijab. It's a very striking and artistic detail that creates a cohesive and visually captivating look. 

The artist has clearly put a lot of thought into the design and how the elements work together."
question_comb_5625,0,0,0.0011817979,0,1.1373311e-05,0,3.6580048e-05,1,1,1,Object-Related,Visual Understanding,Unknown,Is there a beach in this image?,"n, o","No, there doesn't appear to be a beach in the image. The image shows a lake with a swan swimming in it, and mountains in the background. The shoreline is a gradual transition from water to land, but it doesn't look like a sandy beach."
question_comb_3334,0,0,0.00081180525,0,0.0002168827,0,1.118321e-05,1,1,1,Attribute-Related,Attribute Recognition,Unknown,Is the grass lively in this image?,"y, e, s","Yes, the grass in the image appears lively! Here's why:

*   **Color:** The grass is a vibrant, bright green, which suggests it's healthy and well-watered.
*   **Texture:** It looks lush and full, not sparse or dry.
*   **Overall Impression:** The overall scene conveys a sense of freshness and vitality.



It's a beautiful, healthy-looking lawn!"
question_comb_2744,0,0,0.00021160734,0,1.988526e-05,0,1.3355843e-05,1,1,1,Relationship,Spatial Reasoning,Unknown,Is there direct contact between the ship and grass?,"n, o","No, there is no direct contact between the ship and the grass in the image. The ship is in the ocean, and the grass is on land. They are separated by a significant distance of water."
question_comb_2544,0,0,0.011396035,0,0.00010965822,0,0.00014117813,1,1,1,Object-Related,Attribute Recognition,Unknown,How many ducks are present in this image?,There are three ducks in this image.; Three ducks are floating in this image.; This image contains three ducks on the water.,"Based on the image, I can see **three** ducks. They are scattered across the pond."
question_comb_4675,0,0,0.036119435,0,6.9629656e-05,0,1.0554188e-06,1,1,1,Relationship,Spatial Reasoning,Unknown,Is there direct contact between the person and cable?,"y, e, s","No, there is no direct contact between the person and the cable in the image. The person is sitting in a chairlift, which is suspended from the cable by a system of grips. The grips are designed to hold the cable without the chair itself touching it."
question_comb_8660,0,1,0.5369587,1,0.975266,1,0.6292872,0,0,0,Other,Temporal & Video,Unknown,"The man opens the door. According to the positive sequence of the images, are they in the correct order?",yes,"Yes, the images appear to be in the correct order. Here's why:

*   **Image 1:** Shows a man approaching a door.
*   **Image 2:** Shows the man in the process of opening the door.
*   **Image 3:** Shows the man standing inside the room after opening the door.

The sequence logically depicts the action of opening a door and entering a room."
question_comb_8284,0,0,2.9389546e-05,0,3.678252e-05,0,1.5005031e-05,1,1,1,Object-Related,Attribute Recognition,Unknown,How many vehicles are seen in this image?,There are no vehicles in this image; There are no vehicles visible; No vehicles are pictured in this image,"Based on the image, I don't see any vehicles. The scene appears to be a snowy outdoor event with people and balloons, but there are no cars, trucks, or other vehicles visible."
question_comb_9079,0,0,0.010237101,0,0.0,0,0.016508687,1,1,1,Relationship,Spatial Reasoning,Unknown,Is there direct contact between the cat and sink?,"y, e, s","Yes, based on the image, there is direct contact between the cat and the sink. The cat is curled up inside the sink basin, with its body resting directly on the sink's surface."
question_comb_1902,0,0,0.02411033,0,0.0013655924,0,0.00068587234,1,1,1,Object-Related,Visual Understanding,Unknown,Is there a person in the image?,yes,"Yes, there is a person in the image. It's an anime-style illustration of a young woman depicted on the back of the bus. She is wearing a school uniform and has long, flowing orange hair."
question_comb_4941,0,0,0.0100653265,0,2.263908e-05,0,2.5650083e-05,1,1,1,Other,General QA,Unknown,Describe this image.,"lion, rock, grass","Here's a description of the image:

**Overall Impression:**

The image shows a male and female lion resting in a rocky, naturalistic enclosure, likely at a zoo or wildlife park. The scene has a calm, relaxed atmosphere.

**Detailed Description:**

*   **Lions:** A male lion and a female lion are the main subjects. The male is on the right, with a full, golden-brown mane. He's lying down with his paws extended. The female is on the left, with a shorter, more subtle coat. She is also lying down, with her paws resting on a rock. Both lions appear to be looking towards each other.
*   **Environment:** The lions are situated in a rocky environment. The backdrop is a large, textured rock wall, with various shades of gray and green. There's some vegetation (green plants and grasses) growing around the base of the rocks and on the sides, adding to the naturalistic feel"
question_comb_2174,1,0,0.00095448206,0,1.3024603e-06,0,0.39123398,0,0,0,Relationship,Spatial Reasoning,Unknown,Is there direct contact between the toy and lake?,"n, o","Yes, based on the image, there is direct contact between the toy (the yellow ball) and the lake water. The ball is clearly submerged in the water and surrounded by splashes."
question_comb_1922,0,0,0.0818209,0,0.0005319529,0,0.00072227174,1,1,1,Relationship,Spatial Reasoning,Unknown,Is there direct contact between the panda and tree?,"y, e, s","Yes, based on the image, there is direct contact between the panda and the tree. The panda is leaning against the tree trunk and appears to be partially nestled within the space between two tree trunks."
question_comb_2162,1,0,0.011294323,0,0.00017856222,1,0.7220412,0,0,1,Other,Knowledge & Identity,Unknown,"Is this a photo of Millennium Tower (San Francisco, California)? Please answer yes or no.",Yes,"No.



Millennium Tower is known for its tilting and has a distinct architectural style. This building in the photo appears to be under construction and doesn't match the completed design of Millennium Tower."
question_comb_1967,0,0,0.17313842,0,0.003902856,0,2.8414954e-06,1,1,1,Relationship,Spatial Reasoning,Unknown,Is there direct contact between the person and horse?,"y, e, s","Yes, based on the image, there is direct contact between the person and the horse. Each person is sitting on top of a horse, indicating physical contact."
question_comb_3780,0,0,0.0026078334,0,0.013908826,0,0.00015862442,1,1,1,Other,Visual Understanding,Unknown,Is the weather inside the bottle rainy and does not match the clear weather outside?,No; the weather inside the bottle is not rainy and matches the clear weather outside; it does not mismatch the outside weather.,"Let's analyze the image!

**Inside the bottle:** The water appears choppy and dark, with a slightly stormy or overcast look. It's not a clear, sunny scene.

**Outside the bottle:** The sky outside is bright and clear, with a soft, diffused light suggesting a pleasant, sunny day.

**Conclusion:** Yes, you are correct! The weather inside the bottle seems to be stormy or at least overcast, while the weather outside is clear and sunny. This creates a striking contrast and adds to the magical, surreal quality of the image."
question_comb_1350,0,1,0.52443784,0,0.0006514452,0,0.0014464863,0,1,1,Object-Related,Visual Understanding,Unknown,Is there a sandwich in the image?,yes,"Yes, there is a sandwich in the image. It appears to be a breaded sandwich, possibly chicken or fish, with a slice of bread on top."
question_comb_7360,0,0,0.0001315856,0,2.4313822e-08,0,4.6226214e-06,1,1,1,Other,Text & OCR,Unknown,How many lights are in the doorway of this room in this image,We cannot see the doorway in this image; It is impossible to tell due to the perspective of the image; We cannot see the doorway in this image,"Based on the image, there appears to be **one** main light source coming through the doorway. It's a bright, diffused light that suggests it's likely sunlight. 

While there are some subtle highlights and shadows, they are all a result of this single light source interacting with the room's surfaces."
question_comb_1031,0,0,0.017359853,0,0.025420232,0,3.888729e-05,1,1,1,Attribute-Related,Attribute Recognition,Unknown,Is the banana complete in this image?,"n, o","No, the banana is not complete in the image. It appears to be partially peeled, with a significant portion of the peel still attached."
question_comb_571,0,0,0.00016138337,0,0.0007526141,0,0.00012857004,1,1,1,Other,Visual Understanding,Unknown,Are soldiers visibly present on the battlefield within the helmet?,No; soldiers are not visibly present on the battlefield within the helmet; there are no soldiers present,"No, there are no visibly present soldiers on the battlefield within the helmet in the image. 

Instead, the helmet appears to be a surreal, layered representation. It contains a landscape with a dilapidated house and overgrown field, suggesting a memory or a psychological space. The face emerging from the helmet further reinforces the idea of internal thoughts and memories rather than a literal battlefield scene."
question_comb_342,0,0,0.0008709813,0,1.7216427e-05,1,0.97420305,1,1,0,Other,Text & OCR,Unknown,Is this movie originated from the country or region of uk? Please answer yes or no.,No,"No.



The movie ""The French Connection"" is set in New York City and primarily involves American characters and law enforcement. While it deals with French drug trafficking, it is not a UK production."
question_comb_6403,0,0,0.002384034,0,0.00048242512,0,0.0038671603,1,1,1,Other,Math & Calculation,Unknown,Is f(-2) ambiguous?,,"Yes, f(-2) is ambiguous based on the given graph.

Here's why:

*   **Multiple Values:** At x = -2, the graph shows two different values for f(x). There's a curve that approaches a value around 0.2, and a horizontal line at y = 1.
*   **No Unique Definition:** A function must have a unique output for each input. Since there are two possible y-values for x = -2, it's not a well-defined function at that point.

Therefore, f(-2) is ambiguous."
question_comb_2066,0,0,5.1831165e-07,0,0.022222694,0,8.039893e-06,1,1,1,Object-Related,Attribute Recognition,Unknown,How many columns in the room are there?,There are six different columns; Six columns are in the room; The room contains six of them,"Based on the image, I can see **four** columns in the room. They are evenly spaced along the central axis, supporting the ceiling."
question_comb_7074,0,0,0.0009336189,0,0.18962237,0,6.1292376e-05,1,1,1,Object-Related,Attribute Recognition,Unknown,How many jellyfish are in the image?,There are 5 jellyfish; By counting the jellyfish there are 5; There appears to be 5 jellyfish,"Based on the image, I can see **five** jellyfish. 

Here's a breakdown:

*   One large jellyfish in the foreground.
*   Two jellyfish in the mid-ground.
*   Two smaller jellyfish in the background.



Let me know if you'd like me to analyze anything else in the image!"
question_comb_1197,0,0,0.00018457853,0,1.3096435e-05,0,0.0007553221,1,1,1,Attribute-Related,Attribute Recognition,Unknown,Is the wall white in this image?,"y, e, s","Yes, the wall in the image appears to be white. It's a plain, light-colored wall behind the dog's bed."
question_comb_2919,0,0,0.0047340454,0,4.8256516e-07,0,0.0001985591,1,1,1,Attribute-Related,Attribute Recognition,Unknown,Is there one knife in this image?,"y, e, s","No, there is no knife in the image. There is a fork, but no knife."
question_comb_8320,0,0,0.009225722,0,2.3811934e-05,0,5.7942227e-05,1,1,1,Object-Related,Visual Understanding,Unknown,Is there a car in the image?,no,"No, there is no car in the image. The image shows a child in a kitchen near a sink with grapes."
question_comb_323,0,0,8.214955e-05,0,1.0657196e-05,0,2.3129621e-06,1,1,1,Other,Text & OCR,Unknown,When was this match conducted?,We can't tell on which date this match was conducted; Don't know when this match was conducted; Cannot tell.,"Based on the image, this is a miniature model of the Maracanã Stadium in Rio de Janeiro, Brazil. It's a detailed replica, likely part of a larger display. 

**The model itself doesn't represent a specific match.** It's a static representation of the stadium. 

However, the Maracanã Stadium has hosted countless significant matches throughout its history, including:

*   **1950 FIFA World Cup Final:** This is arguably the most famous match ever played there, where Brazil lost to Uruguay.
*   **1970 FIFA World Cup Final:** Brazil won against Italy.
*   **2014 FIFA World Cup Matches:** The stadium was a venue for the 2014 World Cup.
*   **2016 Summer Olympics Opening Ceremony:** The stadium was used for the opening ceremony.

**To determine a specific match represented in the model, you'd need more information about the display"
question_comb_8122,1,1,0.53825396,0,0.0565654,1,0.627747,1,0,1,Other,Temporal & Video,Unknown,"This man is throwing a woman into the toilet. According to the positive sequence of the images, are they in the correct order? Answer in one word.",no,Yes.
question_comb_2321,0,0,1.3273525e-06,0,7.65576e-06,0,3.0199652e-05,1,1,1,Object-Related,Attribute Recognition,Unknown,How many candles are in the photo?,There are two candles; Two candles; Two,"Based on the image, there are **two** candles visible. They are in a candlestick holder on the right side of the photo."
question_comb_3775,1,0,0.41875207,1,0.99881077,1,0.87926173,0,1,1,Object-Related,Visual Understanding,Unknown,Is there a traffic light in the image?,yes,"No, there is not a traffic light in the image. There is a stop sign on a pole, but it is not a traffic light."
question_comb_5646,0,1,0.9912714,1,0.9574538,1,0.680454,0,0,0,Other,Temporal & Video,Unknown,"According to the positive sequence of the images, is the blue car moving backward?",yes,"Let's analyze the images to determine if the blue car is moving backward.

**Observations:**

*   **Image 1:** The blue car is positioned further to the left in the frame.
*   **Image 2:** The blue car has moved slightly to the right.
*   **Image 3:** The blue car has moved further to the right.

**Conclusion:**

Based on the sequence of images, the blue car is moving to the right. Therefore, it is **not** moving backward. It's moving forward in the direction of the frame."
question_comb_3216,1,0,0.43071514,0,0.38879842,1,0.92733467,0,0,1,Object-Related,Visual Understanding,Unknown,Is there a laptop in the image?,yes,"No, there is no laptop in the image. There is a television set with a person and an aerial view of a landscape displayed on the screen."
question_comb_9711,1,0,0.29081458,0,0.42613643,1,0.94886404,0,0,1,Object-Related,Visual Understanding,Unknown,Is there a sports ball in the image?,yes,"No, there doesn't appear to be a sports ball visible in the image. The focus is on the baseball players and the action of the game."
question_comb_9540,0,0,0.29081458,0,0.42613643,0,0.00027730747,1,1,1,Object-Related,Visual Understanding,Unknown,Is there a baseball glove in the image?,yes,"Yes, there are baseball gloves in the image. You can see them on the hands of several players. Specifically, the two players closest to the runner are wearing gloves."
question_comb_5032,0,0,0.08278125,0,0.00012304315,0,0.0010999291,1,1,1,Object-Related,Visual Understanding,Unknown,Is there a car in the image?,no,"No, there is no car in the image. The image shows a group of people in what appears to be a conference or auditorium setting. Several people are using laptops, and the background features a stage and an exit door."
question_comb_6123,0,0,0.0012975631,0,0.00015389484,0,2.0184345e-05,1,1,1,Other,Text & OCR,Unknown,Where is the waterfall located?,Can't answer; I cannot see the names on the board; i don't know the location of this waterfall,"Based on the image, the waterfall is located in **Qingqing Grassland (青青草原)** in Hualien County, Taiwan. 

This area is known for its unique geological formations and the small waterfall that flows through the grassland. The distinctive gray-colored, layered rock formations are a key identifier."
question_comb_4654,0,0,6.355906e-06,0,1.8951649e-06,0,0.00030160445,1,1,1,Other,General QA,Unknown,Does Web Green have the minimum area under the curve?,yes,"Let's analyze the graph to determine if ""Web Green"" has the minimum area under the curve.

**Understanding Area Under the Curve**

The area under a curve on a graph represents the integral of the function represented by the curve. In simpler terms, it's the total ""space"" occupied by the curve between two points on the x-axis.  A smaller area means the curve is generally lower.

**Analyzing the Graph**

*   **Web Green (Green Line):** This line generally stays lower than the ""Indigo"" line throughout the entire graph.
*   **Indigo (Purple Line):** This line is consistently higher than the ""Web Green"" line.

**Conclusion**

Since the ""Web Green"" line is consistently below the ""Indigo"" line, it has the smaller area under the curve. Therefore, **yes, Web Green has the minimum area under the curve.**"
question_comb_9358,0,0,0.00019178978,0,0.00012884509,0,0.016515177,1,1,1,Other,Knowledge & Identity,Unknown,I want to carry one thing with me on a rainy day. Is the thing in the image an appropriate choice? Please answer yes or no.,Yes,"Yes.



The image shows an umbrella, which is a perfect item to carry on a rainy day."
question_comb_4807,0,0,4.9352704e-05,0,0.0025265743,0,1.02213935e-05,1,1,1,Attribute-Related,Attribute Recognition,Unknown,"A man on the inside of the circle is wearing a dark black shirt, what color are his pants?",The man with the distinct black shirt has blue pants; He appears to be wearing blue jeans; The man's pants are blue,"Based on the image, the man in the dark black shirt appears to be wearing **dark blue** pants. They are a shade darker than the surrounding clothing and blend into the overall muted color palette of the painting."
question_comb_596,1,0,0.0019707652,0,9.964517e-07,0,0.004193591,0,0,0,Object-Related,Visual Understanding,Unknown,Is there a dining table in the image?,yes,"No, there is no dining table visible in the image. There is a small wooden table in the lower right corner, but it doesn't appear to be a dining table."
question_comb_935,0,1,0.5594032,1,0.9883713,1,0.63254213,0,0,0,Other,Knowledge & Identity,Unknown,Here is a picture of the cake I cut. Did I cut it at least twice? Please answer yes or no.,Yes,"Yes. The cake clearly shows cut edges and a section missing, indicating it was cut at least twice."
question_comb_6441,0,0,4.3063133e-05,0,0.0006449644,0,0.01264995,1,1,1,Relationship,Spatial Reasoning,Unknown,Is there direct contact between the forest and grass?,"y, e, s","Yes, based on the image, there is direct contact between the forest and the grass. You can see trees growing right along the edges of the grassy slopes and within the valley. The transition between the forest and the grass is gradual and continuous in several areas of the image."
question_comb_9507,0,0,0.0002795796,0,0.0001818521,0,5.872736e-05,1,1,1,Other,Text & OCR,Unknown,How many green balloons are there?,There are no green balloons.; Green balloons are not visible in the image.; Green balloons cannot be seen.,"Based on the image, there are **two** green balloons."
question_comb_8267,0,0,4.5838897e-09,0,8.1348175e-05,0,8.518778e-06,1,1,1,Other,Visual Understanding,Unknown,Is the landscape lacking any snow and replaced with blooming wildflowers?,"No; there is snow in the landscape, it's not replaced with blooming wildflowers; the landscape is not without snow","Okay, let's analyze the image and then address your request to change the landscape.

**Analysis of the Original Image:**

The image depicts a dramatic, mountainous landscape. Here's what we see:

*   **Dominant Feature:** A large, snow-capped mountain looms in the background.
*   **Structure:** A multi-tiered, traditional-style building is built directly into a rocky cliff face. It has a wooden structure with a tiled roof.
*   **Ground:** The ground is rocky and barren, with a sandy/gravelly area at the base of the cliff. There's no snow on the ground.
*   **Overall Tone:** The scene is rugged, imposing, and somewhat desolate.

**Addressing Your Request: ""Is the landscape lacking any snow and replaced with blooming wildflowers?""**

The original image *does* have snow on the mountain in the background. However, the ground at the base of the structure is not"
question_comb_6908,0,0,0.00017436834,0,7.078728e-05,0,7.996262e-06,1,1,1,Other,Attribute Recognition,Unknown,Are there fewer metallic fighters than rubber objects?,Yes,"Let's analyze the image:

*   **Metallic fighters:** There is one fighter jet in the image. It appears to be made of a metallic material.
*   **Rubber objects:** There is one bicycle in the image. Bicycles are typically made of rubber for the tires.

Therefore, there is one metallic fighter and one rubber object.

**Conclusion:** No, there are not fewer metallic fighters than rubber objects. They are equal in number."
question_comb_6491,0,0,0.0025324202,0,0.0011432002,0,0.13629006,1,1,1,Attribute-Related,Attribute Recognition,Unknown,Is the mountain tall in this image?,"n, o","Based on the image, the mountain doesn't appear to be exceptionally tall. It's a noticeable feature in the background, but it seems to be a rolling hill rather than a towering mountain. Its size relative to the stop sign and the overall landscape suggests it's of moderate height."
question_comb_3933,0,0,0.0021565906,0,0.001734232,0,0.032409232,1,1,1,Object-Related,Visual Understanding,Unknown,Is there a cup in the image?,no,"No, I don't see a cup in the image."
question_comb_2173,0,0,6.0809623e-05,0,0.00020793622,0,2.8662926e-06,1,1,1,Object-Related,Attribute Recognition,Unknown,How many specimens are floating above the van?,Five; Five specimen; There are five specimen,"Based on the image, there are **five** specimens floating above the van. They appear to be some kind of insect or flying creature, possibly related to the research being conducted inside the van."
question_comb_909,1,0,0.024577849,0,0.00046599106,0,0.017660322,0,0,0,Attribute-Related,Attribute Recognition,Unknown,Is the wall rough in this image?,"n, o","Yes, the wall in the image appears to be rough. You can see a textured surface, especially around the clock and in the areas where the light hits it. It's not a smooth, flat surface."
question_comb_3108,0,0,1.4856386e-06,0,0.000117567215,0,9.08212e-06,1,1,1,Object-Related,Attribute Recognition,Unknown,How many visible windows are on the side of the house in the photo within the photo?,There are four windows on the side of the house; Four windows; There are four windows,"Let's analyze the image!

Looking at the photo within the photo, I can see **five** visible windows on the side of the house."
question_comb_7951,0,0,0.00034830545,0,1.2853608e-05,0,9.293351e-08,1,1,1,Other,Text & OCR,Unknown,What are the names of crowns?,I don't know the answer; I can not determine based on the input image; Names of the crowns are not visible in the image,"It's a fun and unexpected image! Let's analyze the ""crowns"" on the clowns' heads:

*   **Clown on the Left:** Has a crown made of a vibrant mix of **green, yellow, and blue pom-poms**.
*   **Clown in the Middle:** Wears a crown of bright **red curly hair**.
*   **Clown on the Right:** Also has a crown of **red curly hair**.

It's worth noting that these are more like hairpieces or styled wigs than actual crowns. They're part of the clowns' overall colorful and whimsical appearance."
question_comb_9663,0,0,9.2131063e-07,0,0.0003180523,0,6.2595104e-06,1,1,1,Attribute-Related,Attribute Recognition,Unknown,What color is backpack the boy under the robot is carrying?,The boy under the robot is carrying a red backpack; The backpack is red; Red,"Based on the image, the backpack the boy under the robot is carrying appears to be **red**."
question_comb_8640,0,0,4.3063133e-05,0,6.208021e-05,0,4.5721157e-05,1,1,1,Attribute-Related,Attribute Recognition,Unknown,Is the cloud black in this image?,"n, o","No, the clouds in the image are not black. They are white and fluffy, with some areas appearing gray due to shadows. The overall sky is a bright blue."
question_comb_5622,0,0,4.1134303e-05,0,0.00017894672,0,1.819341e-06,1,1,1,Relationship,Spatial Reasoning,Unknown,Is there direct contact between the hat and motorbike?,"n, o","Based on the image, it appears there is **no direct contact** between the hats of the people and the motorbikes. The hats are positioned above and slightly away from the motorbikes."
question_comb_3943,0,0,0.49452198,0,0.007693328,1,0.60684717,1,1,0,Other,Visual Understanding,Unknown,Are the two red vertical lines parallel with each other?,no,"No, the two red lines are not parallel to each other. They converge towards a vanishing point in the perspective drawing. 

Here's why:

*   **Perspective Drawing:** The image uses perspective, where parallel lines appear to converge as they recede into the distance.
*   **Vanishing Point:** The lines are drawn to converge at a single point (the vanishing point), which is a characteristic of perspective.
*   **Non-Parallel Lines:** If lines were parallel, they would remain equidistant from each other and would not converge.

Therefore, the red lines are converging, indicating they are not parallel."
question_comb_6963,0,0,0.008246438,0,2.8565753e-07,0,3.8307817e-06,1,1,1,Object-Related,Attribute Recognition,Unknown,How many clouds are in the sky?,There are no clouds; No clouds; There are no visible clouds,"Based on the image, it appears there are very few clouds in the sky. I can see a faint, hazy layer that could be interpreted as a thin cloud cover, but it's more of a diffused glow than distinct cloud formations. 

**Therefore, I would estimate there are 0-2 discernible clouds in the sky.** It's more of a hazy, overcast sky than one with distinct clouds."
question_comb_6644,0,0,0.014377942,0,6.932806e-05,0,4.068953e-06,1,1,1,Other,Text & OCR,Unknown,How many green trees are on the mountain?,Can't answer by seeing the image; Can't determine how many trees are on the mountain; Based on the image can't answer this question,"It's difficult to give an exact number of green trees on the mountain in the image. The mountain is densely covered in trees, and the image is a bit stylized. However, based on the visible density and the overall coverage, I would estimate there are **hundreds, likely over a thousand** green trees on the mountain.

It's a very lush, forested area!"
question_comb_7554,0,0,0.0018283172,0,0.00015924925,0,5.205348e-08,1,1,1,Relationship,Spatial Reasoning,Unknown,Is there direct contact between the person and motorbike?,"y, e, s","Yes, there is direct contact between the person and the motorbike. The person is riding the motorbike and is clearly in physical contact with the seat, handlebars, and footpegs."
question_comb_1146,0,0,2.321541e-06,0,0.0010762116,0,1.3248194e-06,1,1,1,Object-Related,Attribute Recognition,Unknown,How many are wearing sandals?,We cannot see any shoes ; There is no view of their feet ; There are no sandals in this view,"Based on the image, **none** of the people are wearing sandals. They are all wearing boots or other types of footwear suitable for the era and setting depicted."
question_comb_4081,0,0,6.6605535e-05,0,1.011146e-05,0,1.6999926e-05,1,1,1,Other,Math & Calculation,Unknown,Which number is missing?,,"Here's how to solve this number puzzle:

**The Pattern**

The numbers are arranged in a 3x3 grid, and there's a consistent pattern:

*   **Rows:** Each row decreases by 1.
    *   43, 42, 40
    *   37, 33, 28
    *   22, 15, ?
*   **Columns:** Each column decreases by 5.
    *   43, 37, 22
    *   42, 33, 15
    *   40, 28, ?

**Finding the Missing Number**

Following the row pattern, the missing number should be 15 - 1 = 14.

**Therefore, the missing number is 14.**"
question_comb_2787,0,0,0.007897098,0,1.7209748e-05,0,0.13118966,1,1,1,Relationship,Spatial Reasoning,Unknown,Is there direct contact between the cat and shoe?,"y, e, s","Yes, there is direct contact between the cat and the shoe. The cat is curled up and resting its head against the side of one of the white shoes."
question_comb_6746,0,0,6.5726985e-05,0,5.446702e-06,0,0.0002582454,1,1,1,Other,Visual Understanding,Unknown,Is the woman's hair in the image made of smoke?,No; the woman's hair in the image is not made of smoke; it is not made of smoke.,"No, the woman's hair is not made of smoke. It appears to be long, wavy, and textured hair, likely painted in shades of brown and gold. 

However, there's a clever artistic effect at play. The artist has incorporated swirling, cloud-like forms of white and grey around her head, which *resemble* smoke. This creates a surreal and ethereal atmosphere, making it seem as though her hair is merging with or being influenced by smoke. 

It's a beautiful example of how an artist can use visual techniques to create an illusion and evoke a particular mood."
question_comb_9038,0,0,0.0002992335,0,1.3025799e-05,0,0.0014894124,1,1,1,Relationship,Spatial Reasoning,Unknown,Is there direct contact between the banana and bowl?,"y, e, s","Yes, based on the image, there is direct contact between the bananas and the bowl. You can see the bananas resting against the inside of the bowl."
question_comb_7719,0,0,0.0006098819,0,0.00011106438,0,0.00087820936,1,1,1,Object-Related,Attribute Recognition,Unknown,Does the image depict an astronaut with a head full of colorful planets?,Yes; the image does depict an astronaut with a head full of colorful planets; it does indeed show an astronaut with a head full of colorful planets.,"Yes, the image does depict an astronaut with a head that appears to be filled with colorful planets and cosmic imagery. It's a surreal and artistic representation, giving the impression that the astronaut's mind or imagination is overflowing with celestial bodies. 

The style is quite vibrant and dreamlike, further emphasizing this fantastical concept."
question_comb_9017,0,0,0.0001669494,0,0.001878876,0,4.8555223e-05,1,1,1,Other,Visual Understanding,Unknown,"Are the waves tinged with a hue of blue, just like a typical ocean wave?",No; the waves are not tinged with a hue of blue; they do not resemble a typical ocean wave.,"No, the waves in the image are not tinged with blue. They have a distinct pink and reddish hue, which is quite unusual for ocean waves. 

This is because the sculpture is made entirely of **sugar**. The pink/red color comes from the caramelization of the sugar during the sculpting and lighting process. It's a stunning and creative use of the medium!"
question_comb_2211,1,0,0.00034387503,0,0.00013342955,1,0.55303603,0,0,1,Object-Related,Visual Understanding,Unknown,Is there a dining table in the image?,yes,"No, there is no dining table in the image. There are a few small outdoor tables and chairs in front of the ""Pret a Manger"" shop, but they are not full dining tables. The people in the image are sitting on a stone bench and on the ground."
question_comb_1853,0,0,9.309398e-05,0,3.2301473e-06,0,9.311061e-06,1,1,1,Object-Related,Attribute Recognition,Unknown,How many cars are in the photo?,Three; There are three cars; Three cars,"Based on the image, I can count **six** cars. 

Here's a breakdown:

*   One large, futuristic bus-like vehicle.
*   Five classic cars in the background.



Let me know if you'd like me to look for anything else in the image!"
question_comb_938,0,0,0.09065904,0,0.4697698,0,0.0006516699,1,1,1,Attribute-Related,Attribute Recognition,Unknown,Is the mountain tall in this image?,"n, o","No, there is no mountain in the image. The image shows a beach with a dog running on the sand, the ocean, and a cloudy sky. The distant landmass on the horizon appears to be a low-lying coastal area, not a mountain."
question_comb_4682,0,0,0.0005250488,0,3.246676e-05,0,7.5466094e-05,1,1,1,Other,General QA,Unknown,Describe this image.,"bird, beach, sea","Here's a description of the image:

**Overall Impression:**

The image captures a seagull in mid-flight over a sandy beach. The focus is sharp on the bird, while the background is slightly blurred, creating a sense of motion and emphasizing the seagull as the main subject.

**Details:**

*   **Subject:** A seagull is the central focus. It's captured with its wings fully extended, suggesting it's either taking off or landing. The bird's plumage is a mix of white, gray, and brown, with darker markings on the wingtips.
*   **Background:** The background is a sandy beach, with a hint of the ocean visible in the lower left corner. The sand is a light beige color and appears slightly wet in some areas. The sky is a pale blue, but it's mostly out of focus.
*   **Composition:** The seagull is positioned slightly off-center, which adds visual interest."
question_comb_6389,0,0,3.6749036e-05,0,3.2458833e-05,0,6.163985e-05,1,1,1,Object-Related,Attribute Recognition,Unknown,How many men are present in the image?,We can not see any men in this photo; No men are visible in the photo; There are no men visible in the photo,"Based on the image, there are **no men** present. The image depicts three women in a boat on a lake, with a pavilion and a large tree in the background."
question_comb_1761,1,0,0.29643205,0,0.00017664894,0,0.004912095,0,0,0,Other,Knowledge & Identity,Unknown,Is the actor inside the red bounding box called Julia Roberts? Please answer yes or no.,Yes,No.
question_comb_7069,0,0,0.00055904314,0,2.0314423e-05,0,6.480963e-05,1,1,1,Attribute-Related,Attribute Recognition,Unknown,Is the flower withered in this image?,"n, o","No, the flowers in the image do not appear withered. They look fresh and vibrant. They are carnations in pink, white, and yellow, and they are standing upright in a jar of water."
question_comb_489,0,0,0.0011856095,0,3.233297e-05,0,8.697847e-05,1,1,1,Object-Related,Visual Understanding,Unknown,Is there a knife in this image?,"n, o","No, there is no knife visible in the image. The image shows a wooden table with a set of white dishes (plates and a bowl) on a wooden serving board, and two white chairs with black legs."
question_comb_8118,1,0,0.09043693,0,2.294494e-05,1,0.9315395,0,0,1,Other,Knowledge & Identity,Unknown,Is the person inside the red bounding box named David Gore? Please answer yes or no.,No,Yes.
question_comb_1978,0,0,0.00020449013,0,2.3223507e-05,0,2.302146e-06,1,1,1,Object-Related,Attribute Recognition,Unknown,How many stars are in the photo?,There are not stars in the photo; No stars are visible in the picture; Stars are not in the picture,"Based on the image, there are **no stars** visible. The photo depicts a hanging astronaut sculpture in a room with a window and wall details. There are no celestial bodies or star-like objects present."
question_comb_8943,0,0,0.23169863,0,0.37849346,0,0.0007731546,1,1,1,Attribute-Related,Attribute Recognition,Unknown,Is the sofa comfortable in this image?,"y, e, s","Based on the image, it appears the sofa is quite comfortable. Here's why:

*   **Soft Fabric:** The sofa has a plush, soft-looking fabric.
*   **Pillows/Cushions:** It seems to be well-padded, suggesting a comfortable surface.
*   **Relaxed Setting:** The laptop and stuffed animals are casually placed on the sofa, implying a relaxed and cozy environment.



It looks like a good spot to relax!"
question_comb_9896,0,0,0.0020356644,0,0.0002976893,0,8.653579e-06,1,1,1,Relationship,Spatial Reasoning,Unknown,Is there direct contact between the dog and grass?,"y, e, s","Yes, based on the image, there is direct contact between the dog and the grass. The dog is standing on the grass and its paws are touching it."
question_comb_2623,0,0,0.0014311533,0,3.7185393e-05,0,6.988736e-05,1,1,1,Object-Related,Attribute Recognition,Unknown,How many tables in the image?,There is one table visible in the image; One table can be seen in the image; One,"Based on the image, I can see **two** tables. 

*   One is a small side table next to the chair on the left.
*   The other is a larger table with a vase of flowers in the center of the seating area."
question_comb_578,0,0,0.00043813162,0,2.6986976e-05,0,0.04432014,1,1,1,Object-Related,Visual Understanding,Unknown,Is there a cup in the image?,yes,"Yes, there is a blue cup visible in the image, located behind the two children on the left."
question_comb_5681,0,0,8.624342e-05,0,4.0123414e-05,0,0.023390027,1,1,1,Object-Related,Visual Understanding,Unknown,Is there a ball in this image?,"n, o","No, there does not appear to be a ball in the image. The tennis player is in the middle of a serve, but the ball is not visible."
question_comb_3000,0,0,2.0165045e-07,0,0.0008384822,0,3.0525605e-06,1,1,1,Object-Related,Attribute Recognition,Unknown,How many yellow bands are on the person's sleeve?,"There are three yellow bands on the jacket sleeve ; The person has three yellow bands on the sleeve of their jacket ; There are three bands, two close to the elbow and one near the wrist of the sleeve","Based on the image, there appear to be **three** yellow bands on the person's sleeve. They are visible on the left sleeve, running along the forearm."
question_comb_4491,0,0,0.022930088,0,8.157006e-06,1,0.8584249,1,1,0,Object-Related,Visual Understanding,Unknown,Is there a person in the image?,yes,"Yes, there is a person visible in the image. They are partially visible on the right side of the frame, near the pineapples. It appears to be the back of someone's head and shoulders."
question_comb_6584,0,0,3.2532647e-05,0,4.044619e-07,0,4.1743413e-05,1,1,1,Object-Related,Visual Understanding,Unknown,Is the man in the image standing on a ladder that is floating in the clouds?,Yes; the man is standing on a ladder that is floating in the clouds; the ladder is floating in the clouds,"Yes, based on the image, it appears the man is standing on a ladder that is floating in the clouds. The ladder is positioned vertically amidst a sea of fluffy clouds, and there's no visible ground or support structure beneath it. It creates a surreal and dreamlike scene."
question_comb_7098,0,0,0.00049964007,0,6.4520114e-05,0,2.7088051e-06,1,1,1,Other,Attribute Recognition,Unknown,Is the number of small motorbikes to the right of the small cyan object less than the number of tiny brown objects to the right of the minivan?,,"Let's analyze the image:

*   **Cyan object:** There is one small cyan motorbike.
*   **Motorbikes to the right of the cyan object:** There are zero motorbikes to the right of the cyan object.
*   **Minivan:** There is one tiny brown minivan.
*   **Brown objects to the right of the minivan:** There are zero brown objects to the right of the minivan.

Therefore, the number of motorbikes to the right of the cyan object (0) is less than the number of brown objects to the right of the minivan (0).

So the answer is yes."
question_comb_9078,0,0,0.17313842,0,0.003902856,0,0.00030680036,1,1,1,Relationship,Spatial Reasoning,Unknown,Is there direct contact between the person and sea?,"n, o","Based on the image, it appears there is **no direct contact** between the people riding the horses and the sea. The horses and riders are on the sandy beach, and the water is a short distance away from them."
question_comb_5635,0,0,0.010879449,0,3.871741e-07,0,0.0004829876,1,1,1,Attribute-Related,Attribute Recognition,Unknown,Is the forest withered in this image?,"n, o","No, the forest in the image does not appear withered. The trees are green and full, suggesting they are healthy and thriving. The image shows a lush, green backdrop to the train."
question_comb_5165,0,0,0.059405394,0,0.00086001394,0,4.518446e-05,1,1,1,Relationship,Spatial Reasoning,Unknown,Is there direct contact between the tree and sign?,"n, o","Based on the image, it appears there is **no direct contact** between the tree and the stop sign. The tree branches and leaves are close to the sign, but there's a clear gap between them."
question_comb_7752,0,0,0.0027475867,0,4.6315123e-05,0,4.912755e-05,1,1,1,Object-Related,Visual Understanding,Unknown,"Does the image depict a giant white tiger standing on its hind legs, with a young girl standing in front of it?",No; the image does not show a white tiger standing on its hind legs with a girl in front; the image does not depict this,"Yes, that's a very accurate description of the image! 

Here's a breakdown of what the image depicts:

*   **Giant White Tiger:** The image prominently features a massive white tiger standing on its hind legs. It's incredibly detailed, with intense orange eyes and a fierce expression.
*   **Young Girl:** In the foreground, there's a young girl standing facing the tiger. She appears small in comparison to the enormous feline.
*   **Setting:** The scene is set in what looks like a Japanese park or garden, with traditional fencing and trees. There's a warm, reddish-orange glow in the background, possibly from a sunset or some kind of magical effect.



It's a striking and dramatic composition!"
question_comb_9145,0,0,5.9343984e-05,0,0.00012395001,0,0.00027294326,1,1,1,Attribute-Related,Attribute Recognition,Unknown,Is the grass withered in this image?,"y, e, s","No, the grass in the image does not appear withered. It looks green and healthy, although it's mixed with fallen leaves. The overall scene suggests it's autumn, and the leaves on the trees are changing color, but the grass itself seems to be doing well."
question_comb_9771,0,0,0.42468163,1,0.9922794,1,0.9470947,1,0,0,Other,Math & Calculation,Unknown,"According to the image, which month has the lowest percentage change in personal income in the United States from September 2022 to September 2023",no,"According to the image, **November 2019** has the lowest percentage change in personal income, with a change of **0.05%**.

**Important Note:** The question asks about September 2022 to September 2023, but the image only provides data from September 2019 to March 2020. Therefore, I can only answer based on the information given in the image."
question_comb_1662,0,0,2.1751865e-05,0,0.00012512937,0,1.4332976e-07,1,1,1,Object-Related,Visual Understanding,Unknown,Where is the 7th ball located in the photo?,There is no 7th ball in the photo; There are only 6 balls in the picture; There is no 7th ball visible in the picture,"Let's analyze the image to find the 7th ball.

Based on the image, here's a breakdown of the balls and their locations:

1.  **Top Center:** A small, white ball suspended above the woman's head.
2.  **Left Side:** A larger, two-toned (white and yellow) ball.
3.  **Right Side:** A large, white ball.
4.  **Bottom Left:** A small, yellow ball.
5.  **Behind the Woman (in the circular cutout):** A small, white ball.
6.  **Earring:** A small, yellow ball serving as an earring.

**Therefore, there is no 7th ball in the photo.** There are only 6 balls visible.



If you'd like, give me another image to analyze!"
question_comb_2369,0,0,1.0983887e-05,0,5.6203295e-05,0,3.1535103e-06,1,1,1,Object-Related,Visual Understanding,Unknown,Does the pixelated image depict the shark wearing a playful hat?,No; the pixelated image does not depict the shark wearing a playful hat; the shark is not wearing a playful hat,"No, the pixelated image does not depict the shark wearing a playful hat. The shark is shown with its mouth wide open, revealing its teeth, and it appears to be attacking a boat. There's no hat visible on the shark."
question_comb_8057,0,0,0.1381664,0,3.662501e-05,0,0.00012780548,1,1,1,Other,Knowledge & Identity,Unknown,Is the actor inside the red bounding box called Patrick Stewart? Please answer yes or no.,Yes,Yes.
question_comb_4214,0,0,0.008429869,0,4.920238e-05,0,4.8759946e-05,1,1,1,Other,Math & Calculation,Unknown,"According to the table, is the number of gold medals of Germany 12 in winter Olympics in 2022?",yes,"Yes, according to the table, the number of gold medals for Germany in the 2022 Winter Olympics was 12."
question_comb_5722,0,1,0.8616115,0,0.4835888,1,0.9618581,0,1,0,Other,Visual Understanding,Unknown,Does the black line align with the blue line? Yes or No,no,"No.

The black line and the blue line do not align. They are parallel, but they are not on the same line."
question_comb_1522,0,0,0.01141603,0,2.8258535e-05,0,1.9355077e-06,1,1,1,Relationship,Spatial Reasoning,Unknown,Is there direct contact between the bus and house?,"n, o","Based on the image, there is no direct contact between the bus and the house. The house is visible in the background, but it is a considerable distance away from the bus, which is parked in a parking space."
question_comb_3445,0,0,0.00042327883,0,2.3595545e-07,0,0.0013337955,1,1,1,Attribute-Related,Attribute Recognition,Unknown,Is the tree withered in this image?,"n, o","No, the tree in the image does not appear withered. It has lush green foliage and a healthy-looking trunk. It seems to be thriving in the park setting."
question_comb_5514,0,0,5.1872826e-06,0,4.7280028e-06,0,2.5805704e-07,1,1,1,Other,Math & Calculation,Unknown,Move the ruler to measure the length of the twig to the nearest inch. The twig is about (_) inches long.,3,"Here's how to determine the length of the twig:

1.  **Observe the image:** The twig is positioned above a ruler marked in meters.
2.  **Identify the measurement:** The twig starts at approximately 3.8 meters and ends at approximately 4.2 meters.
3.  **Calculate the length:** The length of the twig is 4.2 - 3.8 = 0.4 meters.
4.  **Convert meters to inches:** 1 meter is approximately equal to 39.37 inches. Therefore, 0.4 meters is approximately 0.4 * 39.37 = 15.75 inches.
5.  **Round to the nearest inch:** Rounding 15.75 inches to the nearest inch gives us 16 inches.

**Answer:** The twig is about **16** inches long."
question_comb_9387,0,0,0.0028397997,0,0.0005311625,0,4.8896236e-05,1,1,1,Other,Math & Calculation,Unknown,Is the function differentiable at every point?,,"Yes, the function f(x) = 2^x is differentiable at every point.

Here's why:

*   **Exponential Functions are Smooth:** Exponential functions like 2^x are inherently smooth curves. They don't have any sharp corners or breaks.
*   **Derivative Exists:** The derivative of 2^x is 2^x * ln(2). Since 2^x is always positive and ln(2) is a constant, the derivative exists for all real numbers.
*   **Visual Inspection:** The graph shows a smooth, continuous curve with no abrupt changes in direction, which visually confirms differentiability.

Therefore, the function f(x) = 2^x is differentiable at every point in its domain (which is all real numbers)."
question_comb_8819,0,0,0.12875402,0,2.9198026e-07,0,6.303666e-06,1,1,1,Object-Related,Visual Understanding,Unknown,Is there a cloud in this image?,"n, o","No, there are no clouds visible in the image. The sky is clear and blue."
question_comb_4479,0,0,0.0014927314,0,2.3113348e-06,0,5.7786883e-07,1,1,1,Object-Related,Attribute Recognition,Unknown,How many coyotes are in this image?,There are no coyotes in this image.; This image has no coyotes in it.; No coyotes can be seen in this image.,"Based on the image, it is **impossible to determine if there are any coyotes present**. The image shows a landscape with rocks, vegetation, and a cloudy sky. There are no visible animals in the scene."
question_comb_6850,0,0,2.0583022e-06,0,1.3210787e-05,0,1.6928323e-05,1,1,1,Other,Attribute Recognition,Unknown,How many objects are preferred by more than 9 people in at least one category?,,"Let's analyze the bar graph to determine how many objects are preferred by more than 9 people in at least one category.

The graph shows the number of people who prefer different objects (wrist, grease) within different categories (deer, inning, rug, flag). The y-axis represents the number of people.

Looking at the graph:
- For the ""wrist"" category:
  - Deer: 5 people
  - Inning: 7 people
  - Rug: 8 people
  - Flag: 1 person
- For the ""grease"" category:
  - Deer: 5 people
  - Inning: 4 people
  - Rug: 2 people
  - Flag: 2 people

We need to find the number of objects that are preferred by more than 9 people in at least one category.
- Wrist: None of the categories have more than 9 people.
- Grease: None"
question_comb_7888,0,0,9.287019e-05,0,0.00020802407,0,9.05664e-07,1,1,1,Other,Math & Calculation,Unknown,Move the ruler to measure the length of the nail to the nearest inch. The nail is about (_) inches long.,,"Here's how to estimate the length of the nail using the ruler:

*   **Observe the nail's position:** The nail extends from slightly before the 1-inch mark to slightly after the 2-inch mark.
*   **Estimate:** It's a little more than 1 inch and a little less than 2 inches. A reasonable estimate would be around 1.75 inches.
*   **Round to the nearest inch:** Since 1.75 is closer to 2 than 1, we round up.

**Answer:** The nail is about **2** inches long."
question_comb_4659,0,0,0.18654212,0,0.23563834,0,8.481121e-05,1,1,1,Attribute-Related,Attribute Recognition,Unknown,Is the wall floral in this image?,"n, o","No, the wall in the image is not floral. It appears to be made of brown rectangular tiles."
question_comb_9263,0,0,0.0002064085,0,3.732865e-05,0,0.055969983,1,1,1,Other,Math & Calculation,Unknown,"According to the parallel theorem, is angle A equal to angle B? Please answer yes or no.",no,"No.

**Explanation**

The parallel theorem (also known as the corresponding angles theorem) states that when a transversal intersects two parallel lines, the corresponding angles are equal. In the image, the lines are not parallel. Therefore, angle A is not necessarily equal to angle B."
question_comb_6567,0,0,0.04977082,0,6.7436254e-06,0,2.7724878e-05,1,1,1,Relationship,Spatial Reasoning,Unknown,Is there direct contact between the person and bench?,"y, e, s","Yes, based on the image, there is direct contact between the person and the bench. The person is sitting on the bench."
question_comb_1264,0,0,0.00018383838,0,3.9069334e-07,0,8.969773e-05,1,1,1,Other,General QA,Unknown,Describe this image.,"person, forest, grass, flower, dog","Here's a description of the image:

**Overall Impression:**

The image captures a lively moment of a medium-sized dog running through a lush green park. The dog appears to be in mid-stride, with its mouth open in a panting or excited expression. The background suggests a sunny day in a well-maintained park setting.

**Detailed Description:**

*   **Subject:** The main focus is a dog with a reddish-brown coat. It has a fluffy tail and floppy ears. The dog is captured in motion, with its legs extended and body leaning forward, indicating a fast run. Its mouth is open, revealing its tongue, suggesting it's panting or barking.
*   **Setting:** The dog is running on a vibrant green lawn. In the background, there are several large, mature trees with thick trunks. Behind the trees, there's a flower bed filled with colorful flowers (likely marigolds or similar). A person is faintly visible"
question_comb_7783,0,0,0.0069595166,0,0.2063149,0,0.0001643775,1,1,1,Other,Visual Understanding,Unknown,"Is the water roaring with waves, disrupting the calm serenity?",The water is not roaring with waves; the water is calm; no,"No, the water in the image is **not** roaring with waves or disrupting the calm serenity. 

Here's why:

*   **Still Reflection:** The water is perfectly reflecting the train and the sky above. This indicates a very calm and still surface.
*   **Smooth Texture:** The texture of the water in the image is smooth, not choppy or turbulent.
*   **Overall Mood:** The entire scene evokes a sense of peace and quiet, which would be inconsistent with roaring waves.



The image portrays a tranquil, almost melancholic scene with the abandoned train and the calm water."
question_comb_2055,0,0,2.6487813e-05,0,0.016954962,0,2.323326e-06,1,1,1,Object-Related,Attribute Recognition,Unknown,What color is the baby’s pacifier?,We do not see a pacifier in the image; There is not a pacifier in the image; No pacifier is visible in the image,"Based on the image, the baby's pacifier appears to be **white**. The entire image is in grayscale, so all colors are represented in shades of gray. The pacifier is a light gray tone, consistent with the white it would be in color."
question_comb_4010,0,0,0.0078028208,0,0.0006737274,0,0.015963145,1,1,1,Relationship,Spatial Reasoning,Unknown,Is there direct contact between the train and forest?,"n, o","Based on the image, there is no direct contact between the train and the forest. The train is running on a track that is separated from the forest by a clear space. You can see trees and foliage on either side of the track, but they are not touching the train."
question_comb_6306,0,0,0.018793093,0,0.03673972,0,8.6585635e-05,1,1,1,Other,Math & Calculation,Unknown,如图，有一块含有30°角的直角三角板的两个顶点放在直尺的对边上，如果∠1＝22°，那么∠2的度数是（）,,"Let the triangle be $\triangle ABC$ with $\angle ACB = 90^\circ$ and $\angle BAC = 30^\circ$. Then $\angle ABC = 180^\circ - 90^\circ - 30^\circ = 60^\circ$.
Let the two vertices $A$ and $B$ be on the straight line. Let $C$ be the vertex with the right angle.
We are given that $\angle 1 = 22^\circ$. We want to find $\angle 2$.
Let the line on which $A$ and $B$ lie be $l$.
Since $\angle ACB = 90^\circ$, we have $\angle BAC = 30^\circ$ and $\angle ABC = 60^\circ$.
Let $A'$ and $B'$ be the positions of $A$ and $B$ on the line $l$.
We are given that $\"
question_comb_7386,0,0,0.0042048465,0,0.00012255076,0,0.0012630606,1,1,1,Object-Related,Visual Understanding,Unknown,Is there a lounge in this image?,"n, o","No, there is no lounge in the image. The image shows a child jumping towards the water on a beach."
question_comb_5932,0,0,0.00013170812,0,0.34570518,0,0.0003489986,1,1,1,Relationship,Spatial Reasoning,Unknown,Is there direct contact between the dog and blanket?,"y, e, s","Yes, based on the image, there is direct contact between the dog and the blanket. The dog is lying on the blanket, and its paws and body are resting directly on the fabric."
question_comb_4191,0,0,0.2648434,0,0.2663866,0,0.00021412669,1,1,1,Relationship,Spatial Reasoning,Unknown,Is there direct contact between the man and grass?,"y, e, s","Yes, based on the image, there is direct contact between the man (the referee) and the grass. His shoes are clearly on the grass."
question_comb_4207,0,0,0.22249581,0,0.4095245,0,0.33432928,1,1,1,Attribute-Related,Attribute Recognition,Unknown,Is the beach flat in this image?,"y, e, s","Yes, the beach appears to be quite flat in the image. The sand stretches out evenly towards the water, with no noticeable slopes or undulations."
question_comb_9710,0,0,0.007690612,0,0.00044516896,0,1.2164081e-06,1,1,1,Other,Math & Calculation,Unknown,Complete the matrix.,,"Okay, let's analyze the matrix and determine the missing element.

**Understanding the Pattern**

The matrix appears to follow a pattern based on the arrangement and transformation of the shapes within each row. Let's break down the observations:

*   **Row 1:** The shapes are arranged in a descending order.
*   **Row 2:** The shapes are arranged in a horizontal order.
*   **Row 3:** The shapes are arranged in a vertical order.

**Finding the Missing Element**

Following the pattern, the missing element should be arranged in a diagonal order.

Looking at the options, **Option B** fits this pattern.

**Therefore, the answer is B.**"
question_comb_8839,0,0,0.28066918,1,0.51996005,0,0.01810754,1,0,1,Relationship,Spatial Reasoning,Unknown,Is there direct contact between the frisbee and grass?,"n, o","No, based on the image, there is no direct contact between the frisbee and the grass. The frisbee is suspended in the air, being thrown by the child."
question_comb_3677,0,0,0.01313752,0,0.0013900348,0,0.12744816,1,1,1,Object-Related,Visual Understanding,Unknown,What is Donald Trump lighting his cigarrete with?,There is no flame or lighter present to light his cigarettes.,"Based on the image, Donald Trump is not lighting a cigarette, but rather a cigar. He appears to be holding a lighter to the end of the cigar."
question_comb_9345,0,0,0.30333966,0,4.3761577e-08,0,0.022489438,1,1,1,Other,Knowledge & Identity,Unknown,Is the person inside the red bounding box named Simon Callow? Please answer yes or no.,Yes,Yes.
question_comb_9338,0,0,2.0513867e-06,0,1.6425302e-06,0,1.7674656e-06,1,1,1,Object-Related,Attribute Recognition,Unknown,How many birds?,Zero birds; There aren't any birds; There are zero birds in the image,"Based on the image, there are **no birds** visible. The sky is clear and there are no signs of birds flying or perched anywhere."
question_comb_82,0,0,0.2681092,0,4.3598643e-06,0,0.0075289086,1,1,1,Relationship,Spatial Reasoning,Unknown,Is there direct contact between the computer and table?,"y, e, s","Based on the image, it appears there is **no direct contact** between the computer and the table. 

Here's why:

*   **Monitor Stand:** The monitor is sitting on a circular stand, which elevates it above the table surface.
*   **Keyboard and Mouse:** The keyboard and mouse are also resting on the table, indicating there's space between the computer tower and the table.
*   **Tower Position:** The computer tower is positioned to the right of the monitor and appears to be slightly elevated as well.

Therefore, it's likely the computer tower is resting on the floor or on a separate stand, rather than directly on the table."
question_comb_4139,0,1,0.7298134,1,0.9357723,0,0.0011164278,0,0,1,Object-Related,Visual Understanding,Unknown,Is there a cow in the image?,no,"No, there is no cow in the image. The image shows a market stall selling oranges and orange juice, with people browsing around."
question_comb_8256,1,0,0.13273928,0,5.244563e-07,0,0.01517794,0,0,0,Attribute-Related,Attribute Recognition,Unknown,Is the box open in this image?,"n, o","Yes, the box (which is actually a squat toilet tank) is open in the image. You can see the inside of the tank and the pipe leading upwards."
question_comb_994,1,0,1.0735507e-05,0,6.0227394e-06,1,0.7597123,0,0,1,Attribute-Related,Attribute Recognition,Unknown,Is the grass withered in this image?,"n, o","Yes, the grass in the image appears to be withered or dry. It has a brownish-yellow hue, indicating a lack of moisture and vibrancy."
question_comb_4356,1,0,0.1974233,1,0.5560501,1,0.9887267,0,1,1,Attribute-Related,Attribute Recognition,Unknown,Is the wall rough in this image?,"n, o","Based on the image, it's difficult to definitively say if the wall is rough. Here's what we can observe:

*   **Tile Texture:** The tiles themselves appear to have a slightly textured surface. This could be due to the tile material (like terracotta) or a specific finish.
*   **Lighting:** The lighting in the image creates shadows that could make the surface appear rougher than it actually is.
*   **Resolution:** The image resolution isn't high enough to see fine details that would confirm roughness.

**Overall:** It's likely the wall has a subtle texture, but it's not overtly rough."
question_comb_5415,0,0,0.15530571,0,0.001310931,0,1.4866441e-05,1,1,1,Object-Related,Visual Understanding,Unknown,Is there a sports ball in the image?,yes,"Yes, there is a sports ball in the image. It appears to be a rugby ball being held by the person in the photo."
question_comb_1679,1,0,0.0017067296,0,0.007233942,1,0.67594916,0,0,1,Other,Knowledge & Identity,Unknown,Is this photo taken in a place of auto factory? Please answer yes or no.,Yes,"No.



The photo shows the interior of a car, but the setting doesn't resemble an auto factory. It looks more like a showroom or a private collection."
question_comb_3820,0,0,0.009963071,0,0.00065215764,0,0.0035474084,1,1,1,Attribute-Related,Attribute Recognition,Unknown,Is the wall yellow in this image?,"y, e, s","Yes, the wall in the image is yellow. It appears to be a warm, slightly muted shade of yellow."
question_comb_6400,1,0,0.195968,0,8.769128e-05,1,0.7219292,0,0,1,Other,Text & OCR,Unknown,"According to the text given in the image, does this poster depict the movie Zootopia?",no,"Yes, according to the text in the image, this poster depicts the movie Zootopia. It states ""From the creators of Frozen and Big Hero 6"" and has a release date of ""March 4"" with ""In 3D and Real 3D."" These are all details associated with the movie Zootopia."
question_comb_8393,0,0,0.19969563,0,0.004540664,0,1.8739162e-05,1,1,1,Object-Related,Attribute Recognition,Unknown,How many green colour statues are visible in the image?,5; There are 5 green colour statues in the image; we can see 5 gree colour statues in the image.,"Based on the image, I can see **three** green-colored statues. They are located on the tower structure on the left side of the image."
question_comb_1827,0,0,0.0035095867,0,5.238743e-05,0,0.00038511964,1,1,1,Other,General QA,Unknown,Is Lawn Green the roughest?,,"Based on the provided image of the line graph, **yes, Lawn Green appears to be the roughest line.**

Here's why:

*   **Erratic Movement:** The Lawn Green line (represented in green) has the most significant and abrupt changes in direction compared to the other lines. It jumps up and down considerably.
*   **Sharp Turns:** It exhibits sharper turns and more angular changes in slope than the smoother, more gradual lines of the other data series.

The other lines (Olive Drab, Sandy Brown, Cadet Blue, Web Purple, and Medium Mint) have more consistent and predictable trends, indicating less ""roughness"" in their data."
question_comb_8060,0,0,0.000813619,0,2.5355803e-05,0,7.827321e-05,1,1,1,Other,Math & Calculation,Unknown,"As shown in the figure, AB is the diameter of ⊙O, CD is the chord of ⊙O, ∠ABD = 59.0, then ∠C is equal to ()",,"Let O be the center of the circle.
Since AB is the diameter of the circle, ∠ADB = 90° (angle in a semicircle).
In triangle ABD, we have ∠ABD = 59°.
Since the sum of angles in a triangle is 180°, we have
∠BAD = 180° - ∠ADB - ∠ABD = 180° - 90° - 59° = 31°.
Since A, B, C, D are points on the circle, quadrilateral ABCD is a cyclic quadrilateral.
In a cyclic quadrilateral, opposite angles are supplementary, i.e., their sum is 180°.
Therefore, ∠BAD + ∠BCD = 180°.
So, ∠BCD = 180° - ∠BAD = 180° - 31° = 149°.
However, the question asks for ∠C, which"
question_comb_8152,0,0,0.18114732,0,0.37971985,0,1.1270178e-05,1,1,1,Attribute-Related,Attribute Recognition,Unknown,Are there two ships in this image?,"n, o","No, there is only one boat in the image. It's a small, blue pedal boat with two people and a dog on board. The dark shape in the water behind the boat is its shadow."
question_comb_8475,0,0,0.04071539,0,0.0011959239,0,3.298955e-06,1,1,1,Attribute-Related,Attribute Recognition,Unknown,Are there four chairs in this image?,"n, o","No, there are only three chairs visible in the image. You can see two chairs clearly in the foreground and a third one partially obscured behind the table."
question_comb_4280,0,0,0.001333744,0,3.868998e-06,0,0.00013949806,1,1,1,Attribute-Related,Attribute Recognition,Unknown,Is the grass green in this image?,"y, e, s","Yes, the grass is green in the image. It's visible in the background, behind the fire hydrant and sidewalk."
question_comb_6480,0,0,0.00012707416,0,7.962338e-06,0,9.969861e-06,1,1,1,Other,Visual Understanding,Unknown,Are the hustle and bustle of New York City traffic reflected in the aquarium's glass walls?,No; Not reflected in the aquarium's glass walls; The hustle and bustle of New York City traffic are not reflected in the aquarium's glass walls.,"Yes, you're absolutely right! The image cleverly depicts the hustle and bustle of New York City traffic reflected in the aquarium's glass walls. 

You can see the blurred shapes of cars, taxis, and pedestrians moving along the street, creating a fascinating visual effect where the urban environment is mirrored within the aquatic world. It's a really striking and imaginative detail of the artwork."
question_comb_2142,0,0,0.2353534,0,0.4497016,0,0.0025180012,1,1,1,Other,Math & Calculation,Unknown,"According to the table, does Zhejiang have the second most dense population in China in 2020?",no,"No, according to the table, Beijing has the second most dense population in China in 2020. It has 1334 inhabitants per square kilometer, while Shanghai has the highest with 3922 inhabitants per square kilometer. Zhejiang is not listed in the table."
question_comb_3479,0,0,0.0011439823,0,0.017030327,0,0.0054596444,1,1,1,Other,Math & Calculation,Unknown,"According to the image, were white individuals the largest population group in the United States in 2020, with Latinos and African Americans as the second and third largest groups, respectively?",yes,"Yes, according to the image, white individuals were the largest population group in the United States in 2020, with Hispanic or Latino and Black or African American as the second and third largest groups, respectively.

Here's the breakdown from the image:

*   **White:** 56.8%
*   **Hispanic or Latino:** 19.6%
*   **Black or African American:** 12.4%"
question_comb_5554,0,0,0.0007993791,0,0.0016201285,0,8.423711e-07,1,1,1,Object-Related,Visual Understanding,Unknown,Is there a knife in this image?,"n, o","No, there is no knife in the image. It shows a donut and a peeled banana on a pink background."
question_comb_9630,0,0,0.007675831,0,3.3073415e-05,0,0.00016890235,1,1,1,Attribute-Related,Attribute Recognition,Unknown,Is the cloud white in this image?,"y, e, s","Yes, the cloud in the image appears to be white. It has a bright, light appearance against the blue sky."
question_comb_1979,0,0,1.3784359e-05,0,0.0039940076,0,2.2572945e-07,1,1,1,Attribute-Related,Attribute Recognition,Unknown,Is the image sporadically colored with patches of vibrant greens and blues?,No; the image is not sporadically colored with patches of vibrant greens and blues; the image is not,"No, the image is **not** sporadically colored with patches of vibrant greens and blues. It is entirely in grayscale (black and white) with varying shades of gray. There are no colors present in the image.



The artwork uses a monochromatic palette to create a very unsettling and surreal atmosphere."
question_comb_7305,0,0,3.3641674e-05,0,8.1087103e-07,0,2.7321517e-05,1,1,1,Other,Visual Understanding,Unknown,What is the dog on the right side wearing?,The dog on the right side is wearing a hoodie,"Based on the image, the dog on the right side is wearing a **hoodie**. It appears to be a beige or light brown hoodie with a drawstring hood pulled up over its head."
question_comb_6719,0,0,0.22854543,0,7.76881e-16,0,0.0012089919,1,1,1,Other,Math & Calculation,Unknown,"Accroding to the information provided in the table, does Taylor Swift release the album ""Harry's House""?",no,"No, according to the table, Taylor Swift released the album ""Midnights."" Harry Styles released the album ""Harry's House."""
question_comb_1663,1,0,0.0004637126,0,7.81984e-06,0,0.2721253,0,0,0,Relationship,Spatial Reasoning,Unknown,Is the car on the left side of the fire hydrant in the picture? Please answer yes or no.,No,Yes.
question_comb_6519,1,0,6.942988e-05,0,0.014196497,0,0.14829603,0,0,0,Object-Related,Visual Understanding,Unknown,Is there a banana in the image?,yes,"No, there is no banana in the image. The fruits in the image appear to be **bukis** (also known as ambarella or June plums). They are tropical fruits with a distinctive round shape and a variety of colors, including green, yellow, orange, and reddish-brown."
question_comb_2663,0,0,0.007878063,0,0.00011478157,0,0.00022314429,1,1,1,Object-Related,Visual Understanding,Unknown,Is there a earphone in this image?,"n, o","No, there is no earphone visible in the image."
question_comb_6347,1,0,0.0011050391,0,0.0016417985,1,0.91139656,0,0,1,Attribute-Related,Attribute Recognition,Unknown,Are there three cars in this image?,"n, o","Yes, there are three cars in the image. 

*   **One car is in the foreground:** This is the car closest to the camera, with two people standing next to it.
*   **One car is in the mid-ground:** This car is driving through the sand dunes.
*   **One car is in the background:** A smaller, darker car can be seen further away in the distance.



Let me know if you'd like me to point out anything else in the image!"
question_comb_8094,0,0,3.9749615e-05,0,1.8799215e-05,0,9.4075534e-05,1,1,1,Other,Text & OCR,Unknown,Are these people standing near the mall?,Can't answer; I dont't know whether people are standing near the mall or not; Based on the question cannot answer this question,"Based on the image, it's unlikely these people are standing near a mall. Here's why:

*   **Architecture:** The building behind them has a modern, institutional look with large windows and a somewhat stark design. Malls typically have more decorative and inviting facades.
*   **Surroundings:** The ground is a reddish-brown paved area, not the typical parking lot or landscaped areas you'd find around a mall.
*   **Overall Atmosphere:** The group seems to be posing for a photo, suggesting a more formal or organized event than a casual mall visit.

It's more likely they are near a museum, university building, or some other public institution."
question_comb_5378,0,0,0.0013051616,0,1.5557065e-05,0,6.3954285e-05,1,1,1,Other,General QA,Unknown,Describe this image.,"sky, cloud, kite, person, line","Here's a description of the image:

**Overall Impression:** The image captures a moment of simple joy and freedom. It's a bright, sunny day with a clear blue sky dotted with fluffy white clouds. The focus is on a person (seen from the back) flying a kite.

**Detailed Description:**

*   **Subject:** The primary subject is a person, viewed from behind. They are wearing a dark-colored jacket and have their hair pulled back. Their gaze is directed upwards towards the kite.
*   **Kite:** A colorful kite is flying high in the sky. It appears to be a long, ribbon-like kite with pink and yellow accents.
*   **Sky:** The sky is a vibrant blue, providing a beautiful backdrop for the kite. Scattered white clouds add texture and visual interest.
*   **Composition:** The composition is simple and effective. The person is positioned on the right side of the frame, with the kite and sky"
question_comb_3196,0,0,0.000666479,0,3.7529033e-05,0,0.28246897,1,1,1,Attribute-Related,Attribute Recognition,Unknown,Is the sun soft in this image?,"n, o","No, the sun in the image does not appear soft. It's quite bright and has distinct, sharp edges, creating a noticeable lens flare. This suggests it's a strong, direct light source."
question_comb_1499,0,0,0.0047746035,0,0.00048008419,0,1.8338416e-05,1,1,1,Object-Related,Attribute Recognition,Unknown,How many street lights are in the image?,There are three  street lights in the image; Three streetlights are present; Only three 3 street lights are in view,"Based on the image, I can see **three** street lights. They are visible in the background, behind the dragon statue."
question_comb_1707,0,0,0.0011558497,0,3.3914643e-05,0,0.0010340962,1,1,1,Attribute-Related,Attribute Recognition,Unknown,Is the forest falling yellow leaves in this image?,"n, o","No, the forest in the image is not showing yellow leaves. The trees are lush and green, indicating it's likely a spring or summer scene. There are no signs of autumn foliage."
question_comb_7814,0,0,0.0076491307,0,0.00013864525,0,2.169624e-05,1,1,1,Object-Related,Visual Understanding,Unknown,Is there a dog in this image?,"n, o","No, there is no dog in the image. It shows a man standing next to a red Nissan Xterra stuck in the snow."
question_comb_8444,1,0,0.0013541332,0,1.6146047e-05,0,0.008260969,0,0,0,Relationship,Spatial Reasoning,Unknown,Is there direct contact between the tree and giraffe?,"n, o","Based on the image, it appears there is direct contact between the tree and the giraffe. The giraffe in the foreground is reaching its head up and touching the branches of the tree."
question_comb_9010,0,0,0.013813313,0,0.02530016,0,2.668326e-05,1,1,1,Other,Knowledge & Identity,Unknown,Is the person inside the red bounding box called Nicholas Rice? Please answer yes or no.,No,"No.

The person in the image is Michelle Pfeiffer, who played Catwoman in the 1992 film *Batman Returns*. Nicholas Rice is not associated with this image."
question_comb_2087,0,0,0.10326044,0,6.075937e-05,0,8.2168704e-08,1,1,1,Object-Related,Attribute Recognition,Unknown,How many people are walking on the wall?,There are three people walking on the wall.; You can see three people in view walking.; You can see three people walking in this photo.,"Based on the image, I can count **6 people** walking on the Great Wall. They are visible in a group near the center of the wall."
question_comb_882,0,0,5.421035e-06,0,0.00020446343,0,5.7318903e-05,1,1,1,Object-Related,Attribute Recognition,Unknown,How many boxes on the wall?,Three boxes on the wall; There are three boxes on the wall; Three boxes on the wall are present in this image,"Based on the image, there are **three** boxes on the wall. They appear to be empty frames or display cases."
question_comb_8441,0,0,0.0018230625,0,1.2617295e-06,0,0.00037812965,1,1,1,Object-Related,Visual Understanding,Unknown,Is there a knife in this image?,"n, o","No, there is no knife visible in the image."
question_comb_6476,0,0,0.0009396922,0,9.42002e-07,0,4.384114e-05,1,1,1,Attribute-Related,Attribute Recognition,Unknown,Is the sky bright in this image?,"y, e, s","No, the sky in the image is not bright. It appears overcast and gray, contributing to the overall muted and wintery feel of the scene."
question_comb_4561,0,0,0.000114281815,0,5.4628545e-06,0,2.3269837e-05,1,1,1,Other,Text & OCR,Unknown,What color are the robot's laser beams?,There are no laser beams visible in this image; I do not see any laser beams; The image does not show any laser beams,"Based on the image, the robot's laser beams appear to be **green**. You can see them emanating from the robot's eyes."
question_comb_7253,0,0,0.0031250727,0,0.005094479,0,0.0021716014,1,1,1,Relationship,Spatial Reasoning,Unknown,Is there direct contact between the truck and ground?,"y, e, s","Based on the image, it appears there is direct contact between the truck's tires and the ground (the road). The tires are visibly resting on the asphalt surface."
question_comb_5453,0,0,0.0007947906,0,1.1112268e-05,0,0.00025302026,1,1,1,Other,Text & OCR,Unknown,Who is sitting beside the man?,As the person who is sitting beside the man is not visible we cannot tell; The image doesn't show the person sitting beside the man thus we can't tell; Don't know.,"Based on the image, a woman is sitting beside the man."
question_comb_5353,0,0,0.0003529958,0,6.010495e-06,0,0.018702356,1,1,1,Object-Related,Visual Understanding,Unknown,Is there a toaster in the image?,no,"No, there is no toaster in the image. There is a piece of toast on a plate to the left of the cake, but it was likely prepared in a toaster or other cooking appliance."
question_comb_4227,0,0,0.38074243,1,0.9637925,0,0.00014730095,1,0,1,Object-Related,Visual Understanding,Unknown,Is there a bed in the image?,yes,"Yes, there is a bed in the image. It appears to be a small, possibly child-sized bed covered with a plaid blanket and a pillow."
question_comb_8109,0,0,0.0030008217,0,0.00011358607,0,0.0031382218,1,1,1,Attribute-Related,Attribute Recognition,Unknown,Is the broccoli blue in this image?,"n, o","No, the broccoli is not blue in the image. It appears to be its natural green color. The background is blue, which might be creating an optical illusion, but the broccoli itself is green."
question_comb_5566,0,0,5.4782908e-05,0,0.1868889,0,0.00071168254,1,1,1,Other,Visual Understanding,Unknown,Is the vertical line shorter than the horizontal line?,no,"No, the vertical line is significantly longer than the horizontal line in the image."
question_comb_8736,0,0,0.024806412,0,0.000999755,0,0.005779553,1,1,1,Object-Related,Visual Understanding,Unknown,Is there a sky in this image?,"n, o","No, there is no visible sky in the image. The focus is on the giraffe and the grassy field, and the background is filled with trees and other giraffes, obscuring any view of the sky."
question_comb_6559,1,0,7.840973e-06,0,0.150292,0,0.0184535,0,0,0,Object-Related,Visual Understanding,Unknown,Is there a sun in this image?,"n, o","Based on the image, it's difficult to definitively say if the sun is directly visible. However, the lighting suggests that it is a bright, overcast day. Here's why:

*   **Even Lighting:** The light is diffused and doesn't create harsh shadows. This is typical of overcast conditions where the sun is behind clouds.
*   **Bright Colors:** The green grass and the overall brightness of the scene indicate a good amount of light, even if the sun isn't directly shining.

So, while we can't see the sun itself, it's likely present and contributing to the lighting."
question_comb_5070,0,0,0.005721806,0,3.9254983e-06,0,7.197141e-07,1,1,1,Relationship,Spatial Reasoning,Unknown,Is there direct contact between the doll and chair?,"y, e, s","Yes, there is direct contact between the doll and the chair. The doll is sitting directly on the seat of the chair."
question_comb_6243,0,0,0.11429454,0,0.0214013,0,0.00036056872,1,1,1,Other,Knowledge & Identity,Unknown,Is the actor inside the red bounding box named Roy Scheider? Please answer yes or no.,Yes,Yes.
question_comb_8547,0,0,0.18037578,0,0.40775117,0,0.077200934,1,1,1,Object-Related,Visual Understanding,Unknown,Is there a knife in the image?,yes,"Yes, there is a knife in the image. It's positioned on the right side of the pizza, seemingly used for cutting it."
question_comb_8964,0,0,4.9183378e-05,0,0.00029018326,0,1.8668724e-06,1,1,1,Object-Related,Attribute Recognition,Unknown,How many vultures on the tree?,Zero vultures; Zero vultures here; Zero vultures in picture,"Based on the image, I can see **three** vultures perched on the tree growing out of the Volkswagen bus."
question_comb_436,0,0,0.0043901787,0,0.00019953841,0,4.47741e-05,1,1,1,Other,Visual Understanding,Unknown,Is the man solely wearing a torn piece of cloth around his waist?,No; the man is not only wearing a torn piece of cloth around his waist; the statement is false.,"Based on the image, it appears the man is indeed only wearing a torn piece of cloth around his waist. It's difficult to see any other clothing on him."
question_comb_998,0,0,0.24728388,1,0.8787868,0,0.045182843,1,0,1,Other,Attribute Recognition,Unknown,Does the giraffe lower in this image?,"y, e, s","Yes, the giraffe in the image is clearly lowering its head and neck. It appears to be interacting with the zebras, possibly in a playful or curious manner."
question_comb_8364,0,0,0.0018323471,0,0.0002989461,0,4.3491396e-05,1,1,1,Object-Related,Visual Understanding,Unknown,Is there a sports ball in the image?,yes,"Yes, there is a sports ball in the image. It's a baseball, being thrown by the pitcher towards the batter."
question_comb_2470,0,0,4.4624508e-06,0,2.6934396e-07,0,9.052591e-05,1,1,1,Object-Related,Visual Understanding,Unknown,Is there a dog in this image?,"n, o","No, there is no dog in the image. There are two people and a sheep."
question_comb_536,0,0,0.0014917395,0,0.00013606578,0,0.000101039324,1,1,1,Object-Related,Visual Understanding,Unknown,Is there a baseball glove in the image?,yes,"Yes, there is a baseball glove in the image. You can see it on the hand of the person throwing the ball."
question_comb_3255,1,0,0.02574743,0,1.894447e-05,1,0.818356,0,0,1,Attribute-Related,Attribute Recognition,Unknown,Are there two mice in this image?,"n, o","Yes, there are two mice in the image. 

*   One is a white Apple mouse in front of the laptop.
*   The other is a white mouse on a black pad to the right of the laptop."
question_comb_9690,0,0,0.0029150872,0,5.855237e-06,0,0.0022360766,1,1,1,Attribute-Related,Attribute Recognition,Unknown,Is the sky sunny in this image?,"y, e, s","Based on the image, the sky appears to be **mostly sunny with some scattered clouds**. The blue is bright, suggesting sunshine, but there are also some white, fluffy clouds visible."
question_comb_8185,1,0,0.3258578,0,9.112012e-05,0,0.1482234,0,0,0,Relationship,Spatial Reasoning,Unknown,Is the light under the computer in the image? Please answer yes or no.,No,Yes.
question_comb_8176,0,0,0.000103817874,0,6.0802548e-05,0,1.2836068e-07,1,1,1,Object-Related,Attribute Recognition,Unknown,What color is the boy's eyes?,The boy's eyes cannot be seen in the image,"Based on the image, it's impossible to determine the color of the boy's eyes. The image is taken from behind him, so his face and eyes are not visible."
question_comb_5470,0,0,3.7084643e-05,0,1.3305779e-05,0,9.753346e-06,1,1,1,Other,Text & OCR,Unknown,What color are the cat's paws?,Paws are not visible.,"Based on the image, the cat's paws are **purple**. You can see them peeking out from the robotic suit in the lower portion of the image."
question_comb_2800,0,0,0.05598592,0,0.00038804745,0,0.035109725,1,1,1,Attribute-Related,Attribute Recognition,Unknown,Is the beach uneven in this image?,"y, e, s","Yes, the beach in the image appears to be uneven. You can see a noticeable slope leading down to the water, and the sand surface itself looks textured and not perfectly flat. The footprints in the sand also suggest variations in the terrain."
question_comb_4714,0,1,0.80354244,1,0.97115177,0,0.13712773,0,0,1,Relationship,Spatial Reasoning,Unknown,Is there direct contact between the computer and table?,"y, e, s","Based on the image, it appears there is **no direct contact** between the computer (the iMac) and the table. 

There's a black rectangular object (likely a stand or pad) between the iMac and the glossy table surface. This suggests it's meant to elevate the computer and prevent direct contact."
question_comb_9045,0,0,2.0559895e-05,0,0.053256262,1,0.93652815,1,1,0,Other,General QA,Unknown,Is the cake half already?,,"Yes, it appears the cake is already half-eaten! You can clearly see a large chunk missing from the side of the horse-shaped cake."
question_comb_2083,0,0,0.02314705,0,0.001429746,0,0.00024452523,1,1,1,Object-Related,Attribute Recognition,Unknown,How many people are doing pull-ups?,One; one person is doing pull-ups ; only one person is doing pull-ups.,"Based on the image, there is **one** person doing pull-ups. You can see them hanging from the pull-up bar."
question_comb_24,0,0,0.021391306,0,8.122415e-05,0,7.8319055e-05,1,1,1,Object-Related,Visual Understanding,Unknown,Is there a pizza in the image?,yes,"Yes, there is a pizza in the image! It's a round pizza with what appears to be ham and cheese toppings, sitting on a dark metal pan."
question_comb_7311,0,0,0.00039121986,0,0.0012652936,0,0.042023893,1,1,1,Relationship,Spatial Reasoning,Unknown,Is there direct contact between the mountain and forest?,"y, e, s","Based on the image, it appears there is **direct contact** between the mountains and the forest. 

Here's why:

*   **Dense Vegetation:** The mountains are covered in dense green vegetation, which is characteristic of forests.
*   **Continuous Coverage:** The forest appears to extend right up to the slopes of the mountains, with no clear separation or significant gaps.
*   **No Visible Barrier:** There are no obvious signs of a barrier (like a road, a large clearing, or a distinct change in terrain) that would separate the forest from the mountain.



Let me know if you'd like me to analyze any other details in the image!"
question_comb_5394,0,0,0.0005192353,0,3.086942e-05,0,8.97424e-07,1,1,1,Object-Related,Visual Understanding,Unknown,Is there a baseball bat in the image?,yes,"Yes, there is a baseball bat in the image. It's being held by the baseball player."
question_comb_8579,0,0,2.9708308e-05,0,7.4443674e-06,0,3.1112899e-07,1,1,1,Other,General QA,Unknown,What is the sum of the values of satire and crack?,,"Based on the bar graph:

*   The value for ""crack"" is approximately 5.
*   The value for ""satire"" is approximately 9.

Therefore, the sum of the values is 5 + 9 = 14."
question_comb_2921,0,0,0.00012300537,0,5.755382e-05,0,0.41242415,1,1,1,Other,Knowledge & Identity,Unknown,Is it a good time to drive a car through the road in the picture? Please answer yes or no.,No,"No.

The pedestrian crossing has a green light for pedestrians, and people are actively crossing the road. It is not safe to drive through."
question_comb_6538,0,0,0.00292186,0,0.0011193026,0,0.00024031247,1,1,1,Object-Related,Visual Understanding,Unknown,Is there a beach in this image?,"n, o","No, there is no beach visible in the image. The image shows a boat on a body of water with mountains in the background. The focus is on the boat and the water it's creating."
question_comb_4006,0,0,0.16531602,0,0.00018974148,0,0.06015676,1,1,1,Attribute-Related,Attribute Recognition,Unknown,Is the beach dry in this image?,"n, o","No, the beach is not entirely dry in the image. You can see the waves washing up onto the sand, indicating that the area closest to the water is wet. The sand further away from the water appears to be dry."
question_comb_1043,0,0,0.046875935,0,0.00058388035,0,0.00019340486,1,1,1,Other,Math & Calculation,Unknown,Fill in the blank to describe the model. The model has 9 dots divided into 3 equal groups. There are (_) dots in each group.,3,"Here's the answer:

The model has 9 dots divided into 3 equal groups. There are **3** dots in each group."
question_comb_6020,0,0,0.29610583,1,0.7116284,0,2.7647613e-06,1,0,1,Object-Related,Attribute Recognition,Unknown,How many wine bottles on the table?,One; One wine bottle on the table; Only one,"Based on the image, I can see **three** wine bottles on the table."
question_comb_5181,0,0,0.33279186,0,0.0032413402,0,0.004111134,1,1,1,Other,Knowledge & Identity,Unknown,Is the person inside the red bounding box named Laura Dern? Please answer yes or no.,Yes,Yes.
question_comb_3539,0,0,9.496324e-05,0,0.28818825,0,1.03954835e-05,1,1,1,Object-Related,Attribute Recognition,Unknown,How many shields do the soldiers have?,There are no shields visible ; We cannot see any shields; There are no shields in this picture,"Based on the image, it appears that none of the soldiers are carrying shields. They are all armed with spears."
question_comb_9669,0,0,0.19220328,1,0.50534904,0,0.000704694,1,0,1,Relationship,Spatial Reasoning,Unknown,Is there direct contact between the motorbike and ground?,"y, e, s","Yes, based on the image, there is direct contact between the motorbikes and the ground. You can clearly see the tires of the motorcycles resting on the pavement."
question_comb_3507,0,0,1.2521924e-06,0,5.8481797e-05,0,0.003627041,1,1,1,Other,Visual Understanding,Unknown,Are some mushrooms sliced while others remain whole?,No; the mushrooms are not sliced; the mushrooms remain whole,"Yes, you are correct! In the image, you can see that some of the mushrooms are sliced while others are left whole. It appears to be a mix of both, creating a varied texture and appearance in the dish."
question_comb_6058,0,0,1.2659141e-06,0,0.00029796184,0,3.615571e-06,1,1,1,Object-Related,Visual Understanding,Unknown,What is the shape of the pattern on the wall?,There is no wall pattern; We cannot see a pattern on the wall; There is no pattern on the wall,"Based on the image, the pattern on the wall appears to be **horizontal planks or strips**. They run parallel to each other across the wall, creating a linear, wood-like texture."
question_comb_7448,0,1,0.54388136,0,2.3411631e-07,0,0.0894015,0,1,1,Other,Text & OCR,Unknown,Is this movie originated from the country or region of new zealand? Please answer yes or no.,No,"No.



The movie ""Real Steel"" was primarily an American production."
question_comb_8454,0,0,0.021659475,0,3.2304648e-05,0,2.2564094e-05,1,1,1,Object-Related,Attribute Recognition,Unknown,How many people are standing in the image?,Two; Two people are standing in the image; Only Two,"Based on the image, I can see **two** people standing. One is the ferry operator, and the other is a passenger walking on the ferry deck."
question_comb_5037,0,0,0.0057399673,0,4.506943e-05,0,0.022759251,1,1,1,Relationship,Spatial Reasoning,Unknown,Is there direct contact between the dog and toy?,"y, e, s","Yes, based on the image, there is direct contact between the dog and the toy. The dog is leaping and has the frisbee held in its mouth."
question_comb_5444,0,1,0.6153266,0,0.00036936844,0,0.0012343916,0,1,1,Object-Related,Visual Understanding,Unknown,Is there a dining table in the image?,no,"No, there is no dining table in the image. The image shows a military vehicle (likely an M109 Paladin self-propelled howitzer) being transported on a flatbed railcar at a train station."
question_comb_1153,0,0,0.0017288515,0,0.0002348318,0,0.025338134,1,1,1,Object-Related,Visual Understanding,Unknown,Is there a knife in this image?,"n, o","No, there is no knife visible in the image. The image shows a bowl with an apple, a pear, and two bananas."
question_comb_8880,0,0,0.007882317,0,0.000116895935,0,2.2713402e-06,1,1,1,Object-Related,Attribute Recognition,Unknown,What color is the food stand in the image.,There is no food stand in the image; I can't see a food stand anywhere in the image; No food stand,"Based on the image, the food stand appears to be **yellow**. It's located on the right side of the image, partially obscured by the snow and people."
question_comb_3136,0,0,0.0007297581,0,4.390865e-07,0,0.0044940813,1,1,1,Relationship,Spatial Reasoning,Unknown,Is there direct contact between the zebra and grass?,"y, e, s","Yes, based on the image, there is direct contact between the zebra and the grass. The zebra is grazing, with its head lowered and mouth close to the grass, indicating it is eating it."
question_comb_9680,0,0,0.016145237,0,2.2307708e-05,0,1.2248722e-05,1,1,1,Object-Related,Attribute Recognition,Unknown,How many glasses of liquid?,Four glasses of liquid; Only four glasses of liquid; Four glasses of liquid are visible,"Based on the image, I can see **five** glasses of liquid on the table."
question_comb_7520,1,0,0.24997097,0,0.0015917404,0,0.07724419,0,0,0,Relationship,Spatial Reasoning,Unknown,Is there direct contact between the sheep and tree?,"n, o","Based on the image, it appears there is **some direct contact** between the sheep and the tree. 

Several sheep are grazing very close to the base of the tree, and at least one sheep is directly under the tree's branches."
question_comb_2681,1,0,0.0015918866,0,9.9837325e-06,0,0.0064273747,0,0,0,Object-Related,Visual Understanding,Unknown,Is there a car in the image?,no,"Yes, there is a car in the image. It's a white pickup truck visible on the left side of the frame."
question_comb_7328,0,0,0.16609345,0,0.00025333988,0,0.00017278263,1,1,1,Relationship,Spatial Reasoning,Unknown,Is there direct contact between the truck and ground?,"y, e, s","Yes, based on the image, there is direct contact between the truck's tires and the ground. You can clearly see the tires resting on the gravel surface."
question_comb_2262,0,0,0.0040621874,0,0.061287146,0,0.00037196084,1,1,1,Object-Related,Visual Understanding,Unknown,Is there a person in this image?,"n, o","No, there is no person in the image. The image shows two giraffes against a blue sky with clouds."
question_comb_4960,0,0,3.2029996e-06,0,1.887234e-05,0,2.290965e-05,1,1,1,Object-Related,Attribute Recognition,Unknown,How many white horses are there?,There are two white horses in the picture; Two; There is one white horse near the woman and the other one among the other horses,"Based on the image, there are **five** white horses. 

*   One is lying down with the woman in the foreground.
*   Four are in the background, walking along the beach."
question_comb_9273,0,0,0.032082178,0,0.00015418127,0,1.0021406e-07,1,1,1,Other,Spatial Reasoning,Unknown,What is the age gap between these two people in image?,,"Certainly! Let's analyze the image and determine the age gap between Lucille Ball and Eleanor Roosevelt.

**Identifying the Individuals:**

*   The woman on the left is Lucille Ball, the famous actress and comedian.
*   The woman on the right is Eleanor Roosevelt, former First Lady of the United States.

**Birthdates:**

*   Lucille Ball: August 6, 1911
*   Eleanor Roosevelt: October 11, 1884

**Calculating the Age Gap:**

To find the age gap, we subtract Eleanor Roosevelt's birth year from Lucille Ball's birth year:

1911 - 1884 = 27 years

**Therefore, Eleanor Roosevelt was 27 years older than Lucille Ball.**

If you'd like, send me another image to analyze!"
question_comb_5914,0,0,0.34039155,1,0.84132546,0,6.476429e-05,1,0,1,Object-Related,Visual Understanding,Unknown,Is there a dog in the image?,yes,"Yes, there is a dog in the image! It's sitting on the driver's lap of the fire truck. It appears to be a white dog, possibly a terrier mix."
question_comb_3088,0,0,0.00024710846,0,3.914222e-05,0,2.5816512e-06,1,1,1,Object-Related,Visual Understanding,Unknown,Does the image show a ram with a human face?,No; the image does not depict a ram with a human face; it does not depict a ram with a human face.,"No, the image does not show a ram with a human face. It depicts a figure with the **head of a ram (specifically, a mature ram with large, curved horns)** and a human-like body. 

Here's a breakdown:

*   **Head:** The head is distinctly that of a ram, with the characteristic features of a ram's face and horns.
*   **Body:** The body is humanoid, clothed in elaborate robes, and posed in a regal manner.
*   **Overall:** It's a depiction of a being that combines the features of a ram and a human, often referred to as an anthropomorphic ram or a ram deity/figure.



Let me know if you'd like me to describe any other details in the image!"
question_comb_511,1,0,0.0024083734,0,0.007108436,1,0.9896387,0,0,1,Object-Related,Visual Understanding,Unknown,Is there a door in this image?,"n, o","Yes, there is a door visible in the image. It's located on the right side, partially obscured by greenery. It appears to be a dark-colored door within a brick structure."
question_comb_426,1,0,0.077081464,0,7.5878204e-05,1,0.8980406,0,0,1,Other,Knowledge & Identity,Unknown,Is the actor inside the red bounding box called Robert Redford? Please answer yes or no.,Yes,"No.

The actor in the red box is **Armie Hammer**, portraying Charles Cullen in the series *American Crime Story: The Nurse*. Robert Redford is a different actor."
question_comb_6085,0,0,0.0008602926,0,0.00051707105,0,0.00023103546,1,1,1,Relationship,Spatial Reasoning,Unknown,Is there direct contact between the flower and table?,"n, o","No, there is no direct contact between the flowers and the table. The flowers are arranged in a vase, which is sitting on the table."
question_comb_8389,0,0,0.0004495112,0,9.103232e-05,0,4.1859457e-05,1,1,1,Object-Related,Attribute Recognition,Unknown,How many wings are in the photo?,There are no wings in the photos; No wings are in the picture; No wing are visible in the picture,"Based on the image, there are **two** wings visible on the dragon's head."
question_comb_4651,0,0,0.000770218,0,4.2673342e-05,0,0.0008194994,1,1,1,Relationship,Spatial Reasoning,Unknown,Is there direct contact between the fence and cow?,"n, o","Based on the image, there does not appear to be any direct contact between the fence and the cows. The fence is in the background, and the cows are grazing in the tall grass in the foreground, a good distance away."
question_comb_6633,1,0,0.28894147,0,0.40494207,0,0.0292642,0,0,0,Attribute-Related,Attribute Recognition,Unknown,Is the paddle plastic in this image?,"n, o","Based on the image, the paddle appears to be made of wood. It has a visible grain and a natural color, which are characteristics of wood."
question_comb_3769,0,0,0.0047015976,0,0.00013531005,0,0.00022043227,1,1,1,Relationship,Spatial Reasoning,Unknown,Is there direct contact between the tiger and ground?,"n, o","Based on the image, the tiger is **not** in direct contact with the ground. It is lying on a large rock."
question_comb_6901,0,0,0.0007508336,0,5.028637e-06,0,0.005221562,1,1,1,Other,Attribute Recognition,Unknown,Does the pigeon stand in this image?,"y, e, s","No, the bird in the image is not a pigeon. It is a **Mourning Dove**. 

And it is **perched** on a branch, not standing. It's resting on the branch with its feet."
question_comb_7975,0,0,0.0010161985,0,0.00073458377,0,2.801591e-06,1,1,1,Other,Text & OCR,Unknown,How many people are there in the car expo?,Can't answer; Can't determine how many people are there in the car expo; Don't know how many people are there in the car expo,"Let's analyze the image to estimate the number of people at the car expo.

It's a bit tricky to get an exact count due to the crowd density and some people being partially obscured. However, here's a breakdown:

*   **Foreground/Midground:** There are around 5-7 people clearly visible around the cars in the immediate foreground and midground.
*   **Background Crowd:** In the background, there's a large group of people gathered around the other cars. It's difficult to count them individually, but I estimate there are at least 30-40 people visible in the background.
*   **Cars with Occupants:** A few cars have people visible inside. I can spot at least 3-5 people in the cars.

**Total Estimate:**

Adding these estimates together, I'd say there are approximately **40-60** people at the car expo.

**Important Note:** This"
question_comb_5236,0,0,0.13077392,0,0.012580785,0,0.07563461,1,1,1,Attribute-Related,Attribute Recognition,Unknown,Is the sea stormy in this image?,"y, e, s","No, the sea in the image doesn't appear stormy. While there are waves, they seem relatively gentle and rolling. The water color is a vibrant turquoise, and there's no indication of strong winds or turbulent conditions that would characterize a stormy sea."
question_comb_7104,0,0,0.00434847,0,0.00066656416,0,2.3683006e-05,1,1,1,Other,Math & Calculation,Unknown,"Given that the straight line a ∥ b, ∠1 and ∠2 are mutually complementary, ∠3 = 121.0, then ∠4 is equal to ()",,"Here's how to solve the problem:

1. **Understand the relationships:**
   * **Parallel lines:** When parallel lines are cut by a transversal, corresponding angles are equal, alternate interior angles are equal, and same-side interior angles are supplementary (add up to 180°).
   * **Complementary angles:** Two angles are complementary if their sum is 90°.

2. **Find ∠2:**
   * Since ∠1 and ∠2 are complementary, ∠1 + ∠2 = 90°.
   * We don't know ∠1 directly, but we can use the fact that ∠1 and ∠2 are alternate interior angles with respect to lines *a* and *b* and transversal *d*. Therefore, ∠1 = ∠3.
   * So, ∠1 = 121°.
   * Now, ∠2 = 90° - ∠1 = 90° - 1"
question_comb_6215,0,0,0.008693035,0,0.0,0,0.0013547144,1,1,1,Object-Related,Visual Understanding,Unknown,Is there a knife in this image?,"n, o","No, there is no knife in the image. It shows a single slice of pizza on a white plate."
question_comb_999,0,0,0.00032171307,0,9.860391e-07,0,0.19949836,1,1,1,Attribute-Related,Attribute Recognition,Unknown,Is the mountain tall in this image?,"y, e, s","Yes, the mountains in the image appear to be quite tall. Here's why:

*   **Layered Appearance:** The mountains are shown in layers, with those further away appearing blue due to atmospheric perspective. This layering suggests significant distance and height.
*   **Scale:** The cow in the foreground provides a sense of scale. Compared to the vastness of the mountain range, the cow is small, emphasizing the mountains' size.
*   **Overall Impression:** The image conveys a feeling of grandeur and vastness, which is typical of tall mountain ranges.



Therefore, based on these visual cues, it's reasonable to conclude that the mountains are tall."
question_comb_1560,0,0,0.0025324202,0,0.0011432002,0,0.00016523362,1,1,1,Attribute-Related,Attribute Recognition,Unknown,Is the sky sunny in this image?,"y, e, s","Based on the image, the sky appears to be **mostly sunny**. 

Here's why:

*   **Bright Blue Color:** The sky is a vibrant blue, which is typical of clear, sunny days.
*   **Few Clouds:** There are some wispy clouds visible, but they don't appear to be dense or overcast.
*   **Good Lighting:** The overall lighting in the image suggests a bright, sunny environment.



Let me know if you'd like me to analyze anything else in the image!"
question_comb_1474,1,0,0.025298081,0,9.8735225e-05,0,0.33294308,0,0,0,Attribute-Related,Attribute Recognition,Unknown,Is the beach flat in this image?,"n, o","Yes, the beach in the image appears to be relatively flat. 

Here's what leads me to that conclusion:

*   **Horizon Line:** The horizon line is mostly straight, indicating a consistent elevation across the beach.
*   **People's Stance:** The people standing on the beach are in a natural, upright position, suggesting a level surface.
*   **Sand Texture:** The sand texture appears uniform, without significant undulations or slopes.



Let me know if you'd like me to analyze anything else in the image!"
question_comb_9798,0,0,2.4361146e-10,0,4.281209e-06,0,1.1328606e-06,1,1,1,Object-Related,Attribute Recognition,Unknown,How many fingers you see?,No fingers are shown; None; No fingers can be seen,"Based on the image, it's difficult to definitively count the fingers. The motion blur makes it hard to distinguish individual fingers. However, I can see what appear to be **at least 6 fingers** visible in the image. It's possible there are more that are obscured by the blur or the dress."
question_comb_6653,0,0,0.000112181464,0,1.1680881e-06,0,0.0,1,1,1,Other,Visual Understanding,Unknown,does a family of elves live inside the mushroom house?,No; There is not a family of elves living inside the mushroom house; The mushroom house does not have a family of elves living inside it,"Based on the image, it's highly likely that a family of elves (or similar magical creatures) lives inside the mushroom house! Here's why:

*   **Whimsical and Magical Design:** The house is incredibly fantastical, with a mushroom cap roof, glowing windows, and a cozy, organic feel. This aesthetic is strongly associated with elven dwellings in fantasy lore.
*   **Small Scale:** The house appears to be small and charming, suggesting it's built for smaller inhabitants like elves.
*   **Natural Integration:** The house is seamlessly integrated with nature, covered in moss, vines, and surrounded by mushrooms. Elves are often depicted as being deeply connected to nature.
*   **Warm Lighting:** The warm, inviting light emanating from the windows suggests a cozy and welcoming home, perfect for a family.

It's a beautiful and enchanting image that evokes a strong sense of fantasy and magic, making an elven family a very plausible resident!"
question_comb_8724,0,0,0.001090255,0,3.858556e-06,0,0.0014843435,1,1,1,Object-Related,Visual Understanding,Unknown,Is there a knife in the image?,no,"Based on the image, I do not see any knives."
question_comb_3713,0,0,1.9426107e-06,0,0.002935397,0,2.5739597e-05,1,1,1,Object-Related,Attribute Recognition,Unknown,How many of the dog's feet can be seen in the image?,None of the dog's feet can be seen in the image; zero; none of them;,"Based on the image, **none** of the dog's feet are visible. The image is a close-up portrait focusing on the dog's head and upper body."
question_comb_3427,0,0,0.018917032,1,0.6501956,0,1.1488222e-06,1,0,1,Relationship,Spatial Reasoning,Unknown,Is there direct contact between the train and rail?,"y, e, s","Yes, there is direct contact between the train and the rail. 

You can clearly see the wheels of the train making contact with the rails in the image. This is how the train moves along the track – the wheels grip the rails."
question_comb_355,0,0,0.17181125,0,0.00057684234,0,0.0006725518,1,1,1,Other,Text & OCR,Unknown,Is it appropriate to translate the Chinese in the image into English 'waiting for a long time' in the picture? Please answer yes or no.,Yes,"Yes.



The Chinese characters in the image, 等了很久 (děng le hěn jiǔ), directly translate to ""waited for a long time."""
question_comb_2239,0,0,0.0056965896,0,0.00039671775,0,4.6799327e-05,1,1,1,Attribute-Related,Attribute Recognition,Unknown,Is the forest withered in this image?,"n, o","No, the forest in the image does not appear withered. The trees are full of green leaves and look healthy."
question_comb_1510,0,0,2.4696649e-06,0,0.00026716807,0,1.2158619e-05,1,1,1,Other,Visual Understanding,Unknown,What is on the wall?,Graffiti art is on the wall.; There is graffiti on the wall.; The wall is covered with graffiti.,"Here's a breakdown of what's on the wall in the image:

**The wall is covered in a vibrant and eclectic mural composed of various pieces of street art and graffiti.**

Here's a more detailed description:

*   **Diverse Styles:** The mural incorporates a wide range of styles, from cartoonish figures and abstract shapes to more traditional graffiti lettering and imagery.
*   **Color Palette:** The color scheme is bold and bright, featuring a lot of reds, yellows, greens, and blues.
*   **Individual Pieces:** It appears to be a collection of different artists' works, each with its own distinct style and subject matter.
*   **Text and Graphics:** There are various text elements, including phrases like ""Hello,"" ""Hola,"" and ""Mi Nombre Es"" (My Name Is). There are also graphic elements like speech bubbles, arrows, and abstract designs.
*   **Figurative Elements:** You can see depictions of animals,"
question_comb_4601,1,0,3.25965e-05,0,0.00018147743,1,0.9364243,0,0,1,Object-Related,Visual Understanding,Unknown,Is there a streetlamp in this image?,"n, o","Yes, there appears to be a streetlamp visible in the image. It's located in the upper right corner, slightly blurred and partially obscured by the grass."
question_comb_6434,0,0,9.619585e-05,0,2.0211764e-06,0,2.9257085e-06,1,1,1,Other,Attribute Recognition,Unknown,"In how many years, is the enrolment ratio of female students in pre-primary schools in Tuvalu greater than the average enrolment ratio of female students in pre-primary schools in Tuvalu taken over all years ?",,"Here's how we can determine the number of years where Tuvalu's enrolment ratio exceeds its average:

**1. Identify Tuvalu's data points:**

From the graph, Tuvalu's enrolment ratios are:

*   2001: 102%
*   2005: 100%
*   2006: 117%
*   2013: 84%

**2. Calculate Tuvalu's average enrolment ratio:**

Average = (102 + 100 + 117 + 84) / 4 = 100.75%

**3. Determine years where Tuvalu's ratio is greater than the average:**

*   2001: 102% > 100.75% (True)
*   2005: 100"
question_comb_5647,0,0,0.0014114771,0,0.0009123607,0,1.2264607e-05,1,1,1,Object-Related,Attribute Recognition,Unknown,How many people are in the image?,There are six people.,"Based on the image, I can count approximately **8 people**. 

Here's my breakdown:

*   There are 3 people clearly visible near the central sculpture.
*   I can see 2 people further back, near the wall on the left.
*   There are 3 more people visible in the reflection on the floor.

It's possible there are more people partially obscured or out of view, but this is my best estimate based on what's visible."
question_comb_7248,0,0,0.15183139,0,0.4371113,0,0.22121586,1,1,1,Attribute-Related,Attribute Recognition,Unknown,Is the beach wet in this image?,"y, e, s","Yes, the beach appears to be wet in the image. You can see the line of white foam from the waves reaching the shore, and the sand near the water looks damp."
question_comb_5811,0,0,0.26400614,0,0.0001157158,0,0.009059964,1,1,1,Other,Attribute Recognition,Unknown,Does the sea turbulent in this image?,"n, o","No, the sea in the image does not appear turbulent. It looks calm and relatively still. The water is a clear blue-green color, and there are no visible waves or signs of rough conditions."
question_comb_959,0,0,0.2142528,0,3.673344e-05,0,0.020864349,1,1,1,Relationship,Spatial Reasoning,Unknown,Is there direct contact between the person and sea?,"y, e, s","Based on the aerial view in the image, it appears the person is standing in the shallow water, but not fully submerged. It's difficult to say with absolute certainty if they are making direct contact with the sea, but they are definitely in the water."
question_comb_9152,0,0,0.0014138515,0,6.296397e-05,0,0.0015321916,1,1,1,Attribute-Related,Attribute Recognition,Unknown,Is the wall black in this image?,"n, o","No, the wall in the image is not black. It appears to be a light gray or off-white color. The black area at the bottom of the image is a shadow or a dark border added during editing."
question_comb_5769,1,1,0.8178051,1,0.52143717,0,0.3540483,1,1,0,Object-Related,Visual Understanding,Unknown,Is there a sports ball in the image?,yes,"No, there is no sports ball visible in the image."
question_comb_3106,0,0,0.015757848,0,6.831229e-05,0,0.00057756825,1,1,1,Object-Related,Visual Understanding,Unknown,Is there a mountain in this image?,"n, o","No, there is no mountain in the image. The background shows a clear blue sky with some clouds and the ocean. There are waves breaking in the distance, but no mountains are visible."
question_comb_7742,1,0,0.2961703,1,0.9704921,1,0.7997442,0,1,1,Other,Knowledge & Identity,Unknown,Is the actor inside the red bounding box named George Clooney? Please answer yes or no.,Yes,No.
question_comb_8083,1,0,0.00033907525,0,0.009935054,1,0.99717593,0,0,1,Object-Related,Visual Understanding,Unknown,Is there a beach in this image?,"n, o","Yes, there is a beach in the image. You can see a person entering the water from a sandy shoreline. The beach appears to be a relatively wide, light-colored sand beach."
question_comb_4030,1,0,0.35252336,1,0.9410451,1,0.7001668,0,1,1,Other,Math & Calculation,Unknown,"If angle BAF equals to angle CAF, is CF smaller than BF? Please answer yes or no.",no,"Yes.

Here's the reasoning:

*   **Angle Bisector:** Since angle BAF = angle CAF, AF is the angle bisector of angle BAC.
*   **Angle Bisector Theorem:** The Angle Bisector Theorem states that if an angle bisector of a triangle divides the opposite side into two segments, then the ratio of the lengths of those segments is equal to the ratio of the lengths of the other two sides. In this case, it means:
    *   BD/CD = AB/AC
*   **Given Information:** We are given that AF is the angle bisector.
*   **Consider the triangle ABC:** If AB = AC, then triangle ABC is an isosceles triangle. In this case, BD = CD, and BF = CF.
*   **If AB ≠ AC:** If AB is not equal to AC, then BD is not equal to CD.
*   **If AB > AC:** Then BD > CD"
question_comb_6210,0,0,0.0078028208,0,6.317791e-09,0,0.00012398713,1,1,1,Other,General QA,Unknown,Describe this image.,"sky, cloud, forest, grass, rail, train, ground, wire","Here's a description of the image:

**Overall Impression:**

The image shows a full-size, realistic-looking Thomas the Tank Engine from the ""Thomas & Friends"" series, pulling a passenger car along a railway track. It's a bright, sunny day, and the scene has a cheerful, nostalgic feel.

**Detailed Description:**

*   **Thomas the Tank Engine:** The main focus is Thomas, who is a vibrant blue color with a bright red frame and a white face. He has a friendly, cartoonish expression with large eyes and a smiling mouth. The number ""1"" is prominently displayed on his side. He's emitting a puff of white steam from his smokestack.
*   **Passenger Car:** Behind Thomas is a vintage-style passenger car with dark purple or maroon siding and gold trim. It has multiple windows and a classic design.
*   **Setting:** The train is traveling on a track that runs through a rural landscape"
question_comb_9619,0,1,0.59374547,0,2.7242424e-05,0,0.021692729,0,1,1,Other,Knowledge & Identity,Unknown,"Is this a picture of Kirche zur Heiligsten Dreifaltigkeit, Vienna? Please answer yes or no.",No,"No.



The image shows Liverpool Cathedral in England."
question_comb_6561,0,0,0.0009831814,0,3.4814628e-05,0,5.1409505e-05,1,1,1,Attribute-Related,Attribute Recognition,Unknown,Is the sky gloomy in this image?,"n, o","No, the sky in the image is not gloomy. It's a bright blue sky with fluffy white clouds. It appears to be a pleasant, sunny day."
question_comb_4570,0,0,0.00034129,0,1.6017392e-08,0,2.7217447e-06,1,1,1,Other,Text & OCR,Unknown,What is written in the book the woman has?,We cannot see what is written in the book; As it is not visible in the image we can't tell; Don't know.,"Based on the image, it's difficult to definitively say what is written in the book the woman is holding. However, it appears to be a notebook with handwritten notes. The writing is small and the angle makes it hard to decipher any specific words."
question_comb_504,0,0,7.356432e-06,0,0.0009872316,0,2.1521157e-06,1,1,1,Other,General QA,Unknown,Is the number of big shiny cars in front of the red airliner greater than the number of big purple road bikes?,Yes,"Let's analyze the image:

*   **Big shiny cars in front of the red airliner:** There is one blue and yellow car in front of the airliner.
*   **Big purple road bikes:** There is one purple SUV-like vehicle.

Therefore, the number of big shiny cars (1) is greater than the number of big purple road bikes (1).

So the answer is yes."
question_comb_4981,1,0,0.23190954,0,0.00022893629,1,0.86031985,0,0,1,Other,Knowledge & Identity,Unknown,Is the actor inside the red bounding box called Jon Voight? Please answer yes or no.,Yes,"No.

The actor in the image is Zach Galifianakis."
question_comb_13,0,0,0.0005471856,0,2.7184944e-07,0,3.393276e-05,1,1,1,Object-Related,Attribute Recognition,Unknown,How many people are in the image?,Five; Five people are there in the image; Only Five,"Based on the image, there are **five** people. 

Here's a breakdown:

*   Four musicians are clearly visible playing instruments.
*   There's a fifth person partially visible behind the guitarist."
question_comb_5586,0,0,0.0011406656,0,0.016023764,0,0.0035449113,1,1,1,Other,Knowledge & Identity,Unknown,Is this an image of Cape Borda Lighthouse? Please answer yes or no.,No,"No.



The image shows a medieval stone tower and wall, likely part of a castle or fortress. Cape Borda Lighthouse is a distinct structure with a different design."
question_comb_4244,0,0,0.059274167,0,0.087984204,0,1.2190096e-05,1,1,1,Object-Related,Visual Understanding,Unknown,Is there a sandwich in the image?,yes,"Yes, there is a sandwich in the image. It appears to be a fried chicken sandwich with lettuce, tomato, and a bun."
question_comb_919,0,0,0.0002077212,0,0.00013043256,0,3.475177e-05,1,1,1,Attribute-Related,Attribute Recognition,Unknown,Is the grass withered in this image?,"n, o","No, the grass in the image does not appear withered. It looks quite green and lush, suggesting it's healthy and well-watered. The wetness on the path and the presence of rain indicate recent moisture, which would contribute to the grass's vibrant color."
question_comb_8357,0,0,0.0021904267,0,0.022318937,0,0.28251112,1,1,1,Object-Related,Visual Understanding,Unknown,Is there a dining table in the image?,no,"No, there is no dining table in the image. The items are scattered on a dark surface, likely the inside of a bag or a similar container."
question_comb_6380,0,0,0.00058863405,0,0.00038283603,0,7.5219294e-05,1,1,1,Object-Related,Visual Understanding,Unknown,Is there a truck in the image?,yes,"Yes, there is a truck in the image. It's an ice cream truck, parked on the side of the street. It's white and blue with various ice cream-related graphics on it."
question_comb_1314,0,0,0.083503835,0,2.0421255e-07,0,0.0020226298,1,1,1,Other,Attribute Recognition,Unknown,Does the woman sit in this image?,"n, o","No, the woman in the image is standing in the water with a surfboard. She is not sitting."
question_comb_3510,0,0,0.063308746,0,0.0014962535,0,0.00021514254,1,1,1,Other,Math & Calculation,Unknown,Which capability boasts the highest proportion (%)?,Rec,"According to the image, **Recognition (Rec)** boasts the highest proportion at **68.8%**."
question_comb_7803,0,1,0.98975706,1,0.98630965,1,0.5800983,0,0,0,Other,Temporal & Video,Unknown,"The blue car is moving forward. According to the positive sequence of the images, are they in the correct order?",yes,"Let's analyze the images to determine if the sequence is correct based on the blue car's movement.

*   **Image 1:** The blue car is positioned further back in the lane.
*   **Image 2:** The blue car has moved slightly forward in the lane.
*   **Image 3:** The blue car has moved further forward in the lane.

Based on this observation, the sequence of images appears to be in the correct order, showing the blue car moving forward."
question_comb_3054,0,1,0.7262486,0,7.607616e-06,0,9.221882e-05,0,1,1,Attribute-Related,Attribute Recognition,Unknown,Is the cup white in this image?,"y, e, s","Yes, the cup in the image is white."
question_comb_5040,0,0,7.7854325e-05,0,1.16452175e-05,0,5.1221934e-05,1,1,1,Object-Related,Visual Understanding,Unknown,Is there a man in this image?,"n, o","No, there is no man in the image. The image shows a cat and a pair of shoes on a carpeted floor."
question_comb_9336,0,0,0.0057608555,0,3.2386542e-05,0,0.0005055464,1,1,1,Other,Visual Understanding,Unknown,"Is he building a regular castle-shaped sandcastle, not an hourglass?",No; he's not building a regular castle-shaped sandcastle; He is not constructing a castle-shaped sandcastle.,"You are absolutely right! The image depicts a man building a **sandcastle** in the shape of a castle, not an hourglass. 

The large hourglass in the background is a symbolic element representing the passage of time, which is a common theme in this kind of artistic imagery. The man's efforts to build the sandcastle are juxtaposed with the relentless flow of sand in the hourglass, highlighting the fleeting nature of time and the impermanence of creations.



Let me know if you'd like to explore the symbolism of the image further!"
question_comb_695,0,0,0.13272887,0,0.00014397787,0,0.0015675275,1,1,1,Object-Related,Visual Understanding,Unknown,Is there a spoon in the image?,no,"No, there is no spoon in the image. There are two cats sitting on a toilet and a bathtub, with a colorful shower curtain in the background."
question_comb_3265,0,0,7.1983995e-05,0,4.1719577e-05,0,9.229295e-06,1,1,1,Other,Text & OCR,Unknown,How many deers are there in the forest?,We cannot tell; Based on this image don't know as the image doesn't show the whole forest; Cannot tell as the image only show few deers.,"Based on the image, I can see **five** deer in the forest. They are a group moving through the vegetation."
question_comb_6016,0,0,3.244014e-05,0,7.8521705e-05,0,1.7357446e-05,1,1,1,Object-Related,Attribute Recognition,Unknown,How many people are playing the violin?,One; one person is playing a violin; Only one,"Based on the image, it appears that **three** people are playing the violin. They are seated in the middle of the scene, and you can see their instruments and bows."
question_comb_6091,0,0,0.0010978223,0,0.00023398719,0,0.00012814363,1,1,1,Object-Related,Visual Understanding,Unknown,Is there a skis in the image?,no,"No, there are no skis in the image. The image shows a baseball player swinging a bat during a game."
question_comb_3717,0,0,0.0020717406,0,0.028110461,0,0.0,1,1,1,Other,General QA,Unknown,Describe this image.,"sky, cloud, mountain, bus, road, tree, grass, desert","Here's a description of the image:

**Overall Impression:**

The image captures a scenic road trip moment. Two vintage Volkswagen vans, one yellow and one orange/brown, are driving along a winding road through a mountainous, arid landscape. The scene evokes a sense of adventure, freedom, and nostalgia.

**Detailed Description:**

*   **Vehicles:** The focal point of the image is the two VW vans. They appear to be classic models, likely from the 1970s or earlier. The orange/brown van has a luggage rack on top and the word ""WESTERN AUSTRALIA"" painted on the back. The yellow van is slightly ahead and partially obscured.
*   **Road:** The vans are driving on a well-maintained asphalt road with bright yellow double lines marking the center. The road curves gently into the distance.
*   **Landscape:** The backdrop is a rugged, mountainous terrain. The hills are dry and sparsely vegetated, with"
question_comb_4854,0,0,8.440533e-07,0,1.8529769e-06,0,0.00011618383,1,1,1,Other,Visual Understanding,Unknown,Is the scarf around the mouse's neck blowing in the wind?,No; the scarf around the mouse's neck is not blowing in the wind; the scarf is not blowing.,"Based on the image, it appears the scarf around the mouse's neck is indeed blowing in the wind. 

Here's what suggests that:

*   **The way it's draped:** The scarf isn't neatly folded or straight. It has a dynamic, flowing shape.
*   **Snowflakes:** There are snowflakes caught on the scarf, which would be more likely if it were moving in the wind.
*   **Overall scene:** The snowy, wintery setting implies a windy environment.



Let me know if you'd like me to analyze any other details in the image!"
question_comb_5972,0,0,0.4600922,1,0.5354687,0,0.005673267,1,0,1,Attribute-Related,Attribute Recognition,Unknown,Is the mountain short in this image?,"y, e, s","No, the mountain is not short in the image. It appears quite tall and imposing in the background. The perspective of the photo, with the path leading towards the mountain, might create an illusion of it being closer and therefore shorter, but it's actually a substantial mountain range.



The mountains in the image are likely the Twelve Apostles, a well-known mountain range in Cape Town, South Africa."
question_comb_3056,0,0,0.1762221,0,0.0034893153,0,0.0009977991,1,1,1,Relationship,Spatial Reasoning,Unknown,Is there direct contact between the lamp and table?,"y, e, s","Based on the image, it appears there is direct contact between the lamp and the table. The base of the lamp is resting on the surface of the table."
question_comb_4987,0,0,0.009496149,0,0.00020421503,0,0.00011603203,1,1,1,Attribute-Related,Attribute Recognition,Unknown,Is there one football in this image?,"y, e, s","Yes, there is one football (soccer ball) in the image. It's located in front of the young man who is dribbling it."
question_comb_3107,1,0,0.3986608,0,0.24208733,0,0.34084782,0,0,0,Other,Math & Calculation,Unknown,"According to the metal number chart of 2008 beijng olympic, does Russia have the most gold metals, followed by China and USA?",no,"Let's analyze the data from the chart to determine which country had the most gold medals.

According to the chart:

*   **China:** 23 Gold Medals
*   **United States:** 36 Gold Medals
*   **Russian Federation:** 23 Gold Medals

Therefore, the **United States** had the most gold medals (36), followed by China and Russia (both with 23).

So, the statement ""Russia has the most gold metals, followed by China and USA"" is **incorrect**."
question_comb_8934,0,0,0.0022650182,0,9.756615e-05,0,0.0061735986,1,1,1,Relationship,Spatial Reasoning,Unknown,Is there direct contact between the dog and desert?,"y, e, s","Yes, there is direct contact between the dog and the desert. The dog is standing on the sand dune, and its paws are clearly touching the sand."
question_comb_5317,0,0,0.0054190503,0,3.9345963e-05,0,7.9625e-05,1,1,1,Object-Related,Attribute Recognition,Unknown,How many bags is the child carrying?,"The child is carrying two bags, one on their back and the other in their hand.","Based on the image, the child is carrying **two** bags. 

*   One is a larger backpack.
*   The other is a smaller bucket-like bag hanging from their hand.



Let me know if you'd like to ask about anything else in the image!"
question_comb_101,0,0,0.12817734,0,0.0013389144,0,5.7790917e-06,1,1,1,Relationship,Spatial Reasoning,Unknown,Is there direct contact between the man and surfboard?,"y, e, s","Yes, based on the image, there is direct contact between the man and his surfboard. He is standing on the board and appears to be actively riding the wave."
question_comb_799,0,0,0.21102397,0,6.3300206e-05,0,4.747009e-05,1,1,1,Relationship,Spatial Reasoning,Unknown,Is there direct contact between the woman and forest?,"n, o","Based on the image, there is no direct contact between the person (who appears to be a man, not a woman) and the forest. 

Here's why:

*   **The person is on a paved path:** The individual is running on a paved path that separates them from the forest.
*   **Vegetation buffer:** There's a strip of grass and other vegetation between the path and the forest, further preventing direct contact.



Therefore, the person is running alongside the forest, but not in direct contact with it."
question_comb_1110,0,0,0.00033808095,0,0.0004976964,0,5.3089334e-06,1,1,1,Object-Related,Attribute Recognition,Unknown,How many people are in the car?,We don't see anyone in the car; There are no visible people in the car; We cannot see anybody in this image,"Based on the image, it's difficult to say for sure how many people are in the car. However, we can see silhouettes in the windshield, suggesting there are at least **two** people inside. It's possible there are more, but the details are obscured."
question_comb_5817,0,0,0.16470756,0,0.31805515,0,0.00019580216,1,1,1,Attribute-Related,Attribute Recognition,Unknown,Is the fence tall in this image?,"y, e, s","No, the fence in the image does not appear to be tall. It's a picket fence, and picket fences are generally short. In this image, the person riding the bike is significantly taller than the fence."
question_comb_1976,0,0,0.0042731944,0,0.0001152944,0,1.5034361e-06,1,1,1,Other,Text & OCR,Unknown,How many surfers are in the water?,There are no surfers in the water that we can see; The image does not show any surfers in the water; We cannot see any surfers,"Based on the image, I can count **4 surfers** in the water. They appear as small figures riding the waves near the shore."
question_comb_547,0,0,0.3904255,0,0.45255166,0,0.19426414,1,1,1,Other,General QA,Unknown,"According to the image, is New York the only U.S. state that shares a border with Lake Huron?",no,"No, according to the image, New York is not the only U.S. state that shares a border with Lake Huron. Michigan also shares a border with Lake Huron."
question_comb_3676,0,0,0.002756559,0,0.000522417,0,8.5507796e-05,1,1,1,Other,Attribute Recognition,Unknown,Does the person run in this image?,"n, o","No, there is no person running in the image. There is a person visible in the driver's cab of the train, but they are not running."
question_comb_2798,0,0,2.6487813e-05,0,0.000109997956,0,3.40121e-05,1,1,1,Other,Visual Understanding,Unknown,What is on the wall?,There is a photo; There is a photo for child who has two different eyes; There is a photo of a toy like child,"Based on the image, there is a framed portrait of a baby on the wall. The portrait appears to be in black and white and shows a baby wearing a sweater."
question_comb_6676,0,0,0.30535144,0,0.24774067,0,0.00037444706,1,1,1,Other,Text & OCR,Unknown,Is this movie originated from the country or region of usa? Please answer yes or no.,Yes,"Yes.



The movie ""The Boondock Saints"" is an American film."
question_comb_2778,0,0,1.17636355e-05,0,2.2293798e-05,1,0.656097,1,1,0,Other,Text & OCR,Unknown,Are there anyone behind the stage?,We cannot tell as the back view of the stage is not visible; Cannot tell based on this image: Don't know as the image shows front view of the stage.,"Based on the image, it appears there are people behind the stage. They are partially obscured by the trees and the structure of the stage itself, but their presence can be discerned."
question_comb_1117,0,0,0.035003323,0,0.000109084816,0,0.0071614254,1,1,1,Other,Text & OCR,Unknown,Is this movie originated from the country or region of japan? Please answer yes or no.,No,"No.



The movie ""Planet of the Apes"" originated from the United States."
question_comb_6260,0,0,0.38432086,0,3.9097395e-06,0,0.0032881391,1,1,1,Relationship,Spatial Reasoning,Unknown,Is there direct contact between the dog and grass?,"y, e, s","Yes, there is direct contact between the dog and the grass. The dog is sitting in the grass, and its body is touching the blades."
question_comb_7120,0,0,0.00024442593,0,0.10649315,0,0.0018847138,1,1,1,Other,Text & OCR,Unknown,Is this movie titled the wolf of wall street (2013)? Please answer yes or no.,Yes,Yes.
question_comb_1017,0,0,0.21519704,0,0.016853373,0,0.00035816064,1,1,1,Relationship,Spatial Reasoning,Unknown,Is there direct contact between the wall and bicycle?,"n, o","Based on the image, it appears there is **no direct contact** between the wall and the bicycle. The bicycle is leaning against the floor, and the wall is behind it, but there's a clear gap between the handlebars and the wall."
question_comb_710,0,0,0.0021157146,0,0.000679195,0,3.8331418e-08,1,1,1,Other,Math & Calculation,Unknown,Find the area of the parallelogram. Round to the nearest tenth if necessary.,,"Here's how to find the area of the parallelogram:

**Understanding the Formula**

The area of a parallelogram is given by:

Area = base * height

**Identifying the Base and Height**

*   **Base:** We are given the base as 12 cm.
*   **Height:** The height is the perpendicular distance between the base and the opposite side. We can find the height using trigonometry.

**Finding the Height**

1.  **Use the angle and the side:** We know one side of the parallelogram is 20 cm and the angle between the base and that side is 60 degrees.
2.  **Trigonometry:**  We can use the sine function to find the height:
    *   sin(60°) = height / 20 cm
    *   height = 20 cm * sin(60°)
    *   height ≈ 20 cm * 0.8"
question_comb_7784,0,1,0.64423007,0,0.00022657239,0,0.15759495,0,1,1,Object-Related,Visual Understanding,Unknown,Is there an orange in the imange?,yes,"Yes, there are oranges in the image. You can see them mixed in with the apples in the foreground."
question_comb_3895,0,0,1.4872091e-06,0,0.0014724924,0,3.224666e-05,1,1,1,Object-Related,Attribute Recognition,Unknown,How many tires are visible in the picture?,There are 4 tires visible in the picture; Four tires are visible in the picture; The picture contains four tires which are visible,"Let's count the tires visible in the image:

*   **Four tires** are attached to the vehicle.
*   **Three additional tires** are lying on the ground nearby.

Therefore, there are a total of **7 tires** visible in the picture."
question_comb_1478,1,0,0.23630501,1,0.50377935,1,0.96450835,0,1,1,Object-Related,Visual Understanding,Unknown,Is there a cloud in this image?,"n, o","Yes, there is a cloud in the image. It's visible in the sky above the ocean and the mountains in the background. The sky appears overcast, suggesting a cloudy day."
question_comb_5303,0,0,0.0064493218,0,7.760683e-05,0,0.0012599115,1,1,1,Relationship,Spatial Reasoning,Unknown,Is there direct contact between the bus and person?,"y, e, s","Based on the image, it does not appear there is direct contact between the bus and the person. The person is standing a few feet away from the bus, and there's a clear space between them."
question_comb_7687,0,0,0.010237101,0,1.8380997e-05,0,0.00019200804,1,1,1,Object-Related,Visual Understanding,Unknown,Is there a mirror in this image?,"n, o","No, there is no mirror in the image. The cat is curled up inside a white sink."
question_comb_1896,0,0,0.00023406597,0,5.15714e-05,0,0.0005885586,1,1,1,Other,Visual Understanding,Unknown,Is the cityscape devoid of neon lights during the day?,"No, the cityscape is not devoid of neon lights during the day; The cityscape is not devoid of neon lights; No, it is not devoid of neon lights.","Based on the image, it's clear that the cityscape is illuminated with vibrant neon lights. However, the image was taken at night. 

Therefore, the cityscape is **not** devoid of neon lights during the day. The image simply captures the scene at night when the neon lights are most prominent and visible. During the day, the neon lights would likely be less noticeable due to the natural light."
question_comb_1490,0,0,0.0031930946,0,9.375134e-06,0,3.501711e-05,1,1,1,Attribute-Related,Attribute Recognition,Unknown,Are there two shoes in this image?,"n, o","No, there is only one shoe in the image. It's a black slipper that a kitten is curled up next to."
question_comb_3885,0,0,0.0020923694,0,0.00013079062,0,0.0014847536,1,1,1,Relationship,Spatial Reasoning,Unknown,Is there direct contact between the sign and grass?,"y, e, s","Yes, based on the image, there appears to be direct contact between the sign and the grass. The bottom of the sign post is embedded in the grassy area."
question_comb_2197,0,0,6.866491e-05,0,0.0003261589,0,1.1032398e-05,1,1,1,Object-Related,Attribute Recognition,Unknown,How many fish are there?,There are no fish present ; There are no fish; I don't see any fish in the photo,"Based on the image, there are **no fish** present. The image features jellyfish, not fish."
question_comb_4953,0,0,0.00038750126,0,0.0029312102,0,1.1738813e-05,1,1,1,Other,Spatial Reasoning,Unknown,What is the age gap between these two people in image?,,"Let's estimate the age gap between the two people in the image.

*   **Woman (left):** She appears to be in her late 50s or early 60s.
*   **Man (right):** He looks to be in his late 20s or early 30s.

Therefore, the age gap between them is likely around **25-35 years**.

**Note:** This is just an estimation based on visual assessment."
question_comb_9243,0,0,0.27149767,0,0.035844225,0,6.83467e-05,1,1,1,Other,General QA,Unknown,Describe this image.,"sky, cloud, forest, grass, woman, toy, frisbee, ground, road","Here's a description of the image:

**Overall Impression:**

The image shows a woman throwing a blue frisbee in a large, grassy park on a sunny day. It has a relaxed, recreational feel.

**Detailed Description:**

*   **Subject:** A young woman with long, reddish-brown hair is the main focus. She's wearing a blue t-shirt, white capri pants, and sandals. She's in mid-throw, with her arm extended forward and her body slightly angled. She has a focused expression on her face.
*   **Frisbee:** A bright blue frisbee is in mid-air, just in front of her.
*   **Setting:** The scene is a spacious park with a large, open grassy area. There are numerous trees scattered throughout the background, creating a natural, park-like setting. A paved pathway curves through the grass.
*   **Lighting & Weather:** The lighting is bright and"
question_comb_9879,0,0,0.0012390086,0,0.00024877908,0,4.5442152e-06,1,1,1,Object-Related,Attribute Recognition,Unknown,How many people are holding guitars?,One; One person is holding the guitar; Only One,"Based on the image, it appears that **one** person is holding a guitar. It's the individual silhouetted against the sunset, clearly playing a bass guitar."
question_comb_7924,0,0,0.0011090898,0,0.0015102021,0,1.4264526e-05,1,1,1,Object-Related,Attribute Recognition,Unknown,How many cats are in the image?,There are no cats in the image; No cats are visible in the image; We can not see any cats in the image,There are no cats in the image. The image shows three clowns standing in front of what appears to be an industrial facility.
question_comb_2818,0,0,0.0015931111,0,0.00017600786,0,0.0017984299,1,1,1,Object-Related,Visual Understanding,Unknown,Is there a person in this image?,"n, o","No, there is no person in the image. The image shows a zebra standing in a grassy area with trees in the background."
question_comb_3227,0,0,0.00020016285,0,4.848805e-07,0,0.00055056385,1,1,1,Object-Related,Visual Understanding,Unknown,Is there a knife in this image?,"n, o","No, there is no knife in the image. The image shows a bowl filled with various fruits like oranges, a lime, an apple, and a lemon."
question_comb_8523,1,0,0.013813313,0,0.02530016,0,0.07995576,0,0,0,Other,Knowledge & Identity,Unknown,Is the person inside the red bounding box called Michael Keaton? Please answer yes or no.,Yes,"No. The person in the image is Michelle Pfeiffer, who played Catwoman in the 1992 film *Batman Returns*. Michael Keaton played Batman in that film."
question_comb_111,0,0,1.758385e-05,0,4.70887e-05,0,1.4031597e-05,1,1,1,Other,Visual Understanding,Unknown,Is the figure in the image casting a shadow to the viewer's left or right?,to the right; The shadow is cast to the viewer's right; The shadow is on the right side of the image,"Based on the image, the figure is casting a shadow to the **viewer's left**. 

Here's how we can tell:

*   **Light Source:** The light appears to be coming from the right side of the image.
*   **Shadow Direction:** Shadows are cast opposite the light source. Therefore, the shadow extends to the left of the figure.



Let me know if you'd like to analyze anything else about the image!"
question_comb_5665,0,0,0.00035711357,0,0.012325978,0,5.7239533e-05,1,1,1,Object-Related,Attribute Recognition,Unknown,How many walls are visible in this image?,There are 2 walls visible in this image; I can see 2 walls; 2,"Based on the image, we can see **four** walls. 

Here's the breakdown:

*   **Two** walls form the sides of the room.
*   **One** wall forms the back of the room.
*   **One** wall is visible through the rectangular opening in the back wall.



Let me know if you'd like to try another visual puzzle!"
question_comb_8184,0,0,1.4116611e-05,0,7.450813e-07,0,3.4998561e-06,1,1,1,Other,Text & OCR,Unknown,What is the brand of the dress?,The brand of dress is not visible in the image; I can not tell the brand of dress from the image; We don't know the brand of the dress; don't know,"Based on the image, the dress is by **Iris van Herpen**. 

This is a well-known creation from her ""Sensory Silhouette"" collection. Iris van Herpen is a Dutch fashion designer known for her avant-garde and technologically innovative designs, often incorporating 3D printing and unconventional materials. The balloon-like structure of the dress is a signature element of her work."
question_comb_9923,0,0,4.90007e-05,0,0.00028408697,0,4.4262083e-06,1,1,1,Object-Related,Attribute Recognition,Unknown,How many people are in the car?,There are no people in the car; None; Zero,"Based on the image, it appears there are **no people** visible inside the car. The windows are obscured by moss and vegetation, but there's no indication of anyone being present."
question_comb_4313,0,0,0.0026899457,0,7.175803e-05,0,1.0899668e-05,1,1,1,Relationship,Spatial Reasoning,Unknown,Is there direct contact between the person and snow?,"n, o","No, there is no direct contact between the person and the snow. The person is standing on a snowboard, which is acting as a barrier between them and the snow."
question_comb_4124,0,0,0.00012830857,0,4.9677903e-05,0,0.036287725,1,1,1,Object-Related,Visual Understanding,Unknown,Is there a dining table in the image?,yes,"Yes, there is a dining table in the image. The pizza is sitting on a dark-colored surface that appears to be a table."
question_comb_9839,0,0,0.003109437,0,1.757753e-05,0,2.9166351e-05,1,1,1,Attribute-Related,Attribute Recognition,Unknown,Is there one dog in this image?,"y, e, s","Yes, there is one dog in the image. It's a light-colored dog standing on the beach in the foreground."
question_comb_7294,0,0,0.27149767,1,0.54567355,0,0.00019236247,1,0,1,Attribute-Related,Attribute Recognition,Unknown,Is the cloud black in this image?,"n, o","No, the clouds in the image are not black. They appear to be white and gray, typical of a partly cloudy sky."
question_comb_49,0,0,0.16019464,0,3.0173023e-05,0,0.00057057885,1,1,1,Attribute-Related,Attribute Recognition,Unknown,Is the wall reddish-brown in this image?,"y, e, s","Yes, the wall in the image appears to be reddish-brown. It has a warm, earthy tone that leans towards a terracotta or rust color."
question_comb_7950,0,0,0.25969207,0,3.8654653e-05,0,0.008597028,1,1,1,Relationship,Spatial Reasoning,Unknown,Is there direct contact between the toothbrush and toy?,"y, e, s","Yes, based on the image, there is direct contact between the toothbrush and the toy. The toothbrush is being held in the toy's paw."
question_comb_4049,0,0,0.0020474624,0,0.0020056674,0,0.029850831,1,1,1,Attribute-Related,Attribute Recognition,Unknown,Is the grass lively in this image?,"y, e, s","Yes, the grass in the image appears lively. Here's why:

*   **Color:** The grass is a vibrant, bright green, indicating it's healthy and well-nourished.
*   **Texture:** It looks lush and full, with visible blades and a slightly uneven texture, suggesting it's not recently mowed or overly manicured.
*   **Movement:** While we can't see it directly, the slight variations in the grass suggest a gentle breeze, which would make it sway and appear lively.



Overall, the image conveys a sense of a healthy and thriving grassy area."
question_comb_8195,0,0,0.13293049,0,9.280132e-28,1,0.9218853,1,1,0,Object-Related,Visual Understanding,Unknown,Is there a sun in this image?,"n, o","Yes, there is a sun in the image. While it's not directly visible, the bright, clear sky and the strong shadow cast by the person indicate that the sun is present and shining."
question_comb_3492,0,0,0.0018906711,0,0.00046554135,0,0.00067372323,1,1,1,Other,Visual Understanding,Unknown,Is there a vivid holographic display of a book in front of him?,"no, there isn't a vivid holographic display of a book in front of him; no; no, there is not a vivid holographic display of a book","Let's analyze the image to see if there's a vivid holographic display of a book in front of the boy.

**Based on the image, there is no clear indication of a holographic display of a book.**

Here's what I observe:

*   **The focus is on the cityscape:** The primary visual element is the expansive, futuristic city view.
*   **Objects on the floor:** There are various objects on the floor in front of the boy, including what appears to be a wooden block, a ball of yarn, and some boxes. These are physical objects, not holographic projections.
*   **No visible projection:** There's no visible light source, shimmering effect, or other visual cues that would suggest a holographic projection of a book or any other object.

While the setting is futuristic, the scene seems to emphasize a sense of groundedness and perhaps a contrast between the boy's simple surroundings and the advanced world outside.



Therefore, the"
question_comb_9191,0,0,0.01141603,0,6.66201e-06,0,7.944013e-06,1,1,1,Object-Related,Visual Understanding,Unknown,Is there a sun in this image?,"n, o","No, there is no visible sun in the image. The sky is overcast and cloudy."
question_comb_4321,0,0,0.00012175393,0,1.6491036e-07,0,7.205727e-05,1,1,1,Object-Related,Visual Understanding,Unknown,Is there a light in this image?,"n, o","No, there is no visible light source or light fixture in the image. The scene is lit by natural light, likely sunlight, which is creating some shadows on the wooden deck and the bench."
question_comb_8818,1,0,0.18106948,0,0.00015285533,0,0.32022902,0,0,0,Other,Temporal & Video,Unknown,"The temperature decreases. According to the positive sequence of the images, are they in the correct order?",no,"Let's analyze the images and the temperature readings to determine if the order is correct.

**Observations:**

*   **Image 1:** Thermometer reads approximately 35°C. The particles (blue circles) appear to be moving relatively fast and are spread out.
*   **Image 2:** Thermometer reads approximately 20°C. The particles are moving slower and are closer together than in Image 1.
*   **Image 3:** Thermometer reads approximately 5°C. The particles are moving very slowly and are tightly packed.

**Analysis:**

The temperature is decreasing in each image. The particles are also slowing down and getting closer together, which is consistent with a decrease in temperature.

**Conclusion:**

Yes, the images are in the correct order. As the temperature decreases, the particles slow down and move closer together."
question_comb_159,0,0,0.0027475867,0,2.6515108e-05,0,2.6719615e-06,1,1,1,Object-Related,Visual Understanding,Unknown,Is the sky filled with flying embers that are descending onto the tiger and the girl instead of a fire?,No; the sky is not filled with flying embers that are descending onto the tiger and the girl; there is no descent of flying embers onto the tiger and the girl from the sky,"You're very perceptive! Yes, it appears the sky is filled with **flying embers** rather than actual fire. 

Here's why I say that:

*   **Color and Shape:** The particles in the sky are small, individual points of light, resembling embers. They're not the continuous, flowing form of fire.
*   **Descending Motion:** They seem to be falling downwards, which is characteristic of embers drifting from a source.
*   **Overall Tone:** The scene has a slightly melancholic and ethereal feel, which aligns more with the imagery of falling embers than a raging fire.

It's a beautiful and evocative detail that adds to the overall atmosphere of the image!



Let me know if you'd like to analyze any other aspects of the artwork."
question_comb_7161,0,0,3.051154e-05,0,4.114114e-06,0,4.1797666e-05,1,1,1,Other,Text & OCR,Unknown,How many tigers are there in the picture?,There are no tigers visible; The picture is not showing any tiger; There are no tigers present in the picture,"There are no tigers in the picture. The image shows a whimsical scene inside a glass globe featuring rabbits, a tiny camper, and a miniature landscape."
question_comb_7492,0,0,0.0087408135,0,5.3462204e-06,0,0.011190751,1,1,1,Other,Knowledge & Identity,Unknown,Is the actor inside the red bounding box called Richard Rohrbough? Please answer yes or no.,No,"No.

The actor in the image is Patrick Stewart."
question_comb_2951,0,0,0.113652825,0,0.008519134,0,0.0023726118,1,1,1,Other,Knowledge & Identity,Unknown,Is the actor inside the red bounding box called Juan Gabriel Pareja? Please answer yes or no.,No,"No.

The actor in the red bounding box is Nicolas Cage."
question_comb_9759,0,0,0.0004953841,0,0.0019072373,0,0.00011193783,1,1,1,Relationship,Spatial Reasoning,Unknown,Is there direct contact between the woman and ship?,"y, e, s","Based on the image, there is no direct contact between the women and the ship (kayak). They are sitting inside the kayak, which is floating on the water."
question_comb_3500,0,0,0.03592954,0,2.7870547e-05,0,0.013123432,1,1,1,Other,Knowledge & Identity,Unknown,Is the actor inside the red bounding box named Ernie Adams? Please answer yes or no.,No,"No.

The actor inside the red bounding box is Carrie Fisher, who played Princess Leia. Ernie Adams was a different actor known for his roles in various Star Wars productions, but not the character in the image."
question_comb_6485,0,0,3.3912023e-05,0,5.7458128e-05,0,4.827502e-06,1,1,1,Other,Visual Understanding,Unknown,What shape is the light casting on the back wall.,Rectangle; There is a white rectangle on the back wall; The light is casting a rectangle shape on the back wall,"Based on the image, the light casting on the back wall appears to be a **trapezoid** shape. 

Here's why:

*   **Angle of the light:** The light is coming in at an angle from the window.
*   **Wall geometry:** The wall is perpendicular to the floor, creating a slanted edge for the light to hit.
*   **Shape formed:** This combination results in a four-sided shape with one pair of parallel sides, which is the definition of a trapezoid.



Let me know if you'd like me to analyze any other aspects of the image!"
question_comb_4583,1,0,0.30142415,0,0.00030206173,0,0.33138064,0,0,0,Other,Knowledge & Identity,Unknown,Is the person inside the red bounding box called Arthur Birnbaum? Please answer yes or no.,No,Yes.
question_comb_4846,0,0,0.011105956,0,0.006849695,0,0.0028081895,1,1,1,Attribute-Related,Attribute Recognition,Unknown,Are there two balls in this image?,"n, o","No, there appears to be only one ball in the image. It's being held in the mouth of the dog on the right."
question_comb_8283,0,0,0.00012557654,0,0.0041734576,0,0.12505844,1,1,1,Relationship,Spatial Reasoning,Unknown,Is there direct contact between the forest and grass?,"y, e, s","Based on the image, it appears there is **direct contact** between the forest and the grass. 

The trees form a line of forest, and the grass extends right up to the base of those trees. There doesn't seem to be a clear boundary or a significant gap between the two."
question_comb_2957,0,1,0.536884,0,2.4201674e-05,0,0.4915607,0,1,1,Other,Knowledge & Identity,Unknown,Is the person inside the red bounding box named Stu Smith? Please answer yes or no.,No,"No.

The person in the red box is **Colonel Tom Paris** from the TV show *Stargate SG-1*."
question_comb_1172,0,0,0.00014942393,0,7.3103233e-06,0,3.529918e-05,1,1,1,Other,Visual Understanding,Unknown,"Is the planet in view Mars, with its distinct red hue?",No; The planet in view isn't Mars; It is not Mars with its distinct red hue.,"Let's analyze the image to determine if the planet is Mars.

**Here's what we can observe:**

*   **Color:** The planet in the image has a reddish-brown hue, which is characteristic of Mars.
*   **Surface Features:** It appears to have some surface details, though they are not incredibly sharp. Mars does have a distinctive surface with canyons, volcanoes, and polar ice caps.
*   **Overall Appearance:** The planet's size and position in the sky are consistent with how Mars would appear from a location in space.

**Conclusion:**

Based on the reddish-brown color and general appearance, it is **highly likely** that the planet in the image is intended to be Mars.

**Important Note:** It's worth remembering that this is a stylized, artistic rendering. The colors and details might be exaggerated for aesthetic purposes."
question_comb_2144,0,0,0.00015826485,0,2.2927265e-05,0,3.5466066e-05,1,1,1,Object-Related,Visual Understanding,Unknown,"Does the image depict a woman with long, flowing hair that is made of water?","No; the image does not depict a woman with long, flowing hair that is made of water; the image does not","Yes, the image strongly suggests that the woman's long, flowing hair is made of water. Here's why:

*   **Visual Texture:** The hair has a fluid, wavy texture that mimics the movement and appearance of water.
*   **Color Palette:** The hair's color blends seamlessly with the surrounding water, further reinforcing the idea that it's not solid hair but rather a manifestation of water.
*   **Integration with the Environment:** The hair appears to be interacting with the water around her, swirling and blending as if it's a natural part of the ocean.
*   **Overall Aesthetic:** The artwork has a fantastical, ethereal quality, which aligns with the concept of a being whose hair is composed of water.



It's a beautiful and evocative depiction!"
question_comb_4729,0,0,0.00077277794,0,2.341956e-07,0,3.644168e-05,1,1,1,Object-Related,Attribute Recognition,Unknown,How many ships are there in the picture?,There are no ships visible in the picture; No ships are visible in the picture; No ships are visible,"Based on the image, there are **no ships** visible. 

The image depicts a door submerged underwater, with fish swimming around it. There are no ships present in the scene."
question_comb_5193,0,0,1.0614635e-05,0,0.0003649745,0,0.019993354,1,1,1,Object-Related,Visual Understanding,Unknown,Is there a truck in the image?,yes,"Yes, there is a truck in the image. It's a fuel truck labeled ""Northstar Air Express"" parked next to the airplane."
question_comb_2258,1,0,0.0025499188,0,7.4245227e-06,1,0.6815524,0,0,1,Object-Related,Visual Understanding,Unknown,Is there a sports ball in the image?,yes,"No, there is no sports ball visible in the image. The image shows a tennis player holding a tennis racket on a tennis court."
question_comb_6966,0,0,1.765151e-05,0,0.06321265,0,0.005349179,1,1,1,Other,Knowledge & Identity,Unknown,Does this artwork belong to the type of still-life? Please answer yes or no.,No,"No.



**Reason:**

Still-life paintings primarily depict inanimate objects like fruits, flowers, or household items. This artwork shows a scene with people and architecture, depicting a historical or narrative event. It's a genre painting, not a still-life."
question_comb_663,0,0,0.008504348,0,0.011098432,0,0.016419435,1,1,1,Attribute-Related,Attribute Recognition,Unknown,Is the mountain tall in this image?,"n, o","No, the ""mountain"" in the image is actually a large sand dune. It's not a tall mountain in the geological sense. It appears to be a gentle slope covered in vegetation."
question_comb_3759,0,0,0.0020137948,0,0.00045196075,0,0.00043587855,1,1,1,Relationship,Spatial Reasoning,Unknown,Is there direct contact between the cup and plate?,"y, e, s","Yes, based on the image, there appears to be direct contact between the cup and the saucer (plate). You can see the cup sitting directly on the saucer, with no visible gap between them."
question_comb_3224,1,0,0.18106948,0,0.001590723,0,0.4144006,0,0,0,Other,Temporal & Video,Unknown,"According to the positive sequence of the images, does the temperature decrease?",no,"Let's analyze the images to determine if the temperature decreases.

**Understanding the Images**

*   **Thermometer:** The thermometer shows the temperature in degrees Celsius.
*   **Particles:** The blue circles represent particles (likely molecules) within a substance. The arrangement of these particles gives us an idea of the substance's state (solid, liquid, gas) and its energy level.

**Analyzing the Sequence**

1.  **Image 1:** The thermometer reads around 35°C. The particles are relatively close together but still moving around, suggesting a liquid state.
2.  **Image 2:** The thermometer reads around 15°C. The particles are closer together and more ordered than in the first image, suggesting a transition towards a solid state.
3.  **Image 3:** The thermometer reads around -5°C. The particles are tightly packed and arranged in a very regular pattern, indicating a solid state."
question_comb_6263,1,0,2.0106545e-06,0,4.4304597e-05,0,0.025830409,0,0,0,Attribute-Related,Attribute Recognition,Unknown,Are there four camels in this image?,"n, o","Yes, there are four camels in the image. You can clearly see them with people riding on them, moving across the sand dunes."
question_comb_5067,0,0,0.38218656,0,0.000146811,0,0.0063773617,1,1,1,Other,Knowledge & Identity,Unknown,Is the person inside the red bounding box named Jesse Ventura? Please answer yes or no.,Yes,Yes.
question_comb_9013,0,0,0.20341296,0,0.29465458,0,0.00036292343,1,1,1,Object-Related,Visual Understanding,Unknown,Is there a dog in this image?,"n, o","No, there is no dog in the image. The person is sitting on a chair that has a shape resembling a dog's silhouette, but it is just the design of the chair."
question_comb_194,0,0,0.23316985,0,0.00078756234,0,0.000113934606,1,1,1,Other,General QA,Unknown,Describe this image.,"sky, cloud, ship, sea, man","Here's a description of the image:

**Overall Impression:**

The image captures a dynamic moment of a person diving into the ocean. It's a bright, sunny day with a clear blue sky and a vibrant, textured sea. The composition focuses on the diver in mid-air, creating a sense of action and freedom.

**Detailed Description:**

*   **Subject:** A person is captured in the middle of a dive. They are upside down, with their legs extended upwards and arms raised. They are wearing a dark-colored swimsuit with a subtle pattern. A wristwatch is visible on their left wrist.
*   **Setting:** The scene is set in the ocean. The water is a deep blue with visible waves and ripples, indicating a slight breeze. In the background, there are a few boats visible on the horizon.
*   **Sky:** The sky is a clear, bright blue with a few scattered white clouds.
*   **Lighting:** The lighting"
question_comb_7770,0,0,0.0003441587,0,1.9390942e-05,0,1.9608574e-07,1,1,1,Attribute-Related,Attribute Recognition,Unknown,What color are the pipes on the wall?,White.; They are white.; The tubes on the wall are white.,"Based on the image, the pipes on the wall are **white**."
question_comb_64,0,0,3.8456583e-05,0,5.4350376e-06,0,5.8330355e-05,1,1,1,Relationship,Spatial Reasoning,Unknown,Is there direct contact between the cup and lemon?,"y, e, s","Based on the image, it appears there is **direct contact** between the glass and the lemon slice. The lemon slice is resting against the inside of the glass."
question_comb_9443,0,0,0.0046606166,0,0.00030873076,0,1.1710523e-05,1,1,1,Other,Math & Calculation,Unknown,Express the ratio of $\sin P$ as a decimal to the nearest hundredth.,,"Let the triangle be $\triangle PQR$. We are given that $PR = 8$, $QR = 15$, and $PQ = 17$. Since $\angle R = 90^\circ$, $\triangle PQR$ is a right triangle with hypotenuse $PQ$.
We want to find $\sin P$. In a right triangle, the sine of an angle is the ratio of the length of the side opposite the angle to the length of the hypotenuse. In $\triangle PQR$, the side opposite $\angle P$ is $QR$, and the hypotenuse is $PQ$. Therefore,
$$ \sin P = \frac{QR}{PQ} = \frac{15}{17} $$
To express this as a decimal to the nearest hundredth, we divide 15 by 17:
$$ \frac{15}{17} \approx 0.88235294"
question_comb_6052,0,0,0.0016088501,0,1.9014517e-05,0,0.00041427958,1,1,1,Object-Related,Attribute Recognition,Unknown,What color is the guy's hat?,He does not have a hat; He is not wearing a hat; The guy in the picture is not wearing a hat,"Based on the image, the guy is not wearing a hat. He has dreadlocks. 

His shirt appears to be a muted olive green or khaki color."
question_comb_2458,0,0,0.00060355954,0,0.00065059855,0,0.00038786198,1,1,1,Other,General QA,Unknown,Does Turquoise have the minimum area under the curve?,,"Let's analyze the graph to determine if the Turquoise line has the minimum area under the curve.

**Understanding Area Under the Curve**

The area under a curve represents the integral of the function represented by the curve. In simpler terms, it's the total ""space"" occupied by the curve between two points on the x-axis.

**Visual Inspection**

Looking at the graph:

*   **Cornflower (Blue):** This line has a significant dip around x=35, which means a large negative area. It also has a peak around x=60.
*   **Turquoise (Cyan):** This line is consistently low and gradually increasing. It has a relatively small area under the curve.
*   **Medium Aqua (Orange):** This line is also relatively low and gradually increasing, but it's generally higher than the Turquoise line.

**Conclusion**

Based on the visual inspection, **yes, the Turquoise line appears to"
question_comb_3962,0,0,0.0055394685,0,7.586545e-07,0,1.8101149e-06,1,1,1,Other,Visual Understanding,Unknown,Is the female character's armor fully covering and not revealing?,No; The female character's armor is not fully covering and revealing; The female character's armor is revealing.,"No, the female character's armor is **not** fully covering and is quite revealing. Here's a breakdown:

*   **Upper Body:** The armor covers her shoulders, chest, and upper arms, but leaves a significant portion of her chest exposed.
*   **Lower Body:** The armor is minimal, covering only parts of her hips and thighs, leaving much of her lower body bare.

The overall design emphasizes a revealing and stylized aesthetic rather than full coverage."
question_comb_5683,0,0,0.00053594727,0,0.00019457478,0,0.0026582933,1,1,1,Other,Visual Understanding,Unknown,"Is the shark hovering in mid-air, surrounded by spouting water?","No; the shark is not hovering in mid-air; the shark doesn't hover in mid-air, surrounded by spouting water","Yes, that's a very accurate observation! The image is a famous promotional still from the movie ""Jaws."" 

Here's why it appears that way:

*   **It's a model:** The shark is a mechanical model, not a real shark. This allows for the dramatic, impossible poses like this one.
*   **Suspension:** The model was suspended by wires and strategically positioned to create the illusion of it rising out of the water.
*   **Water effects:** The spouting water was added in post-production to enhance the effect and make it seem more realistic.

The image is a brilliant example of how special effects were used to create a terrifying and iconic scene!"
question_comb_296,0,0,1.1310566e-05,0,0.00034235464,0,5.023879e-07,1,1,1,Object-Related,Attribute Recognition,Unknown,How many owl's are hooting?,No owls; There aren't any owls; There are no owls in this image,"This is a trick question! The image shows a jellyfish, not an owl. Therefore, **zero** owls are hooting."
question_comb_8367,1,0,0.14868653,0,0.38849473,0,0.016938511,0,0,0,Other,Knowledge & Identity,Unknown,Does this image describe a place of shopping mall indoor? Please answer yes or no.,Yes,No. The image depicts a museum or natural history exhibit with preserved animal specimens in jars and a large turtle on display. It is not a shopping mall.
question_comb_3926,0,0,0.0019822216,0,1.31519055e-05,0,6.896149e-06,1,1,1,Attribute-Related,Attribute Recognition,Unknown,Is the grass withered in this image?,"n, o","No, the grass in the image does not appear withered. It looks green and healthy, although it might be a bit short."
question_comb_3553,0,0,0.0024297014,0,0.0018320209,0,8.364706e-05,1,1,1,Object-Related,Visual Understanding,Unknown,Is there a dog in this image?,"n, o","No, there is no dog in the image. The image shows a person skiing in a snowy landscape."
question_comb_1068,0,0,0.004025314,0,0.03456056,0,0.00012057857,1,1,1,Other,Math & Calculation,Unknown,"ABCD is a parallelogram. E is the midpoint, F is also a midpoint. Area of AFG = 10, Area of EGH = 3. What is Area CDH?",,"Here's how to solve this problem:

**Understanding the Properties**

*   **Parallelogram:** In a parallelogram, opposite sides are parallel and equal in length.
*   **Midpoint:** A midpoint divides a line segment into two equal parts.
*   **Area Relationships:** The area of a triangle is (1/2) * base * height.

**Let's use variables:**

*   Let the height of triangle AFG with base AG be h1.
*   Let the height of triangle EGH with base EG be h2.
*   Let the height of triangle CDH with base CH be h3.

**Given Information:**

*   Area of AFG = 10
*   Area of EGH = 3
*   E is the midpoint of BC, so BE = EC
*   F is the midpoint of AD, so AF = FD

**Reasoning:**

1.  **"
question_comb_9587,1,0,0.0011053003,0,1.5672547e-05,0,0.033418663,0,0,0,Other,Math & Calculation,Unknown,"According to the image, were Asians the largest population group in the United States in 2020, with Whites and African Americans as the second and third largest groups, respectively?",yes,"No, according to the image, Asians were the largest population group in the United States in 2020, but Whites and African Americans were not the second and third largest groups, respectively.

Here's the breakdown based on the pie chart:

*   **Asians:** 56.8% (Largest)
*   **Hispanic or Latino:** 19.6% (Second Largest)
*   **Black or African American:** 12.4% (Third Largest)
*   **White:** 5.7% (Fourth Largest)



So, the order is Asians, Hispanic or Latino, Black or African American, and then White."
question_comb_7309,0,0,0.000114281815,0,5.4628545e-06,0,2.4389788e-05,1,1,1,Object-Related,Attribute Recognition,Unknown,How many people are standing below the robot?,There is one person standing below the robot; One; The image shows one person standing below the robot,"Based on the image, there appears to be **one** person standing below the robot. They are a small figure in red, positioned to the left of the robot's legs."
question_comb_3793,0,0,0.13077392,0,0.012580785,0,0.0016294315,1,1,1,Object-Related,Visual Understanding,Unknown,Is there a fish in this image?,"n, o","No, there doesn't appear to be any fish visible in the image. The focus is on the cattle, the man, and the ocean waves."
question_comb_5275,0,0,0.16469525,0,2.9029712e-05,0,8.3657585e-05,1,1,1,Attribute-Related,Attribute Recognition,Unknown,Is the bicycle upright in this image?,"y, e, s","No, the bicycle in the image is not upright. It's leaning against the side of a dark-colored SUV."
question_comb_1277,0,0,0.0017954919,0,0.0014984595,0,8.7732675e-05,1,1,1,Other,General QA,Unknown,Describe this image.,"sea, beach, man, bird","Here's a description of the image:

**Overall Impression:**

The image captures a vibrant beach scene with a playful dynamic between a child in the water and a seagull on the sand. The bright blue water and sandy beach create a classic summer atmosphere.

**Detailed Description:**

*   **Foreground:** The foreground is dominated by a sandy beach. A single seagull stands prominently in the sand, facing the viewer. It has white plumage with a gray back and yellow beak.
*   **Midground:** A wave is crashing onto the shore, and a young boy is leaping out of the water as the wave breaks. He is wearing dark swim trunks and a black cap. Water droplets are visible in the air around him.
*   **Background:** The background is a clear, bright blue ocean. The water appears calm beyond the breaking wave.
*   **Composition:** The composition is interesting, with the seagull and the boy creating a visual contrast. The boy"
question_comb_9660,0,0,1.2868864e-08,0,2.2945422e-05,0,3.454473e-06,1,1,1,Other,Text & OCR,Unknown,What is the brand name of this wallet?,We can't answer; I don't know the brand name of this wallet; Based on the image cannot answer this question,"Based on the image, the brand name of the wallet appears to be **Slicct**. 

You can see the name ""Slicct"" printed on the pen that is clipped to the wallet. It's likely that Slicct is the brand for both the pen and the wallet."
question_comb_2619,0,0,0.00036119332,0,0.00025213815,0,2.434394e-05,1,1,1,Object-Related,Attribute Recognition,Unknown,What is the color of the bracelet on her right wrist?,There is no bracelet on her right wrist.; No bracelet is visible on her right wrist.; Her right wrist has no bracelet.,"Based on the image, the bracelet on her right wrist appears to be **blue**. It has a pattern of what looks like small, colorful hearts."
question_comb_9426,0,0,0.003975733,0,6.83971e-05,0,0.0004702756,1,1,1,Object-Related,Visual Understanding,Unknown,Is there a person in this image?,"n, o","No, there is no person visible in the image. The image shows a banana, a plate, a knife, and a colorful striped tablecloth."
question_comb_721,0,0,0.28474197,0,0.00043808212,0,0.0020270024,1,1,1,Other,Knowledge & Identity,Unknown,Is the actor inside the red bounding box called Brad Renfro? Please answer yes or no.,Yes,Yes.
question_comb_7712,0,0,3.179221e-05,0,1.3024321e-05,0,2.2993234e-07,1,1,1,Object-Related,Attribute Recognition,Unknown,How many spots does the blue fish have?,There is not a blue colored fish in the picture.,"Based on the image, the blue fish appears to have **6 spots**. 

It's a bit difficult to be certain due to the angle and some spots being partially obscured, but I can clearly see six distinct spots on its body."
question_comb_9378,0,0,9.574264e-06,0,1.4340321e-06,0,4.9478676e-06,1,1,1,Object-Related,Attribute Recognition,Unknown,How many soldiers are walinkg in the image?,Two soldiers.,"Based on the image, there are **two** soldiers visible. One is on the left side of the frame and the other is on the right."
question_comb_8434,0,0,0.23807962,0,0.4206754,0,0.00013140216,1,1,1,Object-Related,Visual Understanding,Unknown,Is there a forest in this image?,"n, o","No, there is no forest visible in the image. The image shows a full moon in a sky with clouds, with a pinkish-orange hue. It appears to be a nighttime or twilight scene."
question_comb_7994,0,0,1.600896e-05,0,0.00029778294,0,1.4984983e-05,1,1,1,Other,Text & OCR,Unknown,How many propellers are shown on the ship?,The ship's propellers are not visible within this image; No propellers can be seen here; The propellers of the ship are out of view,"Based on the image, there are **three** propellers visible on the ship. They are located at the stern (rear) of the vessel."
question_comb_8722,0,0,0.20997608,0,3.44941e-05,0,0.026822299,1,1,1,Other,Math & Calculation,Unknown,"According to the table, in 2021, did Germany have the highest GDP, followed by France and Italy?",yes,"Yes, according to the table, in 2021 Germany had the highest GDP (3.6 trillion Euros), followed by France (2.5 trillion Euros) and then Italy (1.8 trillion Euros)."
question_comb_2318,0,0,0.20446475,0,1.2408265e-05,0,0.00348668,1,1,1,Relationship,Spatial Reasoning,Unknown,Is there direct contact between the dog and floor?,"y, e, s","Yes, based on the image, there is direct contact between the dog and the floor. The dog is lying on the wooden floor."
question_comb_2492,0,0,3.6593376e-06,0,5.924048e-07,0,3.9640443e-05,1,1,1,Object-Related,Attribute Recognition,Unknown,How many people are sitting?,Two; Two people are sitting; Only two,"Based on the image, there are **two** people sitting. They are visible in the background, partially obscured by the woman in the foreground."
question_comb_1882,0,0,0.00020136384,0,2.0818854e-05,0,0.093534544,1,1,1,Relationship,Spatial Reasoning,Unknown,Is there direct contact between the man and racket?,"y, e, s","Yes, based on the image, there is direct contact between the man and the racket. He is holding the racket in his hands, ready to strike the ball."
question_comb_164,0,0,0.0028291766,0,7.022045e-05,0,0.055966,1,1,1,Relationship,Spatial Reasoning,Unknown,Is there direct contact between the forest and grass?,"y, e, s","Based on the image, it appears there is direct contact between the forest and the grass. The grass grows right up to the edge of the forest, with no clear barrier or separation between the two."
question_comb_3125,0,0,0.00085251057,0,0.001112406,0,0.0042628124,1,1,1,Object-Related,Visual Understanding,Unknown,Is there a dining table in the image?,no,"No, there is no dining table in the image. The image shows a group of people gathered around a motorcycle in what appears to be a parking lot outside a Harley-Davidson dealership."
question_comb_6394,0,0,2.2337914e-05,0,4.96346e-07,0,3.1401587e-06,1,1,1,Object-Related,Attribute Recognition,Unknown,How many spikes?,Six; Six spikes; Six spikes are present,"Based on the image, the Statue of Liberty's crown appears to have **7 spikes**."
question_comb_368,0,0,0.043497548,0,0.007523759,0,3.614269e-05,1,1,1,Object-Related,Visual Understanding,Unknown,Is there a dining table in the image?,no,"No, there is no dining table in the image. The image shows a group of people skiing or hiking in a snowy, mountainous landscape."
question_comb_2214,0,0,0.0016079037,0,2.3192806e-05,0,0.22482222,1,1,1,Attribute-Related,Attribute Recognition,Unknown,Is the grass rare in this image?,"n, o","Based on the image, the grass doesn't appear to be rare. It looks like a typical lawn or meadow grass mix, likely a blend of common species like fescue, bluegrass, or clover. 

Here's what leads me to that conclusion:

*   **Common Appearance:** The grass is green and healthy, with a fairly uniform texture. This is consistent with well-maintained common grass types.
*   **No Unusual Features:** There are no visible characteristics that would suggest a rare or unusual species.
*   **Habitat:** The setting (a park or lakeside area) is a common environment for these types of grasses.



Therefore, it's safe to say the grass in the image is not rare."
question_comb_5029,0,0,0.00011573169,0,2.3339267e-05,0,0.00010727087,1,1,1,Other,Knowledge & Identity,Unknown,I am going to play basketball. Is the shoe in the picture an appropriate choice? Please answer yes or no.,No,"No.



The shoe in the picture is a dress shoe, specifically a cap-toe Oxford. These are not suitable for basketball due to lack of support, cushioning, and traction."
question_comb_3275,0,0,1.0758638e-05,0,3.366928e-05,0,2.9354007e-06,1,1,1,Object-Related,Attribute Recognition,Unknown,How many plants are present in the image?,There are two plants present in the image.,"Based on the image, I can identify **three** distinct clumps of plants. 

Here's what I see:

*   **One** clump of dry, yellow grass in the foreground, to the right of the figure.
*   **Two** smaller clumps of what appear to be desert vegetation further back in the scene, near the base of the pyramids.

It's possible there are other very small or obscured plants, but these are the most visible."
question_comb_5764,0,0,2.1874013e-05,0,0.00015004586,0,2.305949e-05,1,1,1,Object-Related,Attribute Recognition,Unknown,How many bird-like creatures are visible?,There are 3 bird-like creatures in the image.,"Based on the image, I can see **four** bird-like creatures. 

Here's a breakdown:

*   **One** on the left side of the dog, flying towards the left.
*   **One** on the right side of the dog, flying towards the right.
*   **Two** smaller ones near the bottom of the image, one on the left and one on the right.



Let me know if you'd like me to look for anything else in the image!"
question_comb_56,0,0,0.16558938,0,7.537225e-07,0,0.021542188,1,1,1,Other,Knowledge & Identity,Unknown,Is the actor inside the red bounding box called Tracee Cocco? Please answer yes or no.,No,"No.

The actor in the red bounding box is **John Turturro**. He plays Bernie Rose in the movie *Cape Fear*."
question_comb_349,0,0,9.793396e-06,0,2.0180956e-05,0,2.2550728e-06,1,1,1,Attribute-Related,Attribute Recognition,Unknown,What color are the curtains hanging on the back wall?,The curtains hanging on the back wall are light blue; The curtains are blue; Blue,"Based on the image, the curtains hanging on the back wall appear to be a deep **burgundy** or **maroon** color. They have a rich, dark red hue."
question_comb_4833,0,0,0.11862997,0,0.039050896,0,0.008237687,1,1,1,Object-Related,Visual Understanding,Unknown,Is there a ship in this image?,"n, o","No, there is no ship in the image. The image shows a beach scene with a beach umbrella, a beach chair, and the ocean."
question_comb_6709,0,0,0.00032990356,0,2.6050722e-05,0,2.3031633e-08,1,1,1,Other,Attribute Recognition,Unknown,How many algorithms have accuracy lower than 6 in at least one dataset?,,"Here's how we can determine the number of algorithms with accuracy lower than 6 in at least one dataset based on the provided bar graph:

**Understanding the Graph**

*   The graph shows the accuracy of two algorithms (""pale"" and ""cane"") on four datasets (""racing,"" ""virus,"" ""sigh,"" and ""boost"").
*   Each bar represents the accuracy of an algorithm on a specific dataset. The bar is divided into two sections, one for ""pale"" and one for ""cane.""

**Analyzing the Data**

Let's check each dataset:

*   **racing:** Both ""pale"" and ""cane"" have accuracy above 6.
*   **virus:** Both ""pale"" and ""cane"" have accuracy above 6.
*   **sigh:** ""pale"" has accuracy below 6, while ""cane"" has accuracy above 6.
*   **boost:** ""pale"" has accuracy below 6, while """
question_comb_7061,0,0,0.00010422535,0,0.00010824488,0,2.7755355e-05,1,1,1,Object-Related,Attribute Recognition,Unknown,How many chimineys are there in the image?,Two; There are two chimneys in the image; We can see two chiminneys in the image.,"Based on the image, I can see **three** chimneys. 

*   Two are on the building extending from the right side of the wall.
*   One is on the tower to the left of the wall."
question_comb_3809,0,0,0.0008245587,0,2.7629321e-06,0,0.00010823415,1,1,1,Object-Related,Visual Understanding,Unknown,Is there a cup in this image?,"n, o","No, there is no cup in the image. The image shows a person skateboarding."
question_comb_7796,0,0,0.0029507126,0,0.01643371,0,5.6414897e-06,1,1,1,Relationship,Spatial Reasoning,Unknown,Is there direct contact between the person and ground?,"n, o","No, there is no direct contact between the person and the ground in the image. The person is riding a motorcycle and is airborne, suspended in the air during a jump."
question_comb_2334,0,0,0.003452157,0,4.3090124e-05,0,5.2369946e-06,1,1,1,Other,Text & OCR,Unknown,What is the boy carrying inside the backpack?,We cannot see inside the backpack; The backpack is closed; The contents of the backpack are not visible,"Based on the image, it's difficult to say definitively what the boy is carrying in his backpack. However, it appears to be a dark-colored item, possibly a jacket or a small blanket, peeking out from the top. 

It's open and seems to be a dark color. Without a closer look, it's hard to be more specific."
question_comb_3579,0,0,0.21665032,0,3.5743506e-05,0,0.001553616,1,1,1,Relationship,Spatial Reasoning,Unknown,Is there direct contact between the child and beach?,"y, e, s","Yes, based on the image, there is direct contact between the child and the beach. The child is standing on the sand, which indicates they are in direct contact with the beach."
question_comb_4177,0,0,0.0012421653,0,0.00011937662,0,2.440934e-07,1,1,1,Attribute-Related,Attribute Recognition,Unknown,Is the grass withered in this image?,"n, o","No, the grass in the image does not appear withered. It looks lush and green."
question_comb_2231,0,0,0.0026853534,0,0.0012773144,0,9.3466246e-05,1,1,1,Other,General QA,Unknown,Part of the forest ecosystem is shown. What will happen if frogs are extinct?,,"Okay, let's analyze the food web and predict the consequences of frog extinction.

**Understanding the Food Web**

First, let's identify the role of the Great Plains Toad (frog) in this ecosystem:

*   **What does it eat?** Field Crickets
*   **What eats it?** Barn Owl, Brown Snake, Gray Fox

**Consequences of Frog Extinction**

If the Great Plains Toad goes extinct, here's what we can expect:

1.  **Increase in Field Cricket Population:** With their primary predator gone, the field cricket population would likely increase.
2.  **Decrease in Predator Populations:** The Barn Owl, Brown Snake, and Gray Fox all rely on the toad as a food source. Their populations would likely decline due to a reduced food supply.
3.  **Potential Ripple Effects:**
    *   **Increased Cricket Impact on Producers:** A larger cricket population could put more pressure on the producers ("
question_comb_1911,1,1,0.9865785,0,0.017880071,1,0.68252534,1,0,1,Other,Temporal & Video,Unknown,"According to the positive sequence of the images, Is the circle moving towards to right? Answer in one word.",no,Yes.
question_comb_5220,1,0,0.045850363,0,0.0016472427,0,0.014699925,0,0,0,Other,Attribute Recognition,Unknown,The image shows a color illusion. Are two circles in the image different color? yes or no,yes,"No, the two circles in the image are the same color. 

This is a classic color illusion called the ""hues effect"" or ""color assimilation."" The color of a shape is influenced by the colors of the surrounding shapes. In the first image, the blue circle appears more blue because it's surrounded by dark blue lines. In the second image, the circle appears more yellow-green because it's surrounded by yellow lines. 

If you were to isolate the circles and compare them directly, you would find they are the same color."
question_comb_8511,0,0,2.3279872e-05,0,3.3521745e-05,0,8.337236e-07,1,1,1,Relationship,Spatial Reasoning,Unknown,Is there direct contact between the mushroom and grass?,"y, e, s","Based on the image, it appears there is **no direct contact** between the mushroom and grass. The mushroom is growing out of a bed of moss, and the moss is sitting on top of the grass. There's a clear separation between the mushroom's stem and the grass blades."
question_comb_1766,0,0,0.029280411,0,1.0646098e-06,0,0.0015338076,1,1,1,Relationship,Spatial Reasoning,Unknown,Is there direct contact between the orange and table?,"n, o","Based on the image, it appears there is **no direct contact** between the oranges and the table. The oranges are contained within a white bowl, which is sitting on the table."
question_comb_6650,0,0,0.22576441,0,0.0014208739,0,0.29006296,1,1,1,Relationship,Spatial Reasoning,Unknown,Is there direct contact between the ship and lake?,"y, e, s","Based on the image, yes, there is direct contact between the ship and the water (which appears to be a river or canal). The ship is floating on the water, and you can see the water line touching the hull of the boat."
question_comb_8325,0,0,0.0009831814,0,0.000535101,0,6.5697543e-07,1,1,1,Relationship,Spatial Reasoning,Unknown,Is there direct contact between the man and mountain?,"y, e, s","Based on the image, it appears there is **no direct contact** between the men and the mountain. They are standing on a rocky outcrop or a grassy area on the mountain's slope, but there's a clear space between their bodies and the main body of the mountain."
question_comb_1647,0,0,0.014356355,0,0.0016007486,0,1.6509997e-06,1,1,1,Other,Text & OCR,Unknown,Is this movie titled the theory of everything (2014)? Please answer yes or no.,Yes,"Yes.



The movie poster clearly states ""The Theory of Everything"" and the year ""2014"" is visible at the bottom."
question_comb_8225,0,0,0.02574743,0,5.4031174e-05,0,0.11921048,1,1,1,Relationship,Spatial Reasoning,Unknown,Is there direct contact between the keyboard and notebook?,"n, o","Based on the image, it appears there is **no direct contact** between the keyboard and the notebook. 

The keyboard is sitting on a separate platform or stand, and the notebook is resting on the table. There's a clear gap between them."
question_comb_1780,0,0,0.00029462465,0,0.00096423016,0,0.0006912137,1,1,1,Object-Related,Visual Understanding,Unknown,Is there a person in this image?,"n, o","No, there is not a person in the image. It depicts a statue of a cartoon character sitting on a bench. The statue is designed to resemble a young girl with a distinctive hairstyle and clothing."
question_comb_7759,0,0,0.3922331,1,0.9547783,0,0.01173993,1,0,1,Relationship,Spatial Reasoning,Unknown,Is there direct contact between the dog and frisbee?,"y, e, s","Yes, there is direct contact between the dog and the frisbee. The dog is holding the frisbee in its mouth."
question_comb_3862,0,0,2.0323124e-07,0,4.6563877e-05,0,0.0003097272,1,1,1,Other,Visual Understanding,Unknown,Are the cats wearing boxing gloves along with their karate outfits?,No; the cats are not wearing boxing gloves along with their karate outfits; the cats are not wearing boxing gloves.,"No, the cats are not wearing boxing gloves. They are wearing what appears to be a stylized karate or martial arts outfit. The ""gloves"" are actually part of the sleeves of the uniform, which are designed to be puffy and somewhat resemble gloves. 

It's a very creative and adorable costume!"
question_comb_4429,0,0,0.15977944,0,0.0018952732,0,0.003748548,1,1,1,Object-Related,Visual Understanding,Unknown,Is there a hot dog in the image?,no,"No, there is no hot dog visible in the image."
question_comb_2429,0,0,0.0011326273,0,0.000135124,0,1.0915565e-07,1,1,1,Other,Attribute Recognition,Unknown,How many total people preferred the object fancy across all the categories?,,"Here's how to find the total number of people who preferred the ""fancy"" object across all categories based on the bar graph:

*   **Warm:** 9 people
*   **Sink:** 5 people
*   **Mare:** 2 people
*   **Void:** 3 people
*   **Surge:** 1 person

**Total:** 9 + 5 + 2 + 3 + 1 = **20 people**

So, a total of 20 people preferred the object ""fancy"" across all categories."
question_comb_1938,0,0,0.00016967134,0,1.1169796e-07,0,9.3614035e-06,1,1,1,Object-Related,Attribute Recognition,Unknown,How many people are in front of the pyramid?,There are 3 people.,"Based on the image, there appear to be **three** people in front of the pyramid. They are small figures in the foreground, near the base of the structure."
question_comb_5305,0,0,4.0365776e-05,0,1.8632316e-05,0,5.3234126e-06,1,1,1,Other,Visual Understanding,Unknown,What kind of clothes is she wearing?,The woman in the image is wearing a suit of armor.,"Here's a breakdown of the clothing and armor the figure in the image is wearing:

*   **Full Plate Armor:** The most prominent feature is a highly detailed, full plate armor. It covers her entire body, including the torso, arms, legs, and shoulders. The armor has intricate patterns and designs, suggesting a high level of craftsmanship.
*   **Helm:** She is wearing a helmet that covers her head, leaving only her face visible. The helmet is integrated with the armor and has a regal, imposing design.
*   **Cape/Cloak:** A long, flowing cape or cloak drapes from her shoulders, adding to the dramatic and ethereal look.
*   **Wings:** Large, feathered wings are attached to her back, further emphasizing her angelic or celestial appearance.
*   **Swords:** She holds two large swords, indicating a warrior or guardian role.

Overall, the clothing and armor create a powerful and majestic image, blending elements of medieval"
question_comb_9353,0,0,0.008843589,0,6.8719955e-06,0,0.0036896404,1,1,1,Object-Related,Visual Understanding,Unknown,Is there a truck in the image?,no,"No, there is no truck in the image. The image shows a sandwich in a styrofoam container, a small container of sauce, a plastic fork, and grass."
question_comb_1872,0,0,0.0020336758,1,1.0,0,3.5038557e-08,1,0,1,Object-Related,Visual Understanding,Unknown,Is there a baseball bat in the image?,yes,"Yes, there is a baseball bat in the image. It's being held by the batter standing in the batter's box."
question_comb_1233,1,0,0.11632576,0,0.015197111,1,0.84427494,0,0,1,Object-Related,Visual Understanding,Unknown,Is there a bowl in the image?,yes,"No, I don't see a bowl in the image. There are wooden crates and boxes filled with fruits and vegetables, but no bowls."
question_comb_966,0,0,4.4790277e-06,0,0.00042761472,0,6.539321e-06,1,1,1,Other,Text & OCR,Unknown,What is the  accurate reason for the rally?,There is no information about the rally; The subject is not mentioned in the image; We don't know the reason for that rally.,"Based on the image, the rally appears to be a **Good Friday procession**. Here's what leads me to that conclusion:

*   **The Crosses:** Several people are carrying crosses, a common symbol in Christian Good Friday processions.
*   **The Crowd:** The group of people walking together suggests a religious observance or procession.
*   **The Time of Year:** The image appears to be taken during a time of year when Good Friday occurs (based on the trees and weather).

Therefore, it's highly likely that the rally is a Good Friday procession."
question_comb_3706,0,0,3.3915192e-05,0,0.0002649376,0,6.677352e-06,1,1,1,Other,Text & OCR,Unknown,What material is the headboard made of?,The image does not show a headboard; There is no headboard in this picture; We cannot see a headboard,"Based on the image, the headboard appears to be made of a **smooth, solid material, likely a type of white composite or solid surface material**. 

Here's why:

*   **Lack of Texture:** It has a very smooth, uniform surface with no visible grain or texture.
*   **Color and Finish:** The consistent white color and glossy finish suggest a manufactured material rather than wood.
*   **Clean Lines:** The sharp, clean edges and seamless appearance are characteristic of materials like acrylic, solid surface (Corian, etc.), or a high-quality molded composite.

It's difficult to be 100% certain without more information, but a solid, smooth, white material is the most probable choice."
question_comb_8890,0,0,0.0010179209,0,3.8340636e-06,0,1.326721e-05,1,1,1,Object-Related,Attribute Recognition,Unknown,How many dogs are wearing glasses?,Three dogs are wearing glasses.,"Based on the image, there are **four** dogs wearing glasses. 

Here's a breakdown:

*   Top row, middle dog
*   Bottom row, left dog
*   Bottom row, middle dog
*   Top row, right dog"
question_comb_726,1,0,0.057149302,0,4.8898244e-05,0,0.30784035,0,0,0,Other,Attribute Recognition,Unknown,Is the right orange circle smaller than the left orange circle?,no,"Yes, the orange circle on the right is larger than the orange circle on the left."
question_comb_140,0,0,0.0014917395,0,0.00013606578,0,0.000101039324,1,1,1,Object-Related,Visual Understanding,Unknown,Is there a baseball glove in the image?,yes,"Yes, there is a baseball glove in the image. You can see it on the hand of the person throwing the ball."
question_comb_1035,0,0,0.0017191513,0,0.00011116843,0,0.0055889073,1,1,1,Object-Related,Visual Understanding,Unknown,Is there a sports ball in the image?,yes,"Yes, there is a sports ball in the image. It's a baseball, being swung at by the batter."
question_comb_9794,0,1,0.631354,0,4.7543526e-05,0,0.013343277,0,1,1,Relationship,Spatial Reasoning,Unknown,Is there direct contact between the keyboard and mouse?,"n, o","Based on the image, it appears there is **no direct contact** between the keyboard and the mouse. There's a noticeable gap between them on the textured surface."
question_comb_2668,0,0,0.0025966207,0,0.000526158,0,0.00538312,1,1,1,Object-Related,Visual Understanding,Unknown,Is there a dining table in the image?,no,"No, there is no dining table in the image. There is a small side table and a bar area with stools, but no dining table."
question_comb_6036,0,0,0.0035472855,0,4.9250866e-05,0,0.025378924,1,1,1,Object-Related,Visual Understanding,Unknown,Are the cars not armed or equipped with any protective gear like spikes?,"Yes; The cars aren't equipped with any protective gear, including spikes; The cars are not armed or equipped with spikes","Let's analyze the image to see what the cars are equipped with.

**The large, central car:**

*   **Heavy Armor:** It has thick, boxy armor plating all around.
*   **Machine Guns:** It's clearly equipped with multiple machine guns mounted on the front and top.
*   **Spikes/Ram:** There are prominent spikes or a ramming structure on the front.

**The cars in the lower section:**

*   **Spikes:** The car on the left has a row of spikes along the front.
*   **Ram:** The car in the middle appears to have a reinforced front end, possibly for ramming.
*   **Flame Thrower:** The car on the right has a visible flame thrower.

**Therefore, the cars are definitely armed and equipped with protective gear like spikes and ramming structures.** The image depicts a post-apocalyptic, vehicular combat scenario, so these modifications are expected."
question_comb_1552,0,0,8.557821e-06,0,4.0549466e-07,0,1.2037023e-07,1,1,1,Object-Related,Attribute Recognition,Unknown,How many petals are on the front facing yellow flower?,Nine petals; Nine; There are nine petals,"Based on the image, the front-facing yellow flower appears to have **12 petals**."
question_comb_521,0,0,0.00015384042,0,0.0019419112,0,2.138813e-05,1,1,1,Object-Related,Attribute Recognition,Unknown,How many door knobs are in the image?,The image contains no door knobs; There are no door knobs in the image; No door knobs are present in the image,"Based on the image, there is **one** door knob visible. It's located on the door leading to the other room."
question_comb_7330,0,0,0.0022560777,0,0.00085506384,0,0.0014319951,1,1,1,Attribute-Related,Attribute Recognition,Unknown,Is the forest withered in this image?,"n, o","No, the forest in the image does not appear withered. The trees are lush and green, suggesting they are healthy and thriving. The image seems to capture a beautiful, vibrant natural setting."
question_comb_407,0,0,4.0735773e-05,0,0.013536045,0,0.000311363,1,1,1,Object-Related,Attribute Recognition,Unknown,"Are the wings small and abstract, indicating a purely fantasy element?",Yes; the wings are small and abstract; the wings are an indication of pure fantasy,"Let's analyze the image to determine if the ""wings"" are small and abstract, indicating a fantasy element.

**Observation:**

*   The monkey appears to be leaping or flying through the air.
*   Attached to its arms are what look like leaf-like structures, vaguely resembling wings.
*   These ""wings"" are not traditional wings with feathers or a defined shape. They are more like stylized, oversized leaves.
*   They are relatively small compared to the monkey's body.

**Conclusion:**

Yes, the ""wings"" are indeed small and abstract. They don't resemble realistic wings. Their leaf-like appearance and stylized design strongly suggest a purely fantasy element. It's likely the artist is using these leaf-wings to create a whimsical, magical feel rather than depicting a biologically plausible flying monkey.



If you'd like, give me another image to analyze!"
question_comb_4749,0,0,0.052762985,0,2.5872094e-05,0,3.168754e-05,1,1,1,Attribute-Related,Attribute Recognition,Unknown,Is the wall black in this image?,"n, o","No, the wall in the image is not black. It appears to be a light gray or a very pale blue."
question_comb_8182,0,1,0.85600126,1,0.9424918,0,0.20471695,0,0,1,Object-Related,Visual Understanding,Unknown,Is there an apple in the image?,yes,"Yes, there is an apple in the image. It's a small, white apple figurine sitting on the shelf among the other items."
question_comb_8254,0,0,0.0016515581,0,0.082688026,0,0.0021418424,1,1,1,Object-Related,Visual Understanding,Unknown,Is there a person in the image?,yes,"Yes, there are multiple people in the image. Here's a breakdown:

*   **Batter:** A baseball player in a purple uniform is in the foreground, holding a bat.
*   **Catcher:** A catcher in a white and gray uniform is crouched behind home plate.
*   **Umpire:** An umpire is standing to the left of the catcher.
*   **Spectators:** There are many people in the stands in the background, presumably watching the game."
question_comb_2013,0,0,7.7854325e-05,0,0.00012192809,0,4.4053584e-05,1,1,1,Relationship,Spatial Reasoning,Unknown,Is there direct contact between the cat and shoe?,"n, o","No, based on the image, there is no direct contact between the cat and the shoes. The cat is sitting a short distance away from the shoes on the carpeted floor."
question_comb_2917,0,0,0.00022403261,0,1.2958899e-06,0,0.0041203196,1,1,1,Other,Knowledge & Identity,Unknown,"Is this artwork titled virgin and child with sts catherine, cecilia, barbara, and ursula? Please answer yes or no.",Yes,"Yes.



The artwork is indeed titled ""Virgin and Child with Sts. Catherine, Cecilia, Barbara, and Ursula."""
question_comb_1852,0,0,0.18121897,0,2.5439995e-05,0,0.00084420224,1,1,1,Relationship,Spatial Reasoning,Unknown,Is there direct contact between the woman and wall?,"n, o","No, there is no direct contact between the woman and the wall in the image. She is sitting in a chair, and the chair is positioned away from the wall."
question_comb_4493,0,0,0.00024016175,0,2.0593468e-06,0,0.0007326524,1,1,1,Other,Visual Understanding,Unknown,Does the cityscape include iconic landmarks from different cities worldwide?,"No, the cityscape does not include iconic landmarks from different cities; No, the cityscape doesn't; No.","Based on the image, it's difficult to definitively say if the cityscape includes iconic landmarks from *different* cities worldwide. However, it does appear to be a composite of various architectural styles and building shapes that are reminiscent of several major cities.

Here's what I can observe:

*   **New York City Influence:** The overall density of skyscrapers and the general layout strongly suggest a New York City vibe.
*   **Possible Hong Kong Elements:** The tall, slender skyscrapers, particularly in the central area, have a resemblance to the skyline of Hong Kong.
*   **Other Modern City Elements:** There are also elements that could be from other modern, global cities with dense urban landscapes.

**It's highly likely that the artist has blended elements from multiple cities to create a unique, composite cityscape.** It's not a direct representation of a single city's landmarks.

**To confirm definitively, a detailed analysis by someone familiar with global architecture would be needed.**"
question_comb_2771,0,0,0.2461178,0,0.19493589,0,0.015803121,1,1,1,Other,Knowledge & Identity,Unknown,Is the person inside the red bounding box named Denzel Washington? Please answer yes or no.,Yes,Yes.
question_comb_4594,0,0,0.23190954,1,0.5755092,1,0.7618886,1,0,0,Other,Knowledge & Identity,Unknown,Is the actor inside the red bounding box called Harvey Meyer? Please answer yes or no.,No,"No.

The actor in the image is Zach Galifianakis, portraying the character Rusty Nail in the movie ""The Hangover."" Harvey Meyer is a different character in the film."
question_comb_9888,0,0,0.046634406,0,0.0001819076,0,0.0019924091,1,1,1,Relationship,Spatial Reasoning,Unknown,Is there direct contact between the umbrella and grass?,"y, e, s","Based on the image, it appears there is **direct contact** between the umbrella and the grass. The bottom edge of the umbrella is positioned low enough that it's touching the green grass directly in front of the bench."
question_comb_1449,0,0,0.01652858,0,0.33231995,0,0.0039773006,1,1,1,Other,Visual Understanding,Unknown,Is the shark closing its mouth?,"No, the shark isn't closing its mouth; The shark isn't; The shark is not closing its mouth.","Based on the image, it appears the shark is **opening** its mouth, not closing it. You can clearly see its teeth and the inside of its mouth. The diver's expression suggests a moment of surprise or excitement, likely in response to the shark's behavior."
question_comb_2094,0,0,0.18482879,0,0.00021867426,0,0.064980604,1,1,1,Relationship,Spatial Reasoning,Unknown,Is there direct contact between the cat and brush?,"n, o","Based on the image, it appears there is **no direct contact** between the cat and the brush. The cat is standing on the floor, leaning against the toilet seat, while the brush is resting on the floor near the toilet base."
question_comb_3791,0,0,0.0021689227,0,0.0004010224,0,0.0007146349,1,1,1,Attribute-Related,Attribute Recognition,Unknown,Is the ground tiled in this image?,"n, o","No, the ground in the image is not tiled. It appears to be asphalt or a similar paved surface, likely a driveway or sidewalk. You can see the texture and grain of the pavement."
question_comb_5530,0,0,0.0048958813,0,0.0016651548,1,0.9558835,1,1,0,Object-Related,Visual Understanding,Unknown,Is there a traffic light in the image?,yes,"Yes, there is a traffic light visible in the image. It's located on the street that runs parallel to the train tracks, in the middle ground of the photo. You can see the red light illuminated."
question_comb_305,0,0,3.2680444e-05,0,0.0005816932,0,0.0013412859,1,1,1,Relationship,Spatial Reasoning,Unknown,Is there direct contact between the zebra and forest?,"n, o","Based on the image, there is no direct contact between the zebras and the forest. The zebras are standing and lying in a grassy field, and the forest is visible in the background, but there's a clear separation between them."
question_comb_7996,0,0,0.042815324,0,1.7829435e-16,0,0.00012079768,1,1,1,Relationship,Spatial Reasoning,Unknown,Is there direct contact between the train and forest?,"n, o","Based on the image, there is no direct contact between the train and the forest. The forest is located behind the train tracks, and there's a clear space between the train and the trees."
question_comb_2854,1,0,0.0002064085,0,3.732865e-05,0,0.009756602,0,0,0,Other,Math & Calculation,Unknown,"According to the parallel theorem, is angle A larger than angle B? Please answer yes or no.",yes,"No.

**Explanation**

The parallel theorem (specifically, the alternate interior angles theorem) states that when a transversal intersects two parallel lines, the alternate interior angles are congruent (equal in measure).

In the image, lines *l* and *m* are parallel, and line *n* is the transversal. Angles A and B are alternate interior angles. Therefore, they are equal in measure."
question_comb_1464,1,1,0.5028974,1,0.9819503,1,0.5742961,1,1,1,Object-Related,Visual Understanding,Unknown,Is there a snowboard in the image?,yes,"No, there is no snowboard in the image. The person in the image is water skiing. They are using a wakeboard, which is a flat board designed for water sports."
question_comb_9482,0,0,0.19228798,0,0.00012436628,0,2.2320773e-05,1,1,1,Relationship,Spatial Reasoning,Unknown,Is there direct contact between the tree and house?,"n, o","Based on the image, there does not appear to be direct contact between the tree and the house. The tree is close to the house, but there's a brick wall and some greenery separating them."
question_comb_2386,0,0,0.010432319,0,0.00019984171,0,2.7210124e-05,1,1,1,Other,Text & OCR,Unknown,What is the river name?,Can't answer; Don't know what is the river name is; The image doesn't show details about the river name,"Based on the image, this is the **River Norn** in *The Elder Scrolls V: Skyrim*. 

The distinctive stone bridge and surrounding landscape are characteristic of the area near the town of Falkreath."
question_comb_7937,0,0,7.354331e-07,0,0.07469269,0,9.076733e-05,1,1,1,Relationship,Spatial Reasoning,Unknown,Is there direct contact between the dog and toy?,"y, e, s","Yes, based on the image, there is direct contact between the dog and the toy. The dog is snuggling up against the stuffed animal, with their heads touching."
question_comb_7899,0,0,5.3359323e-05,0,0.00010538443,0,1.2355188e-05,1,1,1,Other,Text & OCR,Unknown,What color are the man's sunglasses?,The man isn't wearing sunglasses.; There are no sunglasses in the image.; Cannot answer the question by checking the image.,"Based on the image, the man is not wearing sunglasses. He has short, light-colored hair and appears to be looking down."
question_comb_9226,0,0,0.0002620074,0,0.000122033714,0,0.0002937913,1,1,1,Attribute-Related,Attribute Recognition,Unknown,Is the beach dry in this image?,"y, e, s","Yes, the beach in the image appears to be dry. The sand looks light-colored and doesn't show any signs of moisture or wetness."
question_comb_9445,1,0,0.0028023818,0,0.00033606048,1,0.6113802,0,0,1,Object-Related,Visual Understanding,Unknown,Is there a bottle in the image?,no,"Yes, there is a bottle in the image. It's a silver-colored bottle sitting on top of a black speaker to the right of the computer monitor."
question_comb_8362,0,0,0.0005187263,0,8.468553e-05,0,0.00010921284,1,1,1,Object-Related,Visual Understanding,Unknown,What’s the name of the dinosaur lurking in front of the car?,There is no dinosaur lurking around in front of the car It is behind the car; There is no dinosaur lurking in front of the car; There is not a dinosaur in front of the car,"Based on the image, the dinosaur appears to be a **Tyrannosaurus Rex (T-Rex)**. 

Here's why:

*   **Size and Build:** It has the massive size and powerful build characteristic of a T-Rex.
*   **Head and Jaws:** The large head, powerful jaws, and rows of sharp teeth are all defining features of a T-Rex.
*   **Arms:** The tiny arms are also a classic T-Rex trait.



Let me know if you'd like to know more about T-Rexes!"
question_comb_6280,0,0,0.24825068,0,0.34320104,0,1.698301e-05,1,1,1,Attribute-Related,Attribute Recognition,Unknown,Is the sky red in this image?,"n, o","No, the sky in the image is not red. It appears to be a cool blue color, suggesting either early morning or late evening light. The mountains in the background have a slight pinkish hue from the sunlight, but the sky itself is blue."
question_comb_7115,0,0,8.8548804e-05,0,0.0011235051,0,1.9833935e-05,1,1,1,Other,Visual Understanding,Unknown,Is there an active fluorescent tube in the garage?,There's a functioning fluorescent tube in the garage; There is a fluorescent tube that is lighting up the garage; The fluorescent light on the lower righthand side lights up the garage,"Based on the image, yes, there appears to be an active fluorescent tube in the garage. It's the long, bright light extending horizontally above the entrance of the building on the right side of the image. It's emitting a noticeable glow."
question_comb_1421,0,0,0.015757848,0,6.082569e-05,0,0.0007651107,1,1,1,Relationship,Spatial Reasoning,Unknown,Is there direct contact between the umbrella and sea?,"n, o","No, there is no direct contact between the umbrella and the sea in the image. The umbrella is positioned on the beach, well away from the water's edge. You can see the sand between the umbrella and the ocean."
question_comb_8874,0,0,0.026489945,0,3.919014e-05,0,8.887169e-05,1,1,1,Relationship,Spatial Reasoning,Unknown,Is there direct contact between the train and man?,"y, e, s","Yes, based on the image, there is direct contact between the train and the man. He is sitting in the driver's seat of the train, directly interacting with the controls."
question_comb_773,0,0,0.0019338387,0,7.298994e-05,0,0.0015518301,1,1,1,Other,Knowledge & Identity,Unknown,Does this image describe a place of canyon? Please answer yes or no.,Yes,"Yes.



The image clearly shows a view of a canyon in the background, and the person is positioned on a rocky outcrop overlooking it."
question_comb_5129,0,0,0.00025739463,0,2.7652545e-06,0,1.8322542e-07,1,1,1,Object-Related,Attribute Recognition,Unknown,How many pool toys are visible?,There are no pool toys; There aren't any pool toys in the image ; The image contains no pool toys,"Based on the image, there is **one** pool toy visible. It appears to be a clear, inflatable chair."
question_comb_2336,0,0,0.0006681656,0,8.158096e-06,0,6.2207175e-07,1,1,1,Object-Related,Attribute Recognition,Unknown,How many people are on the staircase?,None; There are no people on the staircase; Zero,"Based on the image, there appear to be **two** people on the staircase. One is ascending and the other is descending."
question_comb_5797,0,0,0.0016489021,0,2.264653e-05,0,3.9288393e-06,1,1,1,Object-Related,Attribute Recognition,Unknown,How many windows are shown on the cheese house?,There are 7 windows shown on the cheese house.,"Based on the image, I can count **14 windows** on the cheese house. 

It's a bit tricky because some are partially obscured, but I've done my best to identify each one."
question_comb_3960,0,0,0.003614955,0,2.4433672e-05,0,0.00019422612,1,1,1,Attribute-Related,Attribute Recognition,Unknown,Is the sky gloomy in this image?,"n, o","No, the sky in the image does not appear gloomy. It looks bright and sunny. You can see a clear, light blue sky peeking through the trees in the background."
question_comb_5164,0,0,4.788523e-06,0,4.447288e-06,0,2.2856098e-05,1,1,1,Other,Text & OCR,Unknown,How many house plants are there?,There are no house plants in this image; The image does not show any house plants; We cannot see any house plants in this picture,"Based on the image, there are **no house plants** visible. The scene is a minimalist, white room with an astronaut, but no plants are present."
question_comb_3077,0,0,0.0030461922,0,0.038388085,0,0.0016149684,1,1,1,Object-Related,Visual Understanding,Unknown,Is there a chair in the image?,no,"No, there is no chair in the image. The image shows a person walking in the rain with an umbrella, a yellow vehicle in the background, and a tree trunk in the foreground."
question_comb_1746,0,0,0.28066918,0,0.00017585655,0,2.160238e-06,1,1,1,Relationship,Spatial Reasoning,Unknown,Is there direct contact between the child and hat?,"y, e, s","Based on the image, it appears there is direct contact between the child and the hat. The hat is sitting on the child's head."
question_comb_4689,0,0,0.017123034,0,0.44710028,0,0.0013850617,1,1,1,Relationship,Spatial Reasoning,Unknown,Is there direct contact between the hot and grill?,"y, e, s","Based on the image, it appears there is **no direct contact** between the hot dogs and the grill grates. They are resting on a metal rack that sits on top of the grill. This allows for air circulation around the hot dogs, which can help them cook more evenly."
question_comb_7574,0,0,0.00015445569,0,3.2371754e-05,0,1.5055485e-05,1,1,1,Object-Related,Attribute Recognition,Unknown,How many plants directly surround the crib?,"There are two plants around the crib ; Two plants surround the crib ; There are two plants around the crib, one on each side","Based on the image, there are **two** plants directly surrounding the crib. 

*   One is on the left side of the crib, in a woven basket.
*   The other is on the right side of the crib, in a similar woven basket.



Let me know if you'd like me to count anything else in the image!"
question_comb_2380,0,0,0.0012715122,0,6.495931e-05,0,8.492366e-06,1,1,1,Object-Related,Attribute Recognition,Unknown,How many large birds are present in the image?,There are five large birds in the image; Five; There appear to be five large birds in the center of the image,"Based on the image, there are **five** large birds visible. They are silhouetted against the sunset and appear to be flying in the sky."
question_comb_9550,0,0,9.000641e-08,0,6.0069424e-06,0,7.44493e-05,1,1,1,Other,Visual Understanding,Unknown,"does the light source come from the front, above the model's head, casting long dark shadows behind her?",No; The light source actually does not come from the front; There aren't any long dark shadows behind her.,"Based on the image, it appears the light source is **primarily coming from above the model's head, slightly to the front**. Here's why:

*   **Shadows:** The shadows are cast downwards and behind the model, which is consistent with a light source positioned above.
*   **Highlights:** The highlights on her face and body suggest the light is hitting her from a higher angle.
*   **Contrast:** The strong contrast between the lit areas and the dark background further supports the idea of a focused light source from above.

While there might be some subtle fill light from other sources, the dominant light direction seems to be from above and slightly in front.



Let me know if you'd like me to analyze another aspect of the image!"
question_comb_5850,0,0,2.2545532e-08,0,0.0009788488,0,2.7577527e-05,1,1,1,Object-Related,Attribute Recognition,Unknown,How many ceiling lights are visible in the image?,Two lights; There are two lights in the ceiling; Two ceiling lights are visible in the image,"Based on the image, I can see **two** ceiling lights. 

*   One is visible near the archway further down the hallway.
*   Another is directly above the hallway, closer to the window."
question_comb_7642,0,0,0.00037343233,0,4.259185e-06,0,2.3976204e-06,1,1,1,Object-Related,Attribute Recognition,Unknown,How many people are sitting in the room?,No one is in the room; The image depicts no people sitting anywhere; Zero people can be visibly seen in the room in this image,"Based on the image, there are **zero** people sitting in the room. The room appears to be empty."
question_comb_6302,0,0,0.055930432,0,1.8585376e-06,0,0.00062205916,1,1,1,Other,Text & OCR,Unknown,Is this movie titled insidious: the last key (2018)? Please answer yes or no.,No,"No.

The movie in the image is **Crimson Tide** (1995)."
question_comb_62,0,0,4.7436286e-05,0,1.836022e-07,0,0.0008955892,1,1,1,Other,Text & OCR,Unknown,Is this movie titled tropic thunder (2008)? Please answer yes or no.,No,"No.



The image references the film ""Somewhere"" (2010) directed by Sofia Coppola, not ""Tropic Thunder."""
question_comb_8161,0,0,0.0001371718,0,0.00038664058,0,1.1330161e-05,1,1,1,Object-Related,Attribute Recognition,Unknown,How many aliens are in the picture?,There are no aliens in the picture; There are no aliens in the image; No aliens are present in the picture,"Based on the image, there are **no visible aliens**. The picture depicts a UFO hovering over a house and landscape, but there are no alien figures present."
question_comb_6369,0,0,2.1259712e-05,0,1.2568951e-05,0,2.3555674e-05,1,1,1,Object-Related,Attribute Recognition,Unknown,How many factory workers are in the picture?,We cannot see factory workers in the picture; No factory workers are visible in the picture ; There are no factory workers in the image,"Based on the image, there are **no visible factory workers**. The scene depicts a large industrial setting with machinery and molten metal, but there are no people present in the frame."
question_comb_6175,0,0,0.00012878957,0,4.7405542e-06,0,9.596487e-05,1,1,1,Relationship,Spatial Reasoning,Unknown,Is there direct contact between the building and cloud?,"n, o","No, there is no direct contact between the building and the cloud in the image. The cloud is floating in the sky above the building. It appears close due to the perspective of the photograph, but they are clearly separate entities."
question_comb_2876,0,0,0.41823125,0,0.47209135,0,0.08508389,1,1,1,Attribute-Related,Attribute Recognition,Unknown,Is the television open in this image?,"y, e, s","No, the television is not open. It appears to be turned on and displaying a soccer game, but the screen itself is closed."
question_comb_6204,0,0,1.0044548e-05,0,1.3831758e-06,0,0.00020585424,1,1,1,Object-Related,Visual Understanding,Unknown,Is the controller of the underwater robot inside?,We can not see the controller of the robot; No controllers are visible in the photo; There is no pilot visible in the photo,"Based on the image, it's highly unlikely that a human controller is inside the robot. Here's why:

*   **Size and Design:** The robot is quite large and bulky, with a very boxy, mechanical design. There doesn't appear to be any space inside for a person.
*   **External Controls:** The robot has numerous external pipes, valves, and what look like control mechanisms. This suggests it's likely controlled remotely or by an onboard AI.
*   **Steampunk Aesthetic:** The design leans heavily into a steampunk aesthetic, which often features intricate external machinery rather than internal human compartments.

It's more probable that the robot is either controlled remotely from a surface station or operates autonomously with its own programming."
question_comb_1423,0,0,0.0024240413,0,0.0005971205,0,1.4632142e-06,1,1,1,Object-Related,Visual Understanding,Unknown,Is the ship floating on an ocean inside the bottle?,"Yes; Indeed, the ship is floating on an ocean inside the bottle; The ship is certainly floating in the bottle.","Yes, based on the image, it appears the ship is floating on an ocean inside the bottle. The scene is a clever illusion, creating the impression of a miniature ocean and ship contained within the glass."
question_comb_8253,0,0,0.0004957105,0,0.00026393696,0,0.00028780906,1,1,1,Other,Visual Understanding,Unknown,What is the statue of liberty holding in her right hand?,The statue of Liberty is holding a torch in her right hand; The Statue of liberty is holding a torch; A torch,"In the image, the Statue of Liberty is holding a **torch** in her right hand. It's the iconic symbol of enlightenment and progress that she's known for."
question_comb_5365,0,0,0.00027681005,0,0.0006465535,0,0.00026128223,1,1,1,Attribute-Related,Attribute Recognition,Unknown,Is the floor clean in this image?,"y, e, s","Based on the image, the floor appears to be clean. It has a consistent color and texture, and there are no visible signs of dirt, debris, or stains."
question_comb_7241,0,0,0.012141741,0,3.6837428e-06,0,0.0019241708,1,1,1,Attribute-Related,Attribute Recognition,Unknown,Is the beach dry in this image?,"n, o","No, the beach in the image is not completely dry. You can see the wet sand near the water's edge and the waves crashing in the background. The person in the image also appears to be standing on wet sand."
question_comb_7054,0,0,0.49103567,0,0.0010893486,0,0.008477929,1,1,1,Object-Related,Visual Understanding,Unknown,Is there a cat in the image?,yes,"Yes, there is a cat in the image! It's a black and white cat curled up and playfully biting a stuffed animal."
question_comb_7020,1,0,0.0018272359,0,0.0003697438,1,0.9168533,0,0,1,Attribute-Related,Attribute Recognition,Unknown,Is the flower withered in this image?,"n, o","Based on the image, it appears that some of the flowers are indeed withered. You can see some brown and dry-looking flowers mixed in with the white ones in the foreground. It seems like a natural part of a field in bloom, where some flowers are past their prime."
question_comb_3068,0,0,0.0003006473,0,1.9443123e-05,0,2.317221e-06,1,1,1,Other,Attribute Recognition,Unknown,How many cyan double buss have the same size as the matte aeroplane?,,"Based on the image, there are **zero** cyan double buses that have the same size as the matte airplane. The double bus is significantly larger than the airplane."
question_comb_199,0,0,0.3192529,0,2.5445524e-05,0,8.552468e-05,1,1,1,Relationship,Spatial Reasoning,Unknown,Is there direct contact between the person and mountain?,"n, o","No, there is no direct contact between the person and the mountain in the image. The person is sitting on a bench by the sea, and the mountain is located across the water. They are separated by a significant distance and a body of water."
question_comb_2448,0,0,6.5726985e-05,0,4.5812794e-06,0,0.0002501085,1,1,1,Other,Visual Understanding,Unknown,"Does the dynamic smoke hair seem to possess a life of its own, going beyond the image frame?",No; the dynamic smoke hair does not go beyond the frame; the smoke hair does not seem to possess a life of its own.,"Yes, absolutely! The way the smoke is rendered in the image gives a very strong impression that it's not just a static element attached to the woman's hair. Here's why it seems to possess a life of its own and extend beyond the frame:

*   **Movement and Flow:** The artist has captured the swirling, ethereal quality of smoke beautifully. The wisps and tendrils are not uniform; they have a sense of dynamic movement, as if they're constantly shifting and flowing.
*   **Soft Edges and Diffusion:** The edges of the smoke are soft and diffused, rather than sharply defined. This blurring effect makes it appear to fade into the background and suggests it's expanding outwards.
*   **Light and Shadow:** The interplay of light and shadow within the smoke creates depth and volume, further enhancing the illusion of movement and three-dimensionality. It looks like the smoke is catching the light and casting its own shadows.
*   **Composition"
question_comb_7117,0,0,0.0028958733,0,0.00082828547,0,6.596012e-05,1,1,1,Attribute-Related,Attribute Recognition,Unknown,Is the forest withered in this image?,"n, o","No, the forest in the image does not appear withered. The trees are green and lush, indicating they are healthy and thriving. The overall scene suggests a vibrant and well-maintained park or natural area."
question_comb_986,1,0,0.14153515,0,0.4446347,1,0.5487293,0,0,1,Relationship,Spatial Reasoning,Unknown,Is there direct contact between the refrigerator and microwave?,"n, o","Based on the image, it appears there is **direct contact** between the refrigerator and the microwave. The microwave is positioned right next to the refrigerator, and there doesn't seem to be any significant gap between them."
question_comb_2169,0,0,0.0005192353,0,3.086942e-05,0,8.97424e-07,1,1,1,Object-Related,Visual Understanding,Unknown,Is there a baseball bat in the image?,yes,"Yes, there is a baseball bat in the image. It's being held by the baseball player."
question_comb_1585,0,0,0.13551694,0,0.34470958,0,0.46486592,1,1,1,Attribute-Related,Attribute Recognition,Unknown,Is the mountain short in this image?,"y, e, s","Based on the image, the mountain in the background appears to be relatively short. It's a rolling hill rather than a towering peak. The people in the foreground are walking on a grassy area, and the mountain doesn't dominate the landscape significantly."
question_comb_1058,0,0,0.00023299408,0,0.00029396696,0,4.785615e-06,1,1,1,Object-Related,Attribute Recognition,Unknown,How many letters are shown on the individual's hat?,The individual in the picture is not wearing a hat; There is no hat; She is not wearing a hat,"Let's analyze the image to count the letters visible on the individual's hat.

Based on the image, here's an approximate count of the letters visible on the hat:

*   **""bone""**: 4 letters
*   **""ROOM""**: 4 letters
*   **""DASH""**: 4 letters
*   **""FOR""**: 3 letters
*   **""KRAFT""**: 5 letters
*   **""VOTON""**: 5 letters
*   **""SUPER""**: 5 letters
*   **""A10""**: 3 letters
*   **""ON""**: 2 letters

**Total: 35 letters**

**Please note:** This is an estimate, as some letters are partially obscured or difficult to read due to the image quality and the overlapping text."
question_comb_9793,0,0,0.18210228,0,0.09944211,0,0.0029375372,1,1,1,Attribute-Related,Attribute Recognition,Unknown,Is there one ball in this image?,"y, e, s","Yes, there is one ball visible in the image. It's a small, blue ball on the grass near the man and child."
question_comb_3839,0,0,0.41874886,1,0.78522676,0,0.0001887782,1,0,1,Other,Attribute Recognition,Unknown,Does the cat bite in this image?,"y, e, s","Yes, it appears the cat is biting the umbrella's support arm in the image. You can see its mouth open and teeth clearly engaged with the metal."
question_comb_7066,1,0,0.0020488522,0,0.008019774,1,0.9668843,0,0,1,Object-Related,Visual Understanding,Unknown,Is there a baseball bat in the image?,no,"Yes, there is a baseball bat in the image. It appears to be gold and is being used by the groom to cut the wedding cake."
question_comb_618,0,0,0.003473784,0,2.4110679e-05,0,1.945518e-05,1,1,1,Object-Related,Visual Understanding,Unknown,Is the image of a pig dressed in a police uniform unusual because pigs are not typically associated with law enforcement?,Yes; pigs are not typically associated with law enforcement; pigs are not usually represented in police uniforms,"Yes, you are absolutely correct. The image of a pig dressed in a police uniform is highly unusual and humorous precisely *because* pigs are not typically associated with law enforcement. 

Here's why it's so striking:

*   **Unexpected Juxtaposition:** The image combines the familiar image of a police officer with the animal form of a pig, creating a surprising and unexpected contrast.
*   **Role Reversal:** Police officers represent authority, order, and protection. Pigs, while often seen as cute or playful, don't carry those connotations. The image playfully subverts these expectations.
*   **Humor:** The absurdity of the situation is inherently funny. It's a lighthearted and whimsical concept.



It's a great example of how combining unrelated elements can create a memorable and amusing visual."
question_comb_9947,0,1,0.724777,0,0.0058481693,0,0.00077602896,0,1,1,Relationship,Spatial Reasoning,Unknown,Is there direct contact between the sky and signal?,"n, o","Based on the image, there does not appear to be any direct contact between the signal and the sky. The signal is mounted on a pole, and the sky is in the background. There's a clear separation between the two."
question_comb_9657,0,0,0.00045095372,0,8.519253e-07,0,4.3178974e-05,1,1,1,Attribute-Related,Attribute Recognition,Unknown,Where is the tallest mountain peak in relation to the deer?,The peak is behind and slightly to the left of the deer; Behind and slightly to the left; The tallest peak is located behind the deer and slightly to the left,"Here's an analysis of the image to determine the tallest mountain peak's position relative to the deer:

**Observation:**

*   The image depicts a stylized mountain range with a prominent, pointed peak.
*   The deer is standing on a slightly elevated area in the foreground.

**Conclusion:**

The tallest mountain peak is **directly behind** the deer. It's centered in the background, forming a dramatic backdrop to the deer's silhouette."
question_comb_424,0,0,0.00037838984,0,0.0035668956,0,6.5936064e-07,1,1,1,Other,Math & Calculation,Unknown,Move the ruler to measure the length of the line to the nearest centimeter. The line is about (_) centimeters long.,,"Here's how to determine the length of the line:

*   **Observe the line:** The line starts just past the 2 cm mark and ends just before the 8 cm mark.
*   **Estimate:** The line is a little more than halfway between 2 cm and 8 cm.
*   **Calculate:** 8 cm - 2 cm = 6 cm. Since it's a little more than halfway, we can estimate the length to be around 5.5 cm.
*   **Round to the nearest centimeter:** Since we need to round to the nearest centimeter, 5.5 cm rounds up to 6 cm.

**Answer:** The line is about **6** centimeters long."
question_comb_8559,1,0,0.009963071,0,0.0004898303,0,0.02759972,0,0,0,Relationship,Spatial Reasoning,Unknown,Is there direct contact between the tissue and toilet?,"n, o","Based on the image, it appears there is very little space between the toilet and the wall. It's possible that the toilet seat could make contact with the wall when it's in the down position, especially if the toilet is slightly off-center or the wall isn't perfectly straight. However, it's not definitively clear from the image."
question_comb_2278,1,0,0.4021606,1,0.6975748,1,0.6233012,0,1,1,Other,Temporal & Video,Unknown,"This monkey is installing the wheel. According to the positive sequence of the images, are they in the correct order? Answer in one word.",no,Yes
question_comb_6025,0,0,0.45229712,1,0.5985461,1,0.53708947,1,0,0,Other,General QA,Unknown,"According to the map provided, is New Mexico state larger than California state?",no,"No, according to the map, New Mexico is significantly smaller than California. California occupies a much larger area on the map."
question_comb_61,0,0,0.28385213,0,1.4121631e-06,0,3.9219194e-05,1,1,1,Object-Related,Visual Understanding,Unknown,Is there a knife in this image?,"n, o","No, there is no knife in the image."
question_comb_9665,0,0,0.0002016534,0,3.8606468e-05,0,0.00030740997,1,1,1,Attribute-Related,Attribute Recognition,Unknown,Does the color of her eyes change depending on where you look from?,No; the color of her eyes does not change depending on where you look from; her eyes' color does not change,"That's a fascinating question about this image! 

Based on the image, the color of the woman's eyes *does* appear to shift slightly depending on where you look. This is due to a few factors:

*   **Optical Illusion:** The intricate, swirling patterns and colors covering her face create a complex visual field. The way light reflects off these patterns can subtly alter how we perceive the eye color.
*   **Color Interaction:** The colors surrounding the eyes (blues, greens, yellows, pinks) interact with the natural color of her eyes, influencing how we see them.
*   **Perspective:** Even slight shifts in your viewing angle can change the way light hits the eyes and the surrounding patterns, leading to a different perceived color.

While her eyes are primarily blue, you might notice them appearing more turquoise, violet, or even slightly green in certain areas of the image. It's a beautiful example of how visual perception can be tricked by complex"
question_comb_1764,0,0,0.12822585,0,0.34654573,0,1.9296192e-06,1,1,1,Attribute-Related,Attribute Recognition,Unknown,Is the wall smooth in this image?,"y, e, s","Yes, the wall in the image appears to be smooth. It has a clean, flat surface with no visible texture or imperfections."
question_comb_2230,0,0,0.06011458,1,0.9457739,0,0.00022456706,1,0,1,Other,Text & OCR,Unknown,Is everybody going back to their home from work?,Based on this picture we cannot tell; Don't know if they are going home from work: Cannot tell whether they are going to home.,"Based on the image, it doesn't appear that everyone is going home from work. Here's why:

*   **Time of Day:** The image is taken at night, with bright lights and a bustling crowd. People are likely out enjoying the evening, not necessarily heading home after work.
*   **Crowd Activity:** The crowd seems to be leisurely walking and looking around, suggesting they are tourists or people out for entertainment.
*   **Location:** The image is of Times Square in New York City, a major tourist destination. It's a place people visit for leisure and entertainment, not primarily for commuting home.

So, while some people might be heading home, it's more likely that the majority are out enjoying the vibrant atmosphere of Times Square."
question_comb_3899,0,0,0.000120452736,0,8.980926e-06,0,2.3561186e-07,1,1,1,Other,Text & OCR,Unknown,How many people are wearing blue in the image?,"It is impossible to decipher how many are wearing blue ; The image becomes unclear where there are many people grouped together, so we cannot determine how many are wearing blue ; We are unable to determine how many people in the image are wearing blue","It's difficult to give an exact count without a very high-resolution image and a lot of time to scrutinize each person. However, based on the image provided, here's an estimate:

*   **Within the spiral:** It appears that a significant portion of the people within the spiral are wearing blue. I would estimate around **500-700** people are wearing blue within the spiral.
*   **Outside the spiral:** There are fewer people wearing blue outside the spiral, but still some. I'd estimate around **50-100** people wearing blue in the surrounding area.

**Total Estimate:** Combining these, I would estimate that approximately **550-800** people are wearing blue in the image.

**Important Note:** This is just an estimate. The actual number could be higher or lower depending on the specific shades of blue and how they blend with the overall lighting and background."
question_comb_4318,0,0,0.0020602793,0,5.5688038e-06,0,4.5983364e-07,1,1,1,Object-Related,Visual Understanding,Unknown,Is the dragon's saddle made of leather or metal?,"We cannot see a dragon saddle in this image ; There is no saddle, only the dragon's face surrounded by people in a market street ; No saddles are visible","Based on the image, the dragon's saddle appears to be made of **metal**. 

Here's why:

*   **Texture and Appearance:** The saddle has a distinct, ridged texture and a metallic sheen. It doesn't look like the soft, pliable texture of leather.
*   **Color and Tone:** The color and tone of the saddle are consistent with a metallic material.
*   **Detailing:** The intricate detailing and sharp edges are more characteristic of metalwork than leather crafting.



Let me know if you'd like me to analyze any other details in the image!"
question_comb_8264,0,0,0.00018647133,0,0.004757518,0,1.7232756e-05,1,1,1,Object-Related,Attribute Recognition,Unknown,How many hunters can be seen in this image?,There are no hunters shown in this image; No hunters can be seen in this image; There are no hunters in this picture,"Based on the image, there are **no hunters** visible. The image depicts a deer in a forest setting."
question_comb_9874,0,0,0.2648434,0,0.40891898,0,1.8832969e-05,1,1,1,Attribute-Related,Attribute Recognition,Unknown,Is there one football in this image?,"y, e, s","Yes, there is one football (soccer ball) in the image. It's located in the bottom right corner of the frame, near the corner flag."
question_comb_8458,0,0,6.914102e-05,0,0.00010406974,0,1.354114e-05,1,1,1,Object-Related,Spatial Reasoning,Unknown,How many pillars is the warrior standing between?,The warrior is standing between four pillars in the photo; The warrior is standing between 4 pillars;  4 pillars,"Based on the image, the warrior is standing between **four** pillars. You can clearly see two on either side of him, framing the view of the castle in the distance."
question_comb_7999,1,0,0.29800946,1,0.9808523,1,0.9087693,0,1,1,Object-Related,Visual Understanding,Unknown,Is there a beach in this image?,"n, o","Based on the image, it's difficult to definitively say if there's a beach visible. Here's what we can observe:

*   **Landmass:** There's a dark, silhouetted landmass along the left side of the image. It could be a coastline with a beach, but it's too dark to tell for sure.
*   **Water's Edge:** The water appears to meet the land, which suggests a shoreline.
*   **No Visible Sand:** We don't see any clear sandy areas that would typically indicate a beach.

**Therefore, it's possible there's a beach, but it's not clearly visible in the image.**"
question_comb_1888,0,0,0.14852805,0,0.33190355,0,4.693036e-05,1,1,1,Attribute-Related,Attribute Recognition,Unknown,Is the road wide in this image?,"n, o","No, the road in the image does not appear to be wide. It looks like a narrow, unpaved track or a rural lane. It's just wide enough for the car to pass through comfortably, and there's grass and vegetation growing on either side, indicating it's not a major thoroughfare."
question_comb_8013,0,0,0.0008133647,0,0.008857672,0,0.00013598356,1,1,1,Object-Related,Visual Understanding,Unknown,Which country's flag is on the soldiers' helmets?,There is no visible flag on any of the helmets; The helmets don't bear any flag; There are no flags visible on the soldiers' helmets,"Based on the image, the soldiers' helmets have a **Romanian flag** on them. The flag consists of vertical stripes of blue, yellow, and red. 

These are Romanian soldiers depicted in a diorama."
question_comb_1710,0,0,5.5204342e-05,0,3.5119476e-05,0,1.1771658e-05,1,1,1,Object-Related,Attribute Recognition,Unknown,How many ears are visible in the image?,There are 2 ears visible in the image.,"Based on the image, there is **one** ear visible. It's the ear of the man holding the painting."
question_comb_4089,0,0,0.00020429019,0,0.0023769962,0,0.001034111,1,1,1,Object-Related,Visual Understanding,Unknown,Is there a car in the image?,no,"No, there is no car in the image. The image shows a woman holding a smartphone with the flashlight on, against a dark background."
question_comb_3785,0,0,0.20296942,1,1.0,0,0.0012415845,1,0,1,Object-Related,Visual Understanding,Unknown,Is there a flower in this image?,"n, o","No, I don't see any flowers in the image. The scene features a truck on a road with a rocky landscape and mountains in the background, but there are no visible flowers."
question_comb_9529,0,0,0.00089683034,0,0.00015593314,0,2.9922381e-05,1,1,1,Other,Spatial Reasoning,Unknown,What is the age gap between the leftmost and the center person?,,"It's difficult to determine the exact age gap between the leftmost and center person in the image with certainty. However, based on their appearances, here's an estimation:

*   **Leftmost person:** Appears to be older, likely in his late 40s or early 50s.
*   **Center person:** Seems younger, possibly in his late 20s or early 30s.

Therefore, a reasonable estimate for the age gap would be **15-20 years**.

**Please note:** This is just an educated guess based on visual cues."
question_comb_6902,0,0,9.913808e-05,0,3.522547e-05,0,0.0006764453,1,1,1,Object-Related,Visual Understanding,Unknown,Is that Tokyo's skyline?,No; That does not appear to be Tokyo's skyline ; There are no billboards and Neon Lights or other elements iconic to Tokyo's skyline are present,"No, the skyline in the image is not Tokyo's. It appears to be **New York City's skyline**, specifically the area around Midtown Manhattan. You can recognize the iconic buildings like the Empire State Building and other skyscrapers characteristic of that area.

The image is a creative double exposure, blending the silhouette of a woman with the cityscape."
question_comb_447,0,0,0.00022731998,0,0.019015875,0,9.213044e-06,1,1,1,Other,Visual Understanding,Unknown,In what part of the man's body is the fish resting?,It is located on the man's left shoulder.,"Based on the image, the fish is resting on the man's **shoulder**. It appears to be draped over his shoulder and arm."
question_comb_4723,0,0,7.679838e-07,0,0.0021014991,0,1.0870788e-05,1,1,1,Other,Math & Calculation,Unknown,"How many squares are in the picture?
",,"Here's how to count the squares in the image:

*   **Small squares:** There are 9 individual small squares.
*   **Larger squares:** There are 4 squares formed by combining four small squares (2x2 squares).
*   **Largest square:** There is 1 square formed by combining all nine small squares (3x3 square).

**Total:** 9 + 4 + 1 = 14 squares

So, there are 14 squares in the picture."
question_comb_9372,1,0,0.0022567862,0,2.2509566e-05,1,0.98764616,0,0,1,Object-Related,Visual Understanding,Unknown,Is there a person in this image?,"n, o","Yes, there are people visible in the image. You can see a few people standing near the red bus in the background. They are small and somewhat indistinct, but they are present."
question_comb_3025,0,0,0.204281,0,0.0022343942,0,3.064533e-05,1,1,1,Object-Related,Attribute Recognition,Unknown,How many people are wearing glasses?,One; Only one person wears glasses; Only one of the three wears glasses.,"Based on the image, there are **two** people wearing glasses.

*   The man in the center, wearing the green beret and camouflage uniform, is wearing glasses.
*   The man on the right, in the US Army uniform, is also wearing glasses.



Let me know if you'd like me to analyze anything else in the image!"
question_comb_4964,1,0,0.16685869,0,0.11022265,0,0.21361308,0,0,0,Object-Related,Visual Understanding,Unknown,Is there a donut in this image? Please answer yes or no.,No,Yes.
question_comb_1001,0,0,0.0004017977,0,0.001415175,0,3.1734367e-06,1,1,1,Other,Text & OCR,Unknown,Who owns this house?,Unknown; That information is not present in this image; Not sure,"This is a fascinating and whimsical image! It's impossible to know for sure who owns the house, as it's a fantastical creation. However, here are some imaginative possibilities based on the image:

*   **A Traveler's Dream:** Perhaps it belongs to a wanderer who carries their home with them, a portable sanctuary wherever they go.
*   **A Fairy or Magical Creature:** The house's charm and the lush greenery suggest it could be the dwelling of a fairy, gnome, or other magical being.
*   **A Storyteller's Creation:** It could be a house from a beloved story, brought to life within the suitcase.
*   **A Collector of Memories:** Maybe the suitcase itself holds memories, and the house represents a cherished past.

Ultimately, the beauty of the image is that it leaves the ownership open to interpretation!



Do you want to explore any of these possibilities further, or perhaps invent another owner for the house?"
question_comb_1805,0,0,0.00046042108,0,0.0014357918,0,2.4612225e-05,1,1,1,Other,Visual Understanding,Unknown,Is there a formal event going on with other formally dressed animals present in the scene?,No; there's no formal event going on; other formally dressed animals are not present in the scene.,"Based on the image, there is **no indication of a formal event or other formally dressed animals present.**

The image shows a single chimpanzee dressed in a business suit, standing against a plain blue background. It's a portrait, and there's nothing else in the scene to suggest a larger gathering or event. 

It appears to be a standalone, artistic image, likely created digitally."
question_comb_2220,0,0,4.133928e-06,0,0.0015927843,0,2.1267517e-05,1,1,1,Object-Related,Visual Understanding,Unknown,What shape is the moon?,There is no moon; No moon; There is no moon in the picture,"Based on the image, the moon appears to be a **crescent moon**. It's a thin sliver of light, curving in a shape that suggests it's in a phase between new and full."
question_comb_8795,0,0,0.06464426,0,3.188801e-05,0,0.00040684122,1,1,1,Object-Related,Visual Understanding,Unknown,Is there a sink in the image?,yes,"Yes, there is a sink in the image. It's visible on the left side of the frame, behind the chef. You can see the faucet and a small basin."
question_comb_3381,0,0,0.05598592,0,0.00038804745,0,0.00059945387,1,1,1,Attribute-Related,Attribute Recognition,Unknown,Is the cloud white in this image?,"y, e, s","Yes, there are some white clouds visible in the image. They are scattered across the blue sky."
question_comb_883,0,0,2.2968627e-05,0,1.564819e-05,0,0.0008275388,1,1,1,Relationship,Spatial Reasoning,Unknown,Is there direct contact between the man and laptop?,"y, e, s","Yes, there is direct contact between the man and the laptop. He is holding the laptop in his hands and appears to be typing or interacting with it."
question_comb_4327,0,0,3.8778377e-05,0,8.268851e-06,0,1.4059146e-06,1,1,1,Object-Related,Attribute Recognition,Unknown,What color are the girl's glasses?,There no glasses in the image; No glasses can be seen in the image; The girl is not wearing glasses,"Based on the image, the girl is **not wearing glasses**. She has a piercing gaze and her eyes are a striking shade of green-grey."
question_comb_9286,0,0,0.002022729,0,6.7945424e-05,0,0.0046040486,1,1,1,Attribute-Related,Attribute Recognition,Unknown,Is the sea calm in this image?,"n, o","No, the sea in the image does not appear calm. You can see waves breaking in the background, indicating movement and a degree of turbulence."
question_comb_5623,0,0,0.0024341238,0,0.00015850754,0,4.8374563e-06,1,1,1,Object-Related,Attribute Recognition,Unknown,How many children are in the image?,We can't see any child in the image; No child is in the image; There is no  child visible in the image,"Based on the image, I can identify **two** children. They are walking in the background, slightly to the right of the couple in the foreground."
question_comb_5192,0,0,0.18732423,0,5.8603155e-06,0,7.1440684e-07,1,1,1,Object-Related,Attribute Recognition,Unknown,How many people were there?,There isn’t any people in the picture ; I didn’t see anyone ; What people aren’t any,"Based on the image, it's impossible to determine if there were any people present. The image shows an empty room with three white panels on a concrete wall. There are no visible people in the frame."
question_comb_7383,0,0,0.0028475393,0,0.00010003252,0,6.5374193e-06,1,1,1,Object-Related,Visual Understanding,Unknown,Is the driver male or female?,There is no driver; We cannot see a driver; No one is driving the car,"Based on the image, it's impossible to determine the driver's gender. The driver is silhouetted and not detailed enough to discern any gender-specific features."
question_comb_5846,0,0,0.00016098561,0,0.0010680122,0,0.007871857,1,1,1,Attribute-Related,Attribute Recognition,Unknown,Is the snow black in this image?,"n, o","No, the snow in the image is not black. It appears to be a light, slightly dirty white or grey color. The overall muted tones of the image, combined with the fallen leaves and the hazy atmosphere, might give the impression of darkness, but the snow itself isn't black."
question_comb_8163,0,0,0.00897323,0,1.4902795e-05,0,1.3278868e-05,1,1,1,Other,Text & OCR,Unknown,How tall is the Christmas tree.,"It is impossible to determine the height of the Christmas tree; The whole of the tree is not visible, so we can not tell how tall it is; There is nothing to indicate the height of the tree","It's difficult to determine the exact height of the Christmas tree in the image. Here's what we can observe and estimate:

*   **Limited View:** We only see a portion of the tree, specifically the lower branches with ornaments.
*   **Ornament Size:** The ornaments appear to be relatively large, suggesting the tree isn't tiny.
*   **Proportion:** Based on the size of the ornaments and the overall composition, the tree likely stands around **3-4 feet (approximately 90-120 cm) tall**.

**Please note:** This is just an educated guess based on the visual information available."
question_comb_4958,0,0,0.00022888283,0,0.48212063,0,0.00065448886,1,1,1,Other,Text & OCR,Unknown,"According to the image, is the formula F=G * m_1 * m_2 / r^2 representative of the Gravity equation?",yes,"Yes, the formula **F = G * (m₁ * m₂) / r²** is indeed the equation for **Newton's Law of Universal Gravitation**.

Here's a breakdown of what each part represents:

*   **F:** Represents the force of gravity between two objects.
*   **G:** Is the gravitational constant (approximately 6.674 × 10⁻¹¹ N⋅m²/kg²).
*   **m₁ and m₂:** Represent the masses of the two objects.
*   **r:** Represents the distance between the centers of the two objects.

So, the image accurately shows the formula for calculating the gravitational force.



Let me know if you'd like to explore any aspect of this equation further!"
question_comb_3568,0,0,0.00022247447,0,2.0313648e-05,0,1.931063e-05,1,1,1,Attribute-Related,Attribute Recognition,Unknown,What color are this individual's earrings?,She is wearing red earrings.,"Based on the image, the individual's earrings are **red**. They appear to be tassel-style earrings with a vibrant red color."
question_comb_4683,0,0,7.210739e-05,0,4.758807e-05,0,0.00013788085,1,1,1,Other,Visual Understanding,Unknown,Is the house actually built on a coral reef that resembles an octopus?,No; the house is not built on a coral reef; it doesn't resemble an octopus.,"No, the house in the image is not built on a coral reef. It's built on the tentacles of a giant octopus! 

The artwork is a fantastical and surreal depiction. The octopus is a creature, not a geological formation like a coral reef. It's a whimsical and imaginative scene.



Let me know if you'd like to explore other details in the image!"
question_comb_4516,0,0,7.139573e-05,0,0.017630294,0,1.5322512e-05,1,1,1,Object-Related,Attribute Recognition,Unknown,How many cakes are on the table?,One cake is on the table ; There is one white cake ; One,"Based on the image, there is **one** cake on the table. It's decorated to look like a chess set."
question_comb_229,0,0,0.3922331,0,0.0003126036,0,6.1561244e-05,1,1,1,Other,General QA,Unknown,Describe this image.,"grass, dog, frisbee, toy, necklace","Here's a description of the image:

**Overall Impression:**

The image shows a black poodle proudly holding a frisbee in its mouth. It's a playful and energetic shot, likely taken outdoors during a game of fetch.

**Detailed Description:**

*   **Subject:** The main focus is a black poodle with a dense, curly coat. It's standing on a grassy lawn, looking directly at the camera with a confident expression.
*   **Frisbee:** The poodle is holding a brightly colored frisbee in its mouth. The frisbee has a purple and orange design with a cartoonish image on it.
*   **Setting:** The background is a green lawn with some scattered leaves and twigs. The lighting suggests an overcast day.
*   **Composition:** The poodle is positioned slightly off-center, allowing for a good view of its body and the frisbee. The angle is at a slightly low perspective, making the dog appear strong and alert"
question_comb_9637,0,0,0.33381113,0,0.0015204846,0,3.999781e-06,1,1,1,Object-Related,Attribute Recognition,Unknown,How many people are sitting inside the boat?,One' One person is sitting inside the boat; Only one,"Based on the image, it appears there is **one person** sitting inside the boat. They are visible in the back of the boat, partially obscured by the cover."
question_comb_8098,0,0,0.0021974705,0,1.9211492e-07,0,0.050986644,1,1,1,Relationship,Spatial Reasoning,Unknown,Is the dog above the pool in the image? Please answer yes or no.,Yes,Yes.
question_comb_5786,0,0,4.2220752e-05,0,9.665836e-05,0,0.028070325,1,1,1,Relationship,Spatial Reasoning,Unknown,Is there direct contact between the cup and tablecloth?,"y, e, s","Based on the image, it appears there is **no direct contact** between the cup and the tablecloth. There's a slight gap and the fabric is draped around the cup, suggesting it's resting on the folds of the fabric rather than directly on the tablecloth itself."
question_comb_8269,0,0,0.0014114771,0,1.7007304e-05,0,0.00019740756,1,1,1,Other,Visual Understanding,Unknown,Is a classic grand piano illuminated under the chandelier's light among the scattered objects?,No; there is no grand piano under the chandelier's light among the scattered objects; it is not there.,"No, based on the image, there is no classic grand piano visible. The central feature is a large, intricate wooden sculpture resembling a cluster of trees or mushrooms. The floor is highly reflective, and there are a few people present, but no piano is discernible."
question_comb_3997,0,0,0.003151778,0,3.7860646e-05,0,0.04123425,1,1,1,Relationship,Spatial Reasoning,Unknown,Is there direct contact between the racket and tennis?,"y, e, s","Yes, based on the image, there is direct contact between the racket and the tennis ball. The ball is resting on the strings of the racket."
question_comb_5433,0,0,0.0007439403,0,0.00017270587,0,3.049226e-06,1,1,1,Attribute-Related,Attribute Recognition,Unknown,What color is the lower left quadrant of the woman's cheek?,The lower left quadrant of the woman's cheek is a shade of yellow.,"Based on the image, the lower left quadrant of the woman's cheek appears to be a mix of **blue and green** colors, with some hints of yellow. It's a cool-toned, slightly iridescent blend."
question_comb_5889,1,0,0.034850936,0,5.957394e-06,0,0.11943737,0,0,0,Relationship,Spatial Reasoning,Unknown,Is the brown elephant in front of the gray elephant? Please answer yes or no.,No,Yes.
question_comb_926,0,0,0.44864058,0,6.254358e-05,1,0.5201009,1,1,0,Other,Math & Calculation,Unknown,"If angle A is equal to 60 degree, is AB = 2AC? Please answer yes or no.",yes,"Yes.

Here's the reasoning:

*   **Triangle ABC is a right triangle:** We know angle C is 90 degrees.
*   **Angle A is 60 degrees:** Given.
*   **Angle B is 30 degrees:** Since the angles in a triangle add up to 180 degrees, angle B = 180 - 90 - 60 = 30 degrees.
*   **30-60-90 Triangle Properties:** In a 30-60-90 triangle, the side lengths have a specific ratio:
    *   The side opposite the 30-degree angle (AC) is the shortest side.
    *   The side opposite the 60-degree angle (BC) is √3 times the length of the side opposite the 30-degree angle.
    *   The hypotenuse (AB) is twice the length"
