model,image_id,total_questions,hallucinated_questions,no_hallucination_questions,hallucination_rate,balance_score
FastVLM-7B,AMBER_111.jpg,2,1,1,0.5,0.0
FastVLM-7B,AMBER_112.jpg,2,1,1,0.5,0.0
FastVLM-7B,AMBER_132.jpg,4,2,2,0.5,0.0
FastVLM-7B,AMBER_157.jpg,2,1,1,0.5,0.0
FastVLM-7B,AMBER_196.jpg,2,1,1,0.5,0.0
FastVLM-7B,AMBER_226.jpg,2,1,1,0.5,0.0
FastVLM-7B,AMBER_310.jpg,2,1,1,0.5,0.0
FastVLM-7B,AMBER_336.jpg,2,1,1,0.5,0.0
FastVLM-7B,AMBER_344.jpg,4,2,2,0.5,0.0
FastVLM-7B,AMBER_388.jpg,2,1,1,0.5,0.0
FastVLM-7B,AMBER_413.jpg,4,2,2,0.5,0.0
FastVLM-7B,AMBER_463.jpg,2,1,1,0.5,0.0
FastVLM-7B,AMBER_470.jpg,2,1,1,0.5,0.0
FastVLM-7B,AMBER_478.jpg,2,1,1,0.5,0.0
FastVLM-7B,AMBER_512.jpg,4,2,2,0.5,0.0
FastVLM-7B,AMBER_528.jpg,2,1,1,0.5,0.0
FastVLM-7B,AMBER_582.jpg,2,1,1,0.5,0.0
FastVLM-7B,AMBER_629.jpg,2,1,1,0.5,0.0
FastVLM-7B,AMBER_691.jpg,2,1,1,0.5,0.0
FastVLM-7B,AMBER_709.jpg,2,1,1,0.5,0.0
FastVLM-7B,AMBER_773.jpg,6,3,3,0.5,0.0
FastVLM-7B,AMBER_787.jpg,2,1,1,0.5,0.0
FastVLM-7B,AMBER_805.jpg,4,2,2,0.5,0.0
FastVLM-7B,AMBER_869.jpg,2,1,1,0.5,0.0
FastVLM-7B,AMBER_88.jpg,4,2,2,0.5,0.0
FastVLM-7B,AMBER_946.jpg,2,1,1,0.5,0.0
FastVLM-7B,AMBER_987.jpg,2,1,1,0.5,0.0
FastVLM-7B,hallusionbench_chart_13_1.png,2,1,1,0.5,0.0
FastVLM-7B,hallusionbench_chart_15_2.png,2,1,1,0.5,0.0
FastVLM-7B,hallusionbench_chart_18_2.png,2,1,1,0.5,0.0
FastVLM-7B,hallusionbench_chart_19_1.png,2,1,1,0.5,0.0
FastVLM-7B,hallusionbench_chart_19_2.png,2,1,1,0.5,0.0
FastVLM-7B,hallusionbench_chart_4_1.png,4,2,2,0.5,0.0
FastVLM-7B,hallusionbench_chart_4_2.png,4,2,2,0.5,0.0
FastVLM-7B,hallusionbench_chart_5_1.png,4,2,2,0.5,0.0
FastVLM-7B,hallusionbench_chart_5_2.png,4,2,2,0.5,0.0
FastVLM-7B,hallusionbench_figure_15_0.png,2,1,1,0.5,0.0
FastVLM-7B,hallusionbench_illusion_19_1.png,2,1,1,0.5,0.0
FastVLM-7B,hallusionbench_illusion_21_0.png,2,1,1,0.5,0.0
FastVLM-7B,hallusionbench_illusion_28_1.png,2,1,1,0.5,0.0
FastVLM-7B,hallusionbench_illusion_7_0.png,2,1,1,0.5,0.0
FastVLM-7B,hallusionbench_illusion_9_1.png,2,1,1,0.5,0.0
FastVLM-7B,hallusionbench_map_10_2.png,2,1,1,0.5,0.0
FastVLM-7B,hallusionbench_map_5_2.png,4,2,2,0.5,0.0
FastVLM-7B,hallusionbench_map_7_1.png,2,1,1,0.5,0.0
FastVLM-7B,hallusionbench_map_7_2.png,2,1,1,0.5,0.0
FastVLM-7B,hallusionbench_math_1_1.png,2,1,1,0.5,0.0
FastVLM-7B,hallusionbench_math_4_0.png,2,1,1,0.5,0.0
FastVLM-7B,hallusionbench_math_4_1.png,2,1,1,0.5,0.0
FastVLM-7B,hallusionbench_math_7_0.png,2,1,1,0.5,0.0
FastVLM-7B,hallusionbench_math_8_0.png,2,1,1,0.5,0.0
FastVLM-7B,hallusionbench_math_8_1.png,2,1,1,0.5,0.0
FastVLM-7B,hallusionbench_math_9_1.png,2,1,1,0.5,0.0
FastVLM-7B,hallusionbench_ocr_20_0.png,2,1,1,0.5,0.0
FastVLM-7B,hallusionbench_ocr_20_1.png,2,1,1,0.5,0.0
FastVLM-7B,hallusionbench_ocr_7_0.png,2,1,1,0.5,0.0
FastVLM-7B,hallusionbench_table_5_1.png,2,1,1,0.5,0.0
FastVLM-7B,hallusionbench_table_6_2.png,4,2,2,0.5,0.0
FastVLM-7B,hallusionbench_table_6_3.png,4,2,2,0.5,0.0
FastVLM-7B,hallusionbench_table_7_1.png,6,3,3,0.5,0.0
FastVLM-7B,hallusionbench_video_10_0.png,4,2,2,0.5,0.0
FastVLM-7B,hallusionbench_video_10_1.png,4,2,2,0.5,0.0
FastVLM-7B,hallusionbench_video_11_0.png,4,2,2,0.5,0.0
FastVLM-7B,hallusionbench_video_11_2.png,4,2,2,0.5,0.0
FastVLM-7B,hallusionbench_video_14_1.png,4,2,2,0.5,0.0
FastVLM-7B,hallusionbench_video_15_1.png,2,1,1,0.5,0.0
FastVLM-7B,hallusionbench_video_16_0.png,2,1,1,0.5,0.0
FastVLM-7B,hallusionbench_video_16_1.png,2,1,1,0.5,0.0
FastVLM-7B,hallusionbench_video_17_0.png,4,2,2,0.5,0.0
FastVLM-7B,hallusionbench_video_18_1.png,4,2,2,0.5,0.0
FastVLM-7B,hallusionbench_video_19_0.png,4,2,2,0.5,0.0
FastVLM-7B,hallusionbench_video_19_1.png,4,2,2,0.5,0.0
FastVLM-7B,hallusionbench_video_1_0.png,4,2,2,0.5,0.0
FastVLM-7B,hallusionbench_video_3_1.png,4,2,2,0.5,0.0
FastVLM-7B,hallusionbench_video_4_0.png,4,2,2,0.5,0.0
FastVLM-7B,hallusionbench_video_6_1.png,4,2,2,0.5,0.0
FastVLM-7B,hallusionbench_video_8_1.png,4,2,2,0.5,0.0
FastVLM-7B,mme_artwork_22667.jpg,2,1,1,0.5,0.0
FastVLM-7B,mme_celebrity_tt0032138_shot_0395_img_0.jpg,2,1,1,0.5,0.0
FastVLM-7B,mme_celebrity_tt0047396_shot_0333_img_0.jpg,2,1,1,0.5,0.0
FastVLM-7B,mme_celebrity_tt0048545_shot_0124_img_0.jpg,2,1,1,0.5,0.0
FastVLM-7B,mme_celebrity_tt0049730_shot_0273_img_0.jpg,2,1,1,0.5,0.0
FastVLM-7B,mme_celebrity_tt0053221_shot_0197_img_0.jpg,2,1,1,0.5,0.0
FastVLM-7B,mme_celebrity_tt0056869_shot_0320_img_0.jpg,2,1,1,0.5,0.0
FastVLM-7B,mme_celebrity_tt0061722_shot_0259_img_0.jpg,2,1,1,0.5,0.0
FastVLM-7B,mme_celebrity_tt0062622_shot_0291_img_0.jpg,2,1,1,0.5,0.0
FastVLM-7B,mme_celebrity_tt0064665_shot_0300_img_0.jpg,2,1,1,0.5,0.0
FastVLM-7B,mme_celebrity_tt0066026_shot_0085_img_0.jpg,2,1,1,0.5,0.0
FastVLM-7B,mme_celebrity_tt0067116_shot_0122_img_0.jpg,2,1,1,0.5,0.0
FastVLM-7B,mme_celebrity_tt0070047_shot_0255_img_0.jpg,2,1,1,0.5,0.0
FastVLM-7B,mme_celebrity_tt0070511_shot_0639_img_0.jpg,2,1,1,0.5,0.0
FastVLM-7B,mme_celebrity_tt0070849_shot_0021_img_1.jpg,2,1,1,0.5,0.0
FastVLM-7B,mme_celebrity_tt0073195_shot_0280_img_0.jpg,2,1,1,0.5,0.0
FastVLM-7B,mme_celebrity_tt0073629_shot_0700_img_0.jpg,2,1,1,0.5,0.0
FastVLM-7B,mme_celebrity_tt0074119_shot_0814_img_0.jpg,2,1,1,0.5,0.0
FastVLM-7B,mme_celebrity_tt0074285_shot_0535_img_1.jpg,2,1,1,0.5,0.0
FastVLM-7B,mme_celebrity_tt0075148_shot_0618_img_0.jpg,2,1,1,0.5,0.0
FastVLM-7B,mme_celebrity_tt0076759_shot_0930_img_0.jpg,2,1,1,0.5,0.0
FastVLM-7B,mme_celebrity_tt0077402_shot_1220_img_0.jpg,2,1,1,0.5,0.0
FastVLM-7B,mme_celebrity_tt0077416_shot_1442_img_0.jpg,2,1,1,0.5,0.0
FastVLM-7B,mme_celebrity_tt0077651_shot_0133_img_0.jpg,2,1,1,0.5,0.0
FastVLM-7B,mme_celebrity_tt0078788_shot_1434_img_0.jpg,2,1,1,0.5,0.0
FastVLM-7B,mme_celebrity_tt0079470_shot_0798_img_0.jpg,2,1,1,0.5,0.0
FastVLM-7B,mme_celebrity_tt0079945_shot_1411_img_0.jpg,2,1,1,0.5,0.0
FastVLM-7B,mme_celebrity_tt0080684_shot_1574_img_2.jpg,2,1,1,0.5,0.0
FastVLM-7B,mme_celebrity_tt0082198_shot_1353_img_0.jpg,2,1,1,0.5,0.0
FastVLM-7B,mme_celebrity_tt0082971_shot_0831_img_0.jpg,2,1,1,0.5,0.0
FastVLM-7B,mme_celebrity_tt0083907_shot_0633_img_0.jpg,2,1,1,0.5,0.0
FastVLM-7B,mme_celebrity_tt0083929_shot_0405_img_0.jpg,2,1,1,0.5,0.0
FastVLM-7B,mme_celebrity_tt0084726_shot_0283_img_0.jpg,2,1,1,0.5,0.0
FastVLM-7B,mme_celebrity_tt0087332_shot_0798_img_0.jpg,2,1,1,0.5,0.0
FastVLM-7B,mme_celebrity_tt0087469_shot_0049_img_2.jpg,2,1,1,0.5,0.0
FastVLM-7B,mme_celebrity_tt0088847_shot_0109_img_0.jpg,2,1,1,0.5,0.0
FastVLM-7B,mme_celebrity_tt0088944_shot_0634_img_0.jpg,2,1,1,0.5,0.0
FastVLM-7B,mme_celebrity_tt0089218_shot_0327_img_0.jpg,2,1,1,0.5,0.0
FastVLM-7B,mme_celebrity_tt0090022_shot_0464_img_0.jpg,2,1,1,0.5,0.0
FastVLM-7B,mme_celebrity_tt0090605_shot_0344_img_0.jpg,2,1,1,0.5,0.0
FastVLM-7B,mme_celebrity_tt0090756_shot_0135_img_0.jpg,2,1,1,0.5,0.0
FastVLM-7B,mme_celebrity_tt0091042_shot_0098_img_0.jpg,2,1,1,0.5,0.0
FastVLM-7B,mme_celebrity_tt0091738_shot_0073_img_1.jpg,2,1,1,0.5,0.0
FastVLM-7B,mme_celebrity_tt0091867_shot_0422_img_2.jpg,2,1,1,0.5,0.0
FastVLM-7B,mme_celebrity_tt0093565_shot_0409_img_0.jpg,2,1,1,0.5,0.0
FastVLM-7B,mme_celebrity_tt0093773_shot_0212_img_0.jpg,2,1,1,0.5,0.0
FastVLM-7B,mme_celebrity_tt0094226_shot_0237_img_2.jpg,2,1,1,0.5,0.0
FastVLM-7B,mme_celebrity_tt0095016_shot_1170_img_0.jpg,2,1,1,0.5,0.0
FastVLM-7B,mme_celebrity_tt0095250_shot_0509_img_0.jpg,2,1,1,0.5,0.0
FastVLM-7B,mme_celebrity_tt0095765_shot_0008_img_0.jpg,2,1,1,0.5,0.0
FastVLM-7B,mme_celebrity_tt0096754_shot_0570_img_1.jpg,2,1,1,0.5,0.0
FastVLM-7B,mme_celebrity_tt0096874_shot_0647_img_0.jpg,2,1,1,0.5,0.0
FastVLM-7B,mme_celebrity_tt0096895_shot_0819_img_1.jpg,2,1,1,0.5,0.0
FastVLM-7B,mme_celebrity_tt0097428_shot_0106_img_0.jpg,2,1,1,0.5,0.0
FastVLM-7B,mme_celebrity_tt0097576_shot_1010_img_2.jpg,2,1,1,0.5,0.0
FastVLM-7B,mme_celebrity_tt0099423_shot_1010_img_0.jpg,2,1,1,0.5,0.0
FastVLM-7B,mme_celebrity_tt0099685_shot_1132_img_0.jpg,2,1,1,0.5,0.0
FastVLM-7B,mme_celebrity_tt0100157_shot_0365_img_0.jpg,2,1,1,0.5,0.0
FastVLM-7B,mme_celebrity_tt0102492_shot_0086_img_0.jpg,2,1,1,0.5,0.0
FastVLM-7B,mme_celebrity_tt0103776_shot_0719_img_0.jpg,2,1,1,0.5,0.0
FastVLM-7B,mme_celebrity_tt0105236_shot_0193_img_0.jpg,2,1,1,0.5,0.0
FastVLM-7B,mme_celebrity_tt0105695_shot_1436_img_1.jpg,2,1,1,0.5,0.0
FastVLM-7B,mme_celebrity_tt0109831_shot_0298_img_0.jpg,2,1,1,0.5,0.0
FastVLM-7B,mme_celebrity_tt0111280_shot_1479_img_2.jpg,2,1,1,0.5,0.0
FastVLM-7B,mme_celebrity_tt0112384_shot_0878_img_0.jpg,2,1,1,0.5,0.0
FastVLM-7B,mme_celebrity_tt0112641_shot_0412_img_1.jpg,2,1,1,0.5,0.0
FastVLM-7B,mme_celebrity_tt0112740_shot_1056_img_0.jpg,2,1,1,0.5,0.0
FastVLM-7B,mme_celebrity_tt0114369_shot_1138_img_0.jpg,2,1,1,0.5,0.0
FastVLM-7B,mme_celebrity_tt0114388_shot_1207_img_1.jpg,2,1,1,0.5,0.0
FastVLM-7B,mme_celebrity_tt0116695_shot_0343_img_0.jpg,2,1,1,0.5,0.0
FastVLM-7B,mme_celebrity_tt0117381_shot_0798_img_1.jpg,2,1,1,0.5,0.0
FastVLM-7B,mme_celebrity_tt0117500_shot_2467_img_0.jpg,2,1,1,0.5,0.0
FastVLM-7B,mme_celebrity_tt0117509_shot_0041_img_0.jpg,2,1,1,0.5,0.0
FastVLM-7B,mme_celebrity_tt0118571_shot_0627_img_0.jpg,2,1,1,0.5,0.0
FastVLM-7B,mme_celebrity_tt0118636_shot_0344_img_0.jpg,2,1,1,0.5,0.0
FastVLM-7B,mme_celebrity_tt0118689_shot_0706_img_0.jpg,2,1,1,0.5,0.0
FastVLM-7B,mme_celebrity_tt0118715_shot_0079_img_0.jpg,2,1,1,0.5,0.0
FastVLM-7B,mme_celebrity_tt0118749_shot_0795_img_0.jpg,2,1,1,0.5,0.0
FastVLM-7B,mme_celebrity_tt0118971_shot_0679_img_0.jpg,2,1,1,0.5,0.0
FastVLM-7B,mme_celebrity_tt0119008_shot_0979_img_0.jpg,2,1,1,0.5,0.0
FastVLM-7B,mme_celebrity_tt0119314_shot_0572_img_0.jpg,2,1,1,0.5,0.0
FastVLM-7B,mme_celebrity_tt0119528_shot_0171_img_0.jpg,2,1,1,0.5,0.0
FastVLM-7B,mme_celebrity_tt0119528_shot_0761_img_1.jpg,2,1,1,0.5,0.0
FastVLM-7B,mme_celebrity_tt0119643_shot_0330_img_0.jpg,2,1,1,0.5,0.0
FastVLM-7B,mme_celebrity_tt0119822_shot_0878_img_0.jpg,2,1,1,0.5,0.0
FastVLM-7B,mme_celebrity_tt0120338_shot_1130_img_2.jpg,2,1,1,0.5,0.0
FastVLM-7B,mme_code_reasoning_0016.png,2,1,1,0.5,0.0
FastVLM-7B,mme_code_reasoning_0019.png,2,1,1,0.5,0.0
FastVLM-7B,mme_color_000000053994.jpg,2,1,1,0.5,0.0
FastVLM-7B,mme_color_000000492362.jpg,2,1,1,0.5,0.0
FastVLM-7B,mme_commonsense_reasoning_0021.png,2,1,1,0.5,0.0
FastVLM-7B,mme_commonsense_reasoning_0023.png,2,1,1,0.5,0.0
FastVLM-7B,mme_commonsense_reasoning_0024.png,2,1,1,0.5,0.0
FastVLM-7B,mme_commonsense_reasoning_0030.png,2,1,1,0.5,0.0
FastVLM-7B,mme_commonsense_reasoning_0032.png,2,1,1,0.5,0.0
FastVLM-7B,mme_commonsense_reasoning_0038.png,2,1,1,0.5,0.0
FastVLM-7B,mme_commonsense_reasoning_0041.png,2,1,1,0.5,0.0
FastVLM-7B,mme_commonsense_reasoning_0045.png,2,1,1,0.5,0.0
FastVLM-7B,mme_commonsense_reasoning_0047.png,2,1,1,0.5,0.0
FastVLM-7B,mme_commonsense_reasoning_0053.png,2,1,1,0.5,0.0
FastVLM-7B,mme_commonsense_reasoning_0054.png,2,1,1,0.5,0.0
FastVLM-7B,mme_commonsense_reasoning_0059.png,2,1,1,0.5,0.0
FastVLM-7B,mme_commonsense_reasoning_0066.png,2,1,1,0.5,0.0
FastVLM-7B,mme_landmark_006e3342b57aa3b4.jpg,2,1,1,0.5,0.0
FastVLM-7B,mme_numerical_calculation_0011.png,2,1,1,0.5,0.0
FastVLM-7B,mme_numerical_calculation_0013.png,2,1,1,0.5,0.0
FastVLM-7B,mme_position_000000031248.jpg,2,1,1,0.5,0.0
FastVLM-7B,mme_position_000000056127.jpg,2,1,1,0.5,0.0
FastVLM-7B,mme_position_000000062025.jpg,2,1,1,0.5,0.0
FastVLM-7B,mme_position_000000097994.jpg,2,1,1,0.5,0.0
FastVLM-7B,mme_position_000000212800.jpg,2,1,1,0.5,0.0
FastVLM-7B,mme_position_000000482585.jpg,2,1,1,0.5,0.0
FastVLM-7B,mme_position_000000509699.jpg,2,1,1,0.5,0.0
FastVLM-7B,mme_posters_tt0070291.jpg,2,1,1,0.5,0.0
FastVLM-7B,mme_posters_tt0083907.jpg,2,1,1,0.5,0.0
FastVLM-7B,mme_posters_tt0083946.jpg,2,1,1,0.5,0.0
FastVLM-7B,mme_posters_tt0100112.jpg,2,1,1,0.5,0.0
FastVLM-7B,mme_posters_tt0119303.jpg,2,1,1,0.5,0.0
FastVLM-7B,mme_posters_tt0120738.jpg,2,1,1,0.5,0.0
FastVLM-7B,mme_posters_tt0264395.jpg,2,1,1,0.5,0.0
FastVLM-7B,mme_posters_tt0433035.jpg,2,1,1,0.5,0.0
FastVLM-7B,mme_posters_tt0443680.jpg,2,1,1,0.5,0.0
FastVLM-7B,mme_posters_tt0449088.jpg,2,1,1,0.5,0.0
FastVLM-7B,mme_posters_tt0450259.jpg,2,1,1,0.5,0.0
FastVLM-7B,mme_posters_tt1099212.jpg,2,1,1,0.5,0.0
FastVLM-7B,mme_posters_tt1300851.jpg,2,1,1,0.5,0.0
FastVLM-7B,mme_posters_tt1438176.jpg,2,1,1,0.5,0.0
FastVLM-7B,mme_posters_tt1971325.jpg,2,1,1,0.5,0.0
FastVLM-7B,mme_posters_tt3316960.jpg,2,1,1,0.5,0.0
FastVLM-7B,mme_posters_tt3465916.jpg,2,1,1,0.5,0.0
FastVLM-7B,mme_posters_tt3700804.jpg,2,1,1,0.5,0.0
FastVLM-7B,mme_posters_tt4046784.jpg,2,1,1,0.5,0.0
FastVLM-7B,mme_scene_Places365_val_00000181.jpg,2,1,1,0.5,0.0
FastVLM-7B,mme_text_translation_0006.png,2,1,1,0.5,0.0
FastVLM-7B,mme_text_translation_0019.png,2,1,1,0.5,0.0
FastVLM-7B,mme_text_translation_0020.png,2,1,1,0.5,0.0
FastVLM-7B,pope_124.jpg,2,1,1,0.5,0.0
FastVLM-7B,pope_1538.jpg,2,1,1,0.5,0.0
FastVLM-7B,pope_1565.jpg,2,1,1,0.5,0.0
FastVLM-7B,pope_1722.jpg,2,1,1,0.5,0.0
FastVLM-7B,pope_1784.jpg,2,1,1,0.5,0.0
FastVLM-7B,pope_582.jpg,2,1,1,0.5,0.0
FastVLM-7B,pope_776.jpg,2,1,1,0.5,0.0
FastVLM-7B,AMBER_385.jpg,5,2,3,0.4,0.09999999999999998
FastVLM-7B,AMBER_71.jpg,5,2,3,0.4,0.09999999999999998
FastVLM-7B,AMBER_826.jpg,5,3,2,0.6,0.09999999999999998
FastVLM-7B,AMBER_93.jpg,5,2,3,0.4,0.09999999999999998
FastVLM-7B,AMBER_60.jpg,8,3,5,0.375,0.125
FastVLM-7B,AMBER_525.jpg,3,2,1,0.6666666666666666,0.16666666666666663
FastVLM-7B,AMBER_636.jpg,3,2,1,0.6666666666666666,0.16666666666666663
FastVLM-7B,AMBER_668.jpg,3,2,1,0.6666666666666666,0.16666666666666663
FastVLM-7B,AMBER_953.jpg,3,2,1,0.6666666666666666,0.16666666666666663
FastVLM-7B,hallusionbench_chart_14_1.png,3,2,1,0.6666666666666666,0.16666666666666663
FastVLM-7B,hallusionbench_chart_14_2.png,3,2,1,0.6666666666666666,0.16666666666666663
FastVLM-7B,hallusionbench_illusion_11_0.png,3,2,1,0.6666666666666666,0.16666666666666663
FastVLM-7B,hallusionbench_illusion_1_1.png,3,2,1,0.6666666666666666,0.16666666666666663
FastVLM-7B,hallusionbench_illusion_25_0.png,3,2,1,0.6666666666666666,0.16666666666666663
FastVLM-7B,hallusionbench_math_0_1.png,3,2,1,0.6666666666666666,0.16666666666666663
FastVLM-7B,hallusionbench_math_10_1.png,3,2,1,0.6666666666666666,0.16666666666666663
FastVLM-7B,hallusionbench_math_11_0.png,3,2,1,0.6666666666666666,0.16666666666666663
FastVLM-7B,hallusionbench_math_11_1.png,3,2,1,0.6666666666666666,0.16666666666666663
FastVLM-7B,hallusionbench_math_12_0.png,3,2,1,0.6666666666666666,0.16666666666666663
FastVLM-7B,hallusionbench_math_16_1.png,3,2,1,0.6666666666666666,0.16666666666666663
FastVLM-7B,hallusionbench_math_17_1.png,3,2,1,0.6666666666666666,0.16666666666666663
FastVLM-7B,hallusionbench_math_5_0.png,3,2,1,0.6666666666666666,0.16666666666666663
FastVLM-7B,hallusionbench_table_2_3.png,3,2,1,0.6666666666666666,0.16666666666666663
FastVLM-7B,hallusionbench_video_13_0.png,3,2,1,0.6666666666666666,0.16666666666666663
FastVLM-7B,AMBER_127.jpg,6,2,4,0.3333333333333333,0.16666666666666669
FastVLM-7B,AMBER_130.jpg,3,1,2,0.3333333333333333,0.16666666666666669
FastVLM-7B,AMBER_134.jpg,3,1,2,0.3333333333333333,0.16666666666666669
FastVLM-7B,AMBER_146.jpg,3,1,2,0.3333333333333333,0.16666666666666669
FastVLM-7B,AMBER_203.jpg,3,1,2,0.3333333333333333,0.16666666666666669
FastVLM-7B,AMBER_204.jpg,3,1,2,0.3333333333333333,0.16666666666666669
FastVLM-7B,AMBER_230.jpg,3,1,2,0.3333333333333333,0.16666666666666669
FastVLM-7B,AMBER_232.jpg,3,1,2,0.3333333333333333,0.16666666666666669
FastVLM-7B,AMBER_242.jpg,3,1,2,0.3333333333333333,0.16666666666666669
FastVLM-7B,AMBER_257.jpg,3,1,2,0.3333333333333333,0.16666666666666669
FastVLM-7B,AMBER_270.jpg,3,1,2,0.3333333333333333,0.16666666666666669
FastVLM-7B,AMBER_275.jpg,3,1,2,0.3333333333333333,0.16666666666666669
FastVLM-7B,AMBER_331.jpg,3,1,2,0.3333333333333333,0.16666666666666669
FastVLM-7B,AMBER_345.jpg,3,1,2,0.3333333333333333,0.16666666666666669
FastVLM-7B,AMBER_349.jpg,3,1,2,0.3333333333333333,0.16666666666666669
FastVLM-7B,AMBER_359.jpg,3,1,2,0.3333333333333333,0.16666666666666669
FastVLM-7B,AMBER_361.jpg,3,1,2,0.3333333333333333,0.16666666666666669
FastVLM-7B,AMBER_370.jpg,3,1,2,0.3333333333333333,0.16666666666666669
FastVLM-7B,AMBER_382.jpg,3,1,2,0.3333333333333333,0.16666666666666669
FastVLM-7B,AMBER_419.jpg,3,1,2,0.3333333333333333,0.16666666666666669
FastVLM-7B,AMBER_427.jpg,3,1,2,0.3333333333333333,0.16666666666666669
FastVLM-7B,AMBER_434.jpg,3,1,2,0.3333333333333333,0.16666666666666669
FastVLM-7B,AMBER_440.jpg,3,1,2,0.3333333333333333,0.16666666666666669
FastVLM-7B,AMBER_487.jpg,3,1,2,0.3333333333333333,0.16666666666666669
FastVLM-7B,AMBER_499.jpg,3,1,2,0.3333333333333333,0.16666666666666669
FastVLM-7B,AMBER_506.jpg,3,1,2,0.3333333333333333,0.16666666666666669
FastVLM-7B,AMBER_521.jpg,3,1,2,0.3333333333333333,0.16666666666666669
FastVLM-7B,AMBER_53.jpg,3,1,2,0.3333333333333333,0.16666666666666669
FastVLM-7B,AMBER_540.jpg,3,1,2,0.3333333333333333,0.16666666666666669
FastVLM-7B,AMBER_543.jpg,3,1,2,0.3333333333333333,0.16666666666666669
FastVLM-7B,AMBER_551.jpg,3,1,2,0.3333333333333333,0.16666666666666669
FastVLM-7B,AMBER_552.jpg,3,1,2,0.3333333333333333,0.16666666666666669
FastVLM-7B,AMBER_591.jpg,6,2,4,0.3333333333333333,0.16666666666666669
FastVLM-7B,AMBER_598.jpg,3,1,2,0.3333333333333333,0.16666666666666669
FastVLM-7B,AMBER_607.jpg,3,1,2,0.3333333333333333,0.16666666666666669
FastVLM-7B,AMBER_625.jpg,3,1,2,0.3333333333333333,0.16666666666666669
FastVLM-7B,AMBER_632.jpg,3,1,2,0.3333333333333333,0.16666666666666669
FastVLM-7B,AMBER_649.jpg,3,1,2,0.3333333333333333,0.16666666666666669
FastVLM-7B,AMBER_650.jpg,6,2,4,0.3333333333333333,0.16666666666666669
FastVLM-7B,AMBER_666.jpg,3,1,2,0.3333333333333333,0.16666666666666669
FastVLM-7B,AMBER_67.jpg,3,1,2,0.3333333333333333,0.16666666666666669
FastVLM-7B,AMBER_682.jpg,3,1,2,0.3333333333333333,0.16666666666666669
FastVLM-7B,AMBER_688.jpg,3,1,2,0.3333333333333333,0.16666666666666669
FastVLM-7B,AMBER_722.jpg,3,1,2,0.3333333333333333,0.16666666666666669
FastVLM-7B,AMBER_755.jpg,3,1,2,0.3333333333333333,0.16666666666666669
FastVLM-7B,AMBER_766.jpg,3,1,2,0.3333333333333333,0.16666666666666669
FastVLM-7B,AMBER_841.jpg,3,1,2,0.3333333333333333,0.16666666666666669
FastVLM-7B,hallusionbench_illusion_11_1.png,3,1,2,0.3333333333333333,0.16666666666666669
FastVLM-7B,hallusionbench_illusion_5_0.png,3,1,2,0.3333333333333333,0.16666666666666669
FastVLM-7B,hallusionbench_illusion_5_1.png,3,1,2,0.3333333333333333,0.16666666666666669
FastVLM-7B,hallusionbench_math_10_0.png,3,1,2,0.3333333333333333,0.16666666666666669
FastVLM-7B,hallusionbench_math_13_0.png,3,1,2,0.3333333333333333,0.16666666666666669
FastVLM-7B,hallusionbench_math_14_0.png,3,1,2,0.3333333333333333,0.16666666666666669
FastVLM-7B,hallusionbench_math_14_1.png,3,1,2,0.3333333333333333,0.16666666666666669
FastVLM-7B,hallusionbench_math_15_0.png,3,1,2,0.3333333333333333,0.16666666666666669
FastVLM-7B,hallusionbench_math_15_1.png,3,1,2,0.3333333333333333,0.16666666666666669
FastVLM-7B,hallusionbench_math_16_0.png,3,1,2,0.3333333333333333,0.16666666666666669
FastVLM-7B,hallusionbench_math_3_0.png,3,1,2,0.3333333333333333,0.16666666666666669
FastVLM-7B,hallusionbench_math_6_0.png,3,1,2,0.3333333333333333,0.16666666666666669
FastVLM-7B,hallusionbench_table_0_1.png,3,1,2,0.3333333333333333,0.16666666666666669
FastVLM-7B,hallusionbench_table_0_2.png,3,1,2,0.3333333333333333,0.16666666666666669
FastVLM-7B,hallusionbench_table_2_2.png,3,1,2,0.3333333333333333,0.16666666666666669
FastVLM-7B,hallusionbench_table_5_2.png,3,1,2,0.3333333333333333,0.16666666666666669
FastVLM-7B,hallusionbench_table_7_2.png,6,2,4,0.3333333333333333,0.16666666666666669
FastVLM-7B,hallusionbench_video_12_0.png,3,1,2,0.3333333333333333,0.16666666666666669
FastVLM-7B,hallusionbench_video_12_1.png,3,1,2,0.3333333333333333,0.16666666666666669
FastVLM-7B,hallusionbench_video_12_2.png,3,1,2,0.3333333333333333,0.16666666666666669
FastVLM-7B,hallusionbench_video_2_0.png,3,1,2,0.3333333333333333,0.16666666666666669
FastVLM-7B,hallusionbench_video_9_0.png,3,1,2,0.3333333333333333,0.16666666666666669
FastVLM-7B,AMBER_291.jpg,7,2,5,0.2857142857142857,0.2142857142857143
FastVLM-7B,AMBER_405.jpg,7,2,5,0.2857142857142857,0.2142857142857143
FastVLM-7B,AMBER_105.jpg,8,2,6,0.25,0.25
FastVLM-7B,AMBER_135.jpg,4,1,3,0.25,0.25
FastVLM-7B,AMBER_138.jpg,4,1,3,0.25,0.25
FastVLM-7B,AMBER_141.jpg,4,1,3,0.25,0.25
FastVLM-7B,AMBER_143.jpg,4,1,3,0.25,0.25
FastVLM-7B,AMBER_144.jpg,4,1,3,0.25,0.25
FastVLM-7B,AMBER_178.jpg,4,1,3,0.25,0.25
FastVLM-7B,AMBER_183.jpg,4,1,3,0.25,0.25
FastVLM-7B,AMBER_185.jpg,4,1,3,0.25,0.25
FastVLM-7B,AMBER_19.jpg,4,1,3,0.25,0.25
FastVLM-7B,AMBER_229.jpg,4,1,3,0.25,0.25
FastVLM-7B,AMBER_231.jpg,4,1,3,0.25,0.25
FastVLM-7B,AMBER_287.jpg,4,1,3,0.25,0.25
FastVLM-7B,AMBER_295.jpg,4,1,3,0.25,0.25
FastVLM-7B,AMBER_3.jpg,4,1,3,0.25,0.25
FastVLM-7B,AMBER_309.jpg,4,1,3,0.25,0.25
FastVLM-7B,AMBER_316.jpg,4,1,3,0.25,0.25
FastVLM-7B,AMBER_328.jpg,4,1,3,0.25,0.25
FastVLM-7B,AMBER_329.jpg,4,1,3,0.25,0.25
FastVLM-7B,AMBER_348.jpg,4,1,3,0.25,0.25
FastVLM-7B,AMBER_38.jpg,4,1,3,0.25,0.25
FastVLM-7B,AMBER_398.jpg,4,1,3,0.25,0.25
FastVLM-7B,AMBER_402.jpg,4,1,3,0.25,0.25
FastVLM-7B,AMBER_416.jpg,4,1,3,0.25,0.25
FastVLM-7B,AMBER_467.jpg,4,1,3,0.25,0.25
FastVLM-7B,AMBER_527.jpg,4,1,3,0.25,0.25
FastVLM-7B,AMBER_529.jpg,4,1,3,0.25,0.25
FastVLM-7B,AMBER_542.jpg,4,1,3,0.25,0.25
FastVLM-7B,AMBER_545.jpg,4,1,3,0.25,0.25
FastVLM-7B,AMBER_548.jpg,4,1,3,0.25,0.25
FastVLM-7B,AMBER_561.jpg,4,1,3,0.25,0.25
FastVLM-7B,AMBER_566.jpg,4,1,3,0.25,0.25
FastVLM-7B,AMBER_575.jpg,4,1,3,0.25,0.25
FastVLM-7B,AMBER_601.jpg,4,1,3,0.25,0.25
FastVLM-7B,AMBER_615.jpg,4,1,3,0.25,0.25
FastVLM-7B,AMBER_619.jpg,8,2,6,0.25,0.25
FastVLM-7B,AMBER_658.jpg,4,1,3,0.25,0.25
FastVLM-7B,AMBER_663.jpg,4,1,3,0.25,0.25
FastVLM-7B,AMBER_669.jpg,4,1,3,0.25,0.25
FastVLM-7B,AMBER_69.jpg,4,1,3,0.25,0.25
FastVLM-7B,AMBER_700.jpg,4,1,3,0.25,0.25
FastVLM-7B,AMBER_702.jpg,4,1,3,0.25,0.25
FastVLM-7B,AMBER_706.jpg,4,1,3,0.25,0.25
FastVLM-7B,AMBER_707.jpg,4,1,3,0.25,0.25
FastVLM-7B,AMBER_721.jpg,4,1,3,0.25,0.25
FastVLM-7B,AMBER_729.jpg,4,1,3,0.25,0.25
FastVLM-7B,AMBER_730.jpg,4,1,3,0.25,0.25
FastVLM-7B,AMBER_731.jpg,4,1,3,0.25,0.25
FastVLM-7B,AMBER_74.jpg,4,1,3,0.25,0.25
FastVLM-7B,AMBER_743.jpg,4,1,3,0.25,0.25
FastVLM-7B,AMBER_748.jpg,4,1,3,0.25,0.25
FastVLM-7B,AMBER_76.jpg,4,1,3,0.25,0.25
FastVLM-7B,AMBER_78.jpg,4,1,3,0.25,0.25
FastVLM-7B,AMBER_782.jpg,4,1,3,0.25,0.25
FastVLM-7B,AMBER_786.jpg,4,1,3,0.25,0.25
FastVLM-7B,AMBER_803.jpg,4,1,3,0.25,0.25
FastVLM-7B,AMBER_82.jpg,4,1,3,0.25,0.25
FastVLM-7B,AMBER_833.jpg,4,1,3,0.25,0.25
FastVLM-7B,AMBER_856.jpg,4,1,3,0.25,0.25
FastVLM-7B,AMBER_861.jpg,4,1,3,0.25,0.25
FastVLM-7B,AMBER_911.jpg,4,1,3,0.25,0.25
FastVLM-7B,AMBER_918.jpg,4,1,3,0.25,0.25
FastVLM-7B,AMBER_935.jpg,4,1,3,0.25,0.25
FastVLM-7B,AMBER_94.jpg,4,1,3,0.25,0.25
FastVLM-7B,AMBER_967.jpg,4,1,3,0.25,0.25
FastVLM-7B,hallusionbench_chart_0_1.png,4,1,3,0.25,0.25
FastVLM-7B,hallusionbench_chart_10_2.png,4,1,3,0.25,0.25
FastVLM-7B,hallusionbench_chart_9_1.png,4,3,1,0.75,0.25
FastVLM-7B,hallusionbench_chart_9_2.png,4,3,1,0.75,0.25
FastVLM-7B,hallusionbench_map_0_2.png,4,3,1,0.75,0.25
FastVLM-7B,hallusionbench_map_5_1.png,4,1,3,0.25,0.25
FastVLM-7B,hallusionbench_table_6_1.png,4,1,3,0.25,0.25
FastVLM-7B,hallusionbench_table_9_2.png,4,1,3,0.25,0.25
FastVLM-7B,hallusionbench_video_11_1.png,4,1,3,0.25,0.25
FastVLM-7B,hallusionbench_video_14_0.png,4,1,3,0.25,0.25
FastVLM-7B,hallusionbench_video_14_2.png,4,1,3,0.25,0.25
FastVLM-7B,hallusionbench_video_18_0.png,4,1,3,0.25,0.25
FastVLM-7B,hallusionbench_video_18_2.png,4,1,3,0.25,0.25
FastVLM-7B,hallusionbench_video_1_2.png,4,1,3,0.25,0.25
FastVLM-7B,hallusionbench_video_3_0.png,4,1,3,0.25,0.25
FastVLM-7B,hallusionbench_video_3_2.png,4,3,1,0.75,0.25
FastVLM-7B,hallusionbench_video_4_1.png,4,1,3,0.25,0.25
FastVLM-7B,hallusionbench_video_4_2.png,4,1,3,0.25,0.25
FastVLM-7B,hallusionbench_video_5_0.png,4,3,1,0.75,0.25
FastVLM-7B,hallusionbench_video_6_0.png,4,1,3,0.25,0.25
FastVLM-7B,hallusionbench_video_7_1.png,4,3,1,0.75,0.25
FastVLM-7B,hallusionbench_video_8_0.png,4,1,3,0.25,0.25
FastVLM-7B,AMBER_1002.jpg,5,1,4,0.2,0.3
FastVLM-7B,AMBER_107.jpg,5,1,4,0.2,0.3
FastVLM-7B,AMBER_118.jpg,5,1,4,0.2,0.3
FastVLM-7B,AMBER_119.jpg,5,1,4,0.2,0.3
FastVLM-7B,AMBER_147.jpg,5,1,4,0.2,0.3
FastVLM-7B,AMBER_16.jpg,5,1,4,0.2,0.3
FastVLM-7B,AMBER_197.jpg,5,1,4,0.2,0.3
FastVLM-7B,AMBER_206.jpg,5,1,4,0.2,0.3
FastVLM-7B,AMBER_208.jpg,5,1,4,0.2,0.3
FastVLM-7B,AMBER_211.jpg,10,2,8,0.2,0.3
FastVLM-7B,AMBER_214.jpg,5,1,4,0.2,0.3
FastVLM-7B,AMBER_221.jpg,5,1,4,0.2,0.3
FastVLM-7B,AMBER_236.jpg,5,1,4,0.2,0.3
FastVLM-7B,AMBER_259.jpg,5,1,4,0.2,0.3
FastVLM-7B,AMBER_285.jpg,5,1,4,0.2,0.3
FastVLM-7B,AMBER_286.jpg,5,1,4,0.2,0.3
FastVLM-7B,AMBER_315.jpg,5,1,4,0.2,0.3
FastVLM-7B,AMBER_318.jpg,5,1,4,0.2,0.3
FastVLM-7B,AMBER_384.jpg,5,1,4,0.2,0.3
FastVLM-7B,AMBER_395.jpg,5,1,4,0.2,0.3
FastVLM-7B,AMBER_424.jpg,5,1,4,0.2,0.3
FastVLM-7B,AMBER_452.jpg,5,1,4,0.2,0.3
FastVLM-7B,AMBER_49.jpg,5,1,4,0.2,0.3
FastVLM-7B,AMBER_522.jpg,5,1,4,0.2,0.3
FastVLM-7B,AMBER_526.jpg,5,1,4,0.2,0.3
FastVLM-7B,AMBER_546.jpg,5,1,4,0.2,0.3
FastVLM-7B,AMBER_555.jpg,5,1,4,0.2,0.3
FastVLM-7B,AMBER_594.jpg,5,1,4,0.2,0.3
FastVLM-7B,AMBER_595.jpg,5,1,4,0.2,0.3
FastVLM-7B,AMBER_609.jpg,5,1,4,0.2,0.3
FastVLM-7B,AMBER_622.jpg,5,1,4,0.2,0.3
FastVLM-7B,AMBER_64.jpg,5,1,4,0.2,0.3
FastVLM-7B,AMBER_646.jpg,5,1,4,0.2,0.3
FastVLM-7B,AMBER_66.jpg,5,1,4,0.2,0.3
FastVLM-7B,AMBER_726.jpg,5,1,4,0.2,0.3
FastVLM-7B,AMBER_741.jpg,5,1,4,0.2,0.3
FastVLM-7B,AMBER_745.jpg,5,1,4,0.2,0.3
FastVLM-7B,AMBER_749.jpg,5,1,4,0.2,0.3
FastVLM-7B,AMBER_81.jpg,5,1,4,0.2,0.3
FastVLM-7B,AMBER_848.jpg,5,1,4,0.2,0.3
FastVLM-7B,AMBER_851.jpg,5,1,4,0.2,0.3
FastVLM-7B,AMBER_947.jpg,5,1,4,0.2,0.3
FastVLM-7B,AMBER_964.jpg,5,1,4,0.2,0.3
FastVLM-7B,AMBER_975.jpg,5,1,4,0.2,0.3
FastVLM-7B,AMBER_994.jpg,5,1,4,0.2,0.3
FastVLM-7B,AMBER_1004.jpg,6,1,5,0.16666666666666666,0.33333333333333337
FastVLM-7B,AMBER_109.jpg,6,1,5,0.16666666666666666,0.33333333333333337
FastVLM-7B,AMBER_169.jpg,6,1,5,0.16666666666666666,0.33333333333333337
FastVLM-7B,AMBER_174.jpg,6,1,5,0.16666666666666666,0.33333333333333337
FastVLM-7B,AMBER_207.jpg,6,1,5,0.16666666666666666,0.33333333333333337
FastVLM-7B,AMBER_235.jpg,6,1,5,0.16666666666666666,0.33333333333333337
FastVLM-7B,AMBER_244.jpg,6,1,5,0.16666666666666666,0.33333333333333337
FastVLM-7B,AMBER_249.jpg,6,1,5,0.16666666666666666,0.33333333333333337
FastVLM-7B,AMBER_255.jpg,6,1,5,0.16666666666666666,0.33333333333333337
FastVLM-7B,AMBER_311.jpg,6,1,5,0.16666666666666666,0.33333333333333337
FastVLM-7B,AMBER_371.jpg,6,1,5,0.16666666666666666,0.33333333333333337
FastVLM-7B,AMBER_374.jpg,6,1,5,0.16666666666666666,0.33333333333333337
FastVLM-7B,AMBER_386.jpg,6,1,5,0.16666666666666666,0.33333333333333337
FastVLM-7B,AMBER_414.jpg,6,1,5,0.16666666666666666,0.33333333333333337
FastVLM-7B,AMBER_473.jpg,6,1,5,0.16666666666666666,0.33333333333333337
FastVLM-7B,AMBER_504.jpg,6,1,5,0.16666666666666666,0.33333333333333337
FastVLM-7B,AMBER_524.jpg,6,1,5,0.16666666666666666,0.33333333333333337
FastVLM-7B,AMBER_579.jpg,6,1,5,0.16666666666666666,0.33333333333333337
FastVLM-7B,AMBER_588.jpg,6,1,5,0.16666666666666666,0.33333333333333337
FastVLM-7B,AMBER_621.jpg,6,1,5,0.16666666666666666,0.33333333333333337
FastVLM-7B,AMBER_662.jpg,6,1,5,0.16666666666666666,0.33333333333333337
FastVLM-7B,AMBER_670.jpg,6,1,5,0.16666666666666666,0.33333333333333337
FastVLM-7B,AMBER_68.jpg,6,1,5,0.16666666666666666,0.33333333333333337
FastVLM-7B,AMBER_686.jpg,6,1,5,0.16666666666666666,0.33333333333333337
FastVLM-7B,AMBER_687.jpg,6,1,5,0.16666666666666666,0.33333333333333337
FastVLM-7B,AMBER_720.jpg,6,1,5,0.16666666666666666,0.33333333333333337
FastVLM-7B,AMBER_79.jpg,6,1,5,0.16666666666666666,0.33333333333333337
FastVLM-7B,AMBER_799.jpg,6,1,5,0.16666666666666666,0.33333333333333337
FastVLM-7B,AMBER_897.jpg,6,1,5,0.16666666666666666,0.33333333333333337
FastVLM-7B,AMBER_9.jpg,6,1,5,0.16666666666666666,0.33333333333333337
FastVLM-7B,AMBER_99.jpg,6,1,5,0.16666666666666666,0.33333333333333337
FastVLM-7B,hallusionbench_table_7_3.png,6,1,5,0.16666666666666666,0.33333333333333337
FastVLM-7B,AMBER_1001.jpg,7,1,6,0.14285714285714285,0.35714285714285715
FastVLM-7B,AMBER_108.jpg,7,1,6,0.14285714285714285,0.35714285714285715
FastVLM-7B,AMBER_131.jpg,7,1,6,0.14285714285714285,0.35714285714285715
FastVLM-7B,AMBER_20.jpg,7,1,6,0.14285714285714285,0.35714285714285715
FastVLM-7B,AMBER_209.jpg,7,1,6,0.14285714285714285,0.35714285714285715
FastVLM-7B,AMBER_227.jpg,7,1,6,0.14285714285714285,0.35714285714285715
FastVLM-7B,AMBER_228.jpg,7,1,6,0.14285714285714285,0.35714285714285715
FastVLM-7B,AMBER_34.jpg,7,1,6,0.14285714285714285,0.35714285714285715
FastVLM-7B,AMBER_350.jpg,7,1,6,0.14285714285714285,0.35714285714285715
FastVLM-7B,AMBER_358.jpg,7,1,6,0.14285714285714285,0.35714285714285715
FastVLM-7B,AMBER_415.jpg,7,1,6,0.14285714285714285,0.35714285714285715
FastVLM-7B,AMBER_417.jpg,7,1,6,0.14285714285714285,0.35714285714285715
FastVLM-7B,AMBER_485.jpg,7,1,6,0.14285714285714285,0.35714285714285715
FastVLM-7B,AMBER_57.jpg,7,1,6,0.14285714285714285,0.35714285714285715
FastVLM-7B,AMBER_645.jpg,7,1,6,0.14285714285714285,0.35714285714285715
FastVLM-7B,AMBER_725.jpg,7,1,6,0.14285714285714285,0.35714285714285715
FastVLM-7B,AMBER_801.jpg,7,1,6,0.14285714285714285,0.35714285714285715
FastVLM-7B,AMBER_845.jpg,7,1,6,0.14285714285714285,0.35714285714285715
FastVLM-7B,AMBER_936.jpg,7,1,6,0.14285714285714285,0.35714285714285715
FastVLM-7B,AMBER_98.jpg,7,1,6,0.14285714285714285,0.35714285714285715
FastVLM-7B,AMBER_989.jpg,7,1,6,0.14285714285714285,0.35714285714285715
FastVLM-7B,AMBER_47.jpg,8,1,7,0.125,0.375
FastVLM-7B,AMBER_50.jpg,8,1,7,0.125,0.375
FastVLM-7B,AMBER_559.jpg,8,1,7,0.125,0.375
FastVLM-7B,AMBER_58.jpg,8,1,7,0.125,0.375
FastVLM-7B,AMBER_587.jpg,8,1,7,0.125,0.375
FastVLM-7B,AMBER_651.jpg,8,1,7,0.125,0.375
FastVLM-7B,hallusionbench_chart_1_1.png,8,1,7,0.125,0.375
FastVLM-7B,hallusionbench_chart_2_1.png,8,1,7,0.125,0.375
FastVLM-7B,AMBER_140.jpg,9,1,8,0.1111111111111111,0.3888888888888889
Gemma3-12B,AMBER_157.jpg,2,1,1,0.5,0.0
Gemma3-12B,AMBER_182.jpg,2,1,1,0.5,0.0
Gemma3-12B,AMBER_210.jpg,2,1,1,0.5,0.0
Gemma3-12B,AMBER_243.jpg,2,1,1,0.5,0.0
Gemma3-12B,AMBER_249.jpg,6,3,3,0.5,0.0
Gemma3-12B,AMBER_263.jpg,2,1,1,0.5,0.0
Gemma3-12B,AMBER_307.jpg,2,1,1,0.5,0.0
Gemma3-12B,AMBER_328.jpg,4,2,2,0.5,0.0
Gemma3-12B,AMBER_378.jpg,2,1,1,0.5,0.0
Gemma3-12B,AMBER_413.jpg,4,2,2,0.5,0.0
Gemma3-12B,AMBER_444.jpg,2,1,1,0.5,0.0
Gemma3-12B,AMBER_498.jpg,4,2,2,0.5,0.0
Gemma3-12B,AMBER_512.jpg,4,2,2,0.5,0.0
Gemma3-12B,AMBER_570.jpg,4,2,2,0.5,0.0
Gemma3-12B,AMBER_571.jpg,2,1,1,0.5,0.0
Gemma3-12B,AMBER_582.jpg,2,1,1,0.5,0.0
Gemma3-12B,AMBER_602.jpg,2,1,1,0.5,0.0
Gemma3-12B,AMBER_63.jpg,4,2,2,0.5,0.0
Gemma3-12B,AMBER_692.jpg,2,1,1,0.5,0.0
Gemma3-12B,AMBER_739.jpg,2,1,1,0.5,0.0
Gemma3-12B,AMBER_76.jpg,4,2,2,0.5,0.0
Gemma3-12B,AMBER_782.jpg,4,2,2,0.5,0.0
Gemma3-12B,AMBER_802.jpg,2,1,1,0.5,0.0
Gemma3-12B,AMBER_82.jpg,4,2,2,0.5,0.0
Gemma3-12B,AMBER_844.jpg,2,1,1,0.5,0.0
Gemma3-12B,AMBER_869.jpg,2,1,1,0.5,0.0
Gemma3-12B,AMBER_876.jpg,2,1,1,0.5,0.0
Gemma3-12B,AMBER_893.jpg,2,1,1,0.5,0.0
Gemma3-12B,AMBER_899.jpg,4,2,2,0.5,0.0
Gemma3-12B,AMBER_911.jpg,4,2,2,0.5,0.0
Gemma3-12B,AMBER_94.jpg,4,2,2,0.5,0.0
Gemma3-12B,AMBER_942.jpg,2,1,1,0.5,0.0
Gemma3-12B,AMBER_946.jpg,2,1,1,0.5,0.0
Gemma3-12B,AMBER_979.jpg,2,1,1,0.5,0.0
Gemma3-12B,AMBER_984.jpg,2,1,1,0.5,0.0
Gemma3-12B,hallusionbench_chart_0_1.png,4,2,2,0.5,0.0
Gemma3-12B,hallusionbench_chart_15_1.png,2,1,1,0.5,0.0
Gemma3-12B,hallusionbench_chart_19_1.png,2,1,1,0.5,0.0
Gemma3-12B,hallusionbench_chart_19_2.png,2,1,1,0.5,0.0
Gemma3-12B,hallusionbench_chart_20_1.png,2,1,1,0.5,0.0
Gemma3-12B,hallusionbench_chart_20_2.png,2,1,1,0.5,0.0
Gemma3-12B,hallusionbench_chart_5_1.png,4,2,2,0.5,0.0
Gemma3-12B,hallusionbench_chart_5_2.png,4,2,2,0.5,0.0
Gemma3-12B,hallusionbench_figure_10_1.png,2,1,1,0.5,0.0
Gemma3-12B,hallusionbench_figure_9_1.png,2,1,1,0.5,0.0
Gemma3-12B,hallusionbench_illusion_10_1.png,2,1,1,0.5,0.0
Gemma3-12B,hallusionbench_illusion_21_0.png,2,1,1,0.5,0.0
Gemma3-12B,hallusionbench_illusion_30_0.png,2,1,1,0.5,0.0
Gemma3-12B,hallusionbench_illusion_30_1.png,2,1,1,0.5,0.0
Gemma3-12B,hallusionbench_illusion_7_0.png,2,1,1,0.5,0.0
Gemma3-12B,hallusionbench_map_10_2.png,2,1,1,0.5,0.0
Gemma3-12B,hallusionbench_map_5_1.png,4,2,2,0.5,0.0
Gemma3-12B,hallusionbench_map_5_2.png,4,2,2,0.5,0.0
Gemma3-12B,hallusionbench_map_7_1.png,2,1,1,0.5,0.0
Gemma3-12B,hallusionbench_map_9_2.png,2,1,1,0.5,0.0
Gemma3-12B,hallusionbench_math_1_1.png,2,1,1,0.5,0.0
Gemma3-12B,hallusionbench_math_4_1.png,2,1,1,0.5,0.0
Gemma3-12B,hallusionbench_math_7_1.png,2,1,1,0.5,0.0
Gemma3-12B,hallusionbench_math_8_1.png,2,1,1,0.5,0.0
Gemma3-12B,hallusionbench_math_9_1.png,2,1,1,0.5,0.0
Gemma3-12B,hallusionbench_ocr_20_0.png,2,1,1,0.5,0.0
Gemma3-12B,hallusionbench_ocr_20_1.png,2,1,1,0.5,0.0
Gemma3-12B,hallusionbench_ocr_2_2.png,2,1,1,0.5,0.0
Gemma3-12B,hallusionbench_table_5_3.png,2,1,1,0.5,0.0
Gemma3-12B,hallusionbench_table_8_2.png,2,1,1,0.5,0.0
Gemma3-12B,hallusionbench_table_9_2.png,4,2,2,0.5,0.0
Gemma3-12B,hallusionbench_video_10_0.png,4,2,2,0.5,0.0
Gemma3-12B,hallusionbench_video_10_1.png,4,2,2,0.5,0.0
Gemma3-12B,hallusionbench_video_10_2.png,4,2,2,0.5,0.0
Gemma3-12B,hallusionbench_video_11_1.png,4,2,2,0.5,0.0
Gemma3-12B,hallusionbench_video_14_0.png,4,2,2,0.5,0.0
Gemma3-12B,hallusionbench_video_14_1.png,4,2,2,0.5,0.0
Gemma3-12B,hallusionbench_video_17_0.png,4,2,2,0.5,0.0
Gemma3-12B,hallusionbench_video_17_1.png,4,2,2,0.5,0.0
Gemma3-12B,hallusionbench_video_19_0.png,4,2,2,0.5,0.0
Gemma3-12B,hallusionbench_video_19_1.png,4,2,2,0.5,0.0
Gemma3-12B,hallusionbench_video_19_2.png,4,2,2,0.5,0.0
Gemma3-12B,hallusionbench_video_1_0.png,4,2,2,0.5,0.0
Gemma3-12B,hallusionbench_video_1_1.png,4,2,2,0.5,0.0
Gemma3-12B,hallusionbench_video_3_1.png,4,2,2,0.5,0.0
Gemma3-12B,hallusionbench_video_4_0.png,4,2,2,0.5,0.0
Gemma3-12B,hallusionbench_video_4_1.png,4,2,2,0.5,0.0
Gemma3-12B,hallusionbench_video_5_0.png,4,2,2,0.5,0.0
Gemma3-12B,hallusionbench_video_5_1.png,4,2,2,0.5,0.0
Gemma3-12B,hallusionbench_video_6_0.png,4,2,2,0.5,0.0
Gemma3-12B,hallusionbench_video_6_1.png,4,2,2,0.5,0.0
Gemma3-12B,hallusionbench_video_7_0.png,4,2,2,0.5,0.0
Gemma3-12B,hallusionbench_video_7_1.png,4,2,2,0.5,0.0
Gemma3-12B,hallusionbench_video_8_0.png,4,2,2,0.5,0.0
Gemma3-12B,hallusionbench_video_8_1.png,4,2,2,0.5,0.0
Gemma3-12B,haloquest_1937.png,2,1,1,0.5,0.0
Gemma3-12B,mme_artwork_22667.jpg,2,1,1,0.5,0.0
Gemma3-12B,mme_artwork_6297.jpg,2,1,1,0.5,0.0
Gemma3-12B,mme_celebrity_tt0032138_shot_0395_img_0.jpg,2,1,1,0.5,0.0
Gemma3-12B,mme_celebrity_tt0056869_shot_0320_img_0.jpg,2,1,1,0.5,0.0
Gemma3-12B,mme_celebrity_tt0064115_shot_0367_img_0.jpg,2,1,1,0.5,0.0
Gemma3-12B,mme_celebrity_tt0064665_shot_0300_img_0.jpg,2,1,1,0.5,0.0
Gemma3-12B,mme_celebrity_tt0065214_shot_0366_img_0.jpg,2,1,1,0.5,0.0
Gemma3-12B,mme_celebrity_tt0066921_shot_0631_img_0.jpg,2,1,1,0.5,0.0
Gemma3-12B,mme_celebrity_tt0068646_shot_0166_img_0.jpg,2,1,1,0.5,0.0
Gemma3-12B,mme_celebrity_tt0070511_shot_0639_img_0.jpg,2,1,1,0.5,0.0
Gemma3-12B,mme_celebrity_tt0070735_shot_0818_img_0.jpg,2,1,1,0.5,0.0
Gemma3-12B,mme_celebrity_tt0070849_shot_0021_img_1.jpg,2,1,1,0.5,0.0
Gemma3-12B,mme_celebrity_tt0071315_shot_0153_img_0.jpg,2,1,1,0.5,0.0
Gemma3-12B,mme_celebrity_tt0071562_shot_0684_img_0.jpg,2,1,1,0.5,0.0
Gemma3-12B,mme_celebrity_tt0074119_shot_0814_img_0.jpg,2,1,1,0.5,0.0
Gemma3-12B,mme_celebrity_tt0075148_shot_0618_img_0.jpg,2,1,1,0.5,0.0
Gemma3-12B,mme_celebrity_tt0077402_shot_1220_img_0.jpg,2,1,1,0.5,0.0
Gemma3-12B,mme_celebrity_tt0077416_shot_1442_img_0.jpg,2,1,1,0.5,0.0
Gemma3-12B,mme_celebrity_tt0077651_shot_0133_img_0.jpg,2,1,1,0.5,0.0
Gemma3-12B,mme_celebrity_tt0078788_shot_1434_img_0.jpg,2,1,1,0.5,0.0
Gemma3-12B,mme_celebrity_tt0079417_shot_0735_img_0.jpg,2,1,1,0.5,0.0
Gemma3-12B,mme_celebrity_tt0079470_shot_0798_img_0.jpg,2,1,1,0.5,0.0
Gemma3-12B,mme_celebrity_tt0079945_shot_1411_img_0.jpg,2,1,1,0.5,0.0
Gemma3-12B,mme_celebrity_tt0082971_shot_0831_img_0.jpg,2,1,1,0.5,0.0
Gemma3-12B,mme_celebrity_tt0083866_shot_0364_img_0.jpg,2,1,1,0.5,0.0
Gemma3-12B,mme_celebrity_tt0083907_shot_0633_img_0.jpg,2,1,1,0.5,0.0
Gemma3-12B,mme_celebrity_tt0083929_shot_0405_img_0.jpg,2,1,1,0.5,0.0
Gemma3-12B,mme_celebrity_tt0087332_shot_0798_img_0.jpg,2,1,1,0.5,0.0
Gemma3-12B,mme_celebrity_tt0087469_shot_0049_img_2.jpg,2,1,1,0.5,0.0
Gemma3-12B,mme_celebrity_tt0088993_shot_0569_img_0.jpg,2,1,1,0.5,0.0
Gemma3-12B,mme_celebrity_tt0089218_shot_0327_img_0.jpg,2,1,1,0.5,0.0
Gemma3-12B,mme_celebrity_tt0092099_shot_0455_img_1.jpg,2,1,1,0.5,0.0
Gemma3-12B,mme_celebrity_tt0092699_shot_0208_img_0.jpg,2,1,1,0.5,0.0
Gemma3-12B,mme_celebrity_tt0093565_shot_0409_img_0.jpg,2,1,1,0.5,0.0
Gemma3-12B,mme_celebrity_tt0095016_shot_1170_img_0.jpg,2,1,1,0.5,0.0
Gemma3-12B,mme_celebrity_tt0095250_shot_0509_img_0.jpg,2,1,1,0.5,0.0
Gemma3-12B,mme_celebrity_tt0095765_shot_0008_img_0.jpg,2,1,1,0.5,0.0
Gemma3-12B,mme_celebrity_tt0096754_shot_0570_img_1.jpg,2,1,1,0.5,0.0
Gemma3-12B,mme_celebrity_tt0096874_shot_0647_img_0.jpg,2,1,1,0.5,0.0
Gemma3-12B,mme_celebrity_tt0096895_shot_0819_img_1.jpg,2,1,1,0.5,0.0
Gemma3-12B,mme_celebrity_tt0097428_shot_0106_img_0.jpg,2,1,1,0.5,0.0
Gemma3-12B,mme_celebrity_tt0098635_shot_0556_img_0.jpg,2,1,1,0.5,0.0
Gemma3-12B,mme_celebrity_tt0098724_shot_0474_img_0.jpg,2,1,1,0.5,0.0
Gemma3-12B,mme_celebrity_tt0099685_shot_1132_img_0.jpg,2,1,1,0.5,0.0
Gemma3-12B,mme_celebrity_tt0099810_shot_0285_img_0.jpg,2,1,1,0.5,0.0
Gemma3-12B,mme_celebrity_tt0100403_shot_0517_img_0.jpg,2,1,1,0.5,0.0
Gemma3-12B,mme_celebrity_tt0101410_shot_0105_img_0.jpg,2,1,1,0.5,0.0
Gemma3-12B,mme_celebrity_tt0103776_shot_0719_img_0.jpg,2,1,1,0.5,0.0
Gemma3-12B,mme_celebrity_tt0106977_shot_1604_img_0.jpg,2,1,1,0.5,0.0
Gemma3-12B,mme_celebrity_tt0111280_shot_0258_img_0.jpg,2,1,1,0.5,0.0
Gemma3-12B,mme_celebrity_tt0111280_shot_1479_img_2.jpg,2,1,1,0.5,0.0
Gemma3-12B,mme_celebrity_tt0112384_shot_0878_img_0.jpg,2,1,1,0.5,0.0
Gemma3-12B,mme_celebrity_tt0114369_shot_1138_img_0.jpg,2,1,1,0.5,0.0
Gemma3-12B,mme_celebrity_tt0114388_shot_0162_img_0.jpg,2,1,1,0.5,0.0
Gemma3-12B,mme_celebrity_tt0116367_shot_0755_img_0.jpg,2,1,1,0.5,0.0
Gemma3-12B,mme_celebrity_tt0116695_shot_0343_img_0.jpg,2,1,1,0.5,0.0
Gemma3-12B,mme_celebrity_tt0117509_shot_0041_img_0.jpg,2,1,1,0.5,0.0
Gemma3-12B,mme_celebrity_tt0118655_shot_0279_img_0.jpg,2,1,1,0.5,0.0
Gemma3-12B,mme_celebrity_tt0118655_shot_1152_img_2.jpg,2,1,1,0.5,0.0
Gemma3-12B,mme_celebrity_tt0118749_shot_0795_img_0.jpg,2,1,1,0.5,0.0
Gemma3-12B,mme_celebrity_tt0118883_shot_0691_img_1.jpg,2,1,1,0.5,0.0
Gemma3-12B,mme_celebrity_tt0118971_shot_0679_img_0.jpg,2,1,1,0.5,0.0
Gemma3-12B,mme_celebrity_tt0119116_shot_0721_img_0.jpg,2,1,1,0.5,0.0
Gemma3-12B,mme_celebrity_tt0119528_shot_0171_img_0.jpg,2,1,1,0.5,0.0
Gemma3-12B,mme_celebrity_tt0119738_shot_0201_img_0.jpg,2,1,1,0.5,0.0
Gemma3-12B,mme_celebrity_tt0119822_shot_0878_img_0.jpg,2,1,1,0.5,0.0
Gemma3-12B,mme_color_000000053994.jpg,2,1,1,0.5,0.0
Gemma3-12B,mme_color_000000370208.jpg,2,1,1,0.5,0.0
Gemma3-12B,mme_commonsense_reasoning_0009.png,2,1,1,0.5,0.0
Gemma3-12B,mme_commonsense_reasoning_0011.png,2,1,1,0.5,0.0
Gemma3-12B,mme_commonsense_reasoning_0017.png,2,1,1,0.5,0.0
Gemma3-12B,mme_commonsense_reasoning_0024.png,2,1,1,0.5,0.0
Gemma3-12B,mme_commonsense_reasoning_0029.png,2,1,1,0.5,0.0
Gemma3-12B,mme_commonsense_reasoning_0030.png,2,1,1,0.5,0.0
Gemma3-12B,mme_commonsense_reasoning_0032.png,2,1,1,0.5,0.0
Gemma3-12B,mme_commonsense_reasoning_0038.png,2,1,1,0.5,0.0
Gemma3-12B,mme_commonsense_reasoning_0041.png,2,1,1,0.5,0.0
Gemma3-12B,mme_commonsense_reasoning_0045.png,2,1,1,0.5,0.0
Gemma3-12B,mme_commonsense_reasoning_0047.png,2,1,1,0.5,0.0
Gemma3-12B,mme_commonsense_reasoning_0053.png,2,1,1,0.5,0.0
Gemma3-12B,mme_commonsense_reasoning_0054.png,2,1,1,0.5,0.0
Gemma3-12B,mme_commonsense_reasoning_0059.png,2,1,1,0.5,0.0
Gemma3-12B,mme_count_000000427034.jpg,2,1,1,0.5,0.0
Gemma3-12B,mme_landmark_01b9b58a573c45f0.jpg,2,1,1,0.5,0.0
Gemma3-12B,mme_position_000000006471.jpg,2,1,1,0.5,0.0
Gemma3-12B,mme_position_000000007281.jpg,2,1,1,0.5,0.0
Gemma3-12B,mme_position_000000048504.jpg,2,1,1,0.5,0.0
Gemma3-12B,mme_position_000000052007.jpg,2,1,1,0.5,0.0
Gemma3-12B,mme_position_000000056127.jpg,2,1,1,0.5,0.0
Gemma3-12B,mme_position_000000097994.jpg,2,1,1,0.5,0.0
Gemma3-12B,mme_position_000000204871.jpg,2,1,1,0.5,0.0
Gemma3-12B,mme_position_000000211825.jpg,2,1,1,0.5,0.0
Gemma3-12B,mme_position_000000212800.jpg,2,1,1,0.5,0.0
Gemma3-12B,mme_position_000000405970.jpg,2,1,1,0.5,0.0
Gemma3-12B,mme_position_000000426241.jpg,2,1,1,0.5,0.0
Gemma3-12B,mme_position_000000472046.jpg,2,1,1,0.5,0.0
Gemma3-12B,mme_position_000000482585.jpg,2,1,1,0.5,0.0
Gemma3-12B,mme_position_000000494869.jpg,2,1,1,0.5,0.0
Gemma3-12B,mme_position_000000519569.jpg,2,1,1,0.5,0.0
Gemma3-12B,mme_posters_tt0083946.jpg,2,1,1,0.5,0.0
Gemma3-12B,mme_posters_tt0258463.jpg,2,1,1,0.5,0.0
Gemma3-12B,mme_posters_tt0264395.jpg,2,1,1,0.5,0.0
Gemma3-12B,mme_posters_tt0449088.jpg,2,1,1,0.5,0.0
Gemma3-12B,mme_posters_tt0450259.jpg,2,1,1,0.5,0.0
Gemma3-12B,mme_posters_tt1438176.jpg,2,1,1,0.5,0.0
Gemma3-12B,mme_posters_tt1606378.jpg,2,1,1,0.5,0.0
Gemma3-12B,mme_posters_tt2078768.jpg,2,1,1,0.5,0.0
Gemma3-12B,mme_posters_tt3498820.jpg,2,1,1,0.5,0.0
Gemma3-12B,mme_posters_tt3700804.jpg,2,1,1,0.5,0.0
Gemma3-12B,mme_scene_Places365_val_00000181.jpg,2,1,1,0.5,0.0
Gemma3-12B,pope_1634.jpg,2,1,1,0.5,0.0
Gemma3-12B,pope_1636.jpg,2,1,1,0.5,0.0
Gemma3-12B,pope_1722.jpg,2,1,1,0.5,0.0
Gemma3-12B,pope_1726.jpg,2,1,1,0.5,0.0
Gemma3-12B,pope_198.jpg,2,1,1,0.5,0.0
Gemma3-12B,pope_2384.jpg,2,1,1,0.5,0.0
Gemma3-12B,pope_2648.jpg,2,1,1,0.5,0.0
Gemma3-12B,pope_2682.jpg,2,1,1,0.5,0.0
Gemma3-12B,pope_2916.jpg,2,1,1,0.5,0.0
Gemma3-12B,pope_44.jpg,2,1,1,0.5,0.0
Gemma3-12B,pope_502.jpg,2,1,1,0.5,0.0
Gemma3-12B,pope_582.jpg,2,1,1,0.5,0.0
Gemma3-12B,pope_748.jpg,2,1,1,0.5,0.0
Gemma3-12B,pope_754.jpg,2,1,1,0.5,0.0
Gemma3-12B,AMBER_236.jpg,5,2,3,0.4,0.09999999999999998
Gemma3-12B,AMBER_491.jpg,5,2,3,0.4,0.09999999999999998
Gemma3-12B,AMBER_505.jpg,5,2,3,0.4,0.09999999999999998
Gemma3-12B,AMBER_538.jpg,5,3,2,0.6,0.09999999999999998
Gemma3-12B,AMBER_609.jpg,5,2,3,0.4,0.09999999999999998
Gemma3-12B,AMBER_61.jpg,5,3,2,0.6,0.09999999999999998
Gemma3-12B,AMBER_678.jpg,5,2,3,0.4,0.09999999999999998
Gemma3-12B,AMBER_734.jpg,5,2,3,0.4,0.09999999999999998
Gemma3-12B,AMBER_746.jpg,5,2,3,0.4,0.09999999999999998
Gemma3-12B,AMBER_749.jpg,5,2,3,0.4,0.09999999999999998
Gemma3-12B,AMBER_85.jpg,5,2,3,0.4,0.09999999999999998
Gemma3-12B,AMBER_996.jpg,5,2,3,0.4,0.09999999999999998
Gemma3-12B,AMBER_105.jpg,8,3,5,0.375,0.125
Gemma3-12B,hallusionbench_chart_2_1.png,8,3,5,0.375,0.125
Gemma3-12B,AMBER_217.jpg,3,2,1,0.6666666666666666,0.16666666666666663
Gemma3-12B,AMBER_242.jpg,3,2,1,0.6666666666666666,0.16666666666666663
Gemma3-12B,AMBER_460.jpg,3,2,1,0.6666666666666666,0.16666666666666663
Gemma3-12B,AMBER_55.jpg,3,2,1,0.6666666666666666,0.16666666666666663
Gemma3-12B,AMBER_666.jpg,3,2,1,0.6666666666666666,0.16666666666666663
Gemma3-12B,AMBER_693.jpg,3,2,1,0.6666666666666666,0.16666666666666663
Gemma3-12B,AMBER_841.jpg,3,2,1,0.6666666666666666,0.16666666666666663
Gemma3-12B,AMBER_859.jpg,3,2,1,0.6666666666666666,0.16666666666666663
Gemma3-12B,hallusionbench_chart_14_1.png,3,2,1,0.6666666666666666,0.16666666666666663
Gemma3-12B,hallusionbench_chart_14_2.png,3,2,1,0.6666666666666666,0.16666666666666663
Gemma3-12B,hallusionbench_illusion_0_0.png,3,2,1,0.6666666666666666,0.16666666666666663
Gemma3-12B,hallusionbench_illusion_11_0.png,3,2,1,0.6666666666666666,0.16666666666666663
Gemma3-12B,hallusionbench_illusion_11_1.png,3,2,1,0.6666666666666666,0.16666666666666663
Gemma3-12B,hallusionbench_illusion_25_0.png,3,2,1,0.6666666666666666,0.16666666666666663
Gemma3-12B,hallusionbench_map_8_2.png,3,2,1,0.6666666666666666,0.16666666666666663
Gemma3-12B,hallusionbench_math_11_1.png,3,2,1,0.6666666666666666,0.16666666666666663
Gemma3-12B,hallusionbench_math_12_0.png,3,2,1,0.6666666666666666,0.16666666666666663
Gemma3-12B,hallusionbench_math_14_1.png,3,2,1,0.6666666666666666,0.16666666666666663
Gemma3-12B,hallusionbench_math_15_0.png,3,2,1,0.6666666666666666,0.16666666666666663
Gemma3-12B,hallusionbench_math_16_0.png,3,2,1,0.6666666666666666,0.16666666666666663
Gemma3-12B,hallusionbench_math_17_1.png,3,2,1,0.6666666666666666,0.16666666666666663
Gemma3-12B,hallusionbench_table_0_2.png,3,2,1,0.6666666666666666,0.16666666666666663
Gemma3-12B,hallusionbench_table_2_3.png,3,2,1,0.6666666666666666,0.16666666666666663
Gemma3-12B,hallusionbench_video_12_1.png,3,2,1,0.6666666666666666,0.16666666666666663
Gemma3-12B,hallusionbench_video_12_2.png,3,2,1,0.6666666666666666,0.16666666666666663
Gemma3-12B,pope_1546.jpg,3,2,1,0.6666666666666666,0.16666666666666663
Gemma3-12B,AMBER_121.jpg,3,1,2,0.3333333333333333,0.16666666666666669
Gemma3-12B,AMBER_127.jpg,6,2,4,0.3333333333333333,0.16666666666666669
Gemma3-12B,AMBER_130.jpg,3,1,2,0.3333333333333333,0.16666666666666669
Gemma3-12B,AMBER_134.jpg,3,1,2,0.3333333333333333,0.16666666666666669
Gemma3-12B,AMBER_146.jpg,3,1,2,0.3333333333333333,0.16666666666666669
Gemma3-12B,AMBER_161.jpg,3,1,2,0.3333333333333333,0.16666666666666669
Gemma3-12B,AMBER_203.jpg,3,1,2,0.3333333333333333,0.16666666666666669
Gemma3-12B,AMBER_257.jpg,3,1,2,0.3333333333333333,0.16666666666666669
Gemma3-12B,AMBER_288.jpg,3,1,2,0.3333333333333333,0.16666666666666669
Gemma3-12B,AMBER_294.jpg,3,1,2,0.3333333333333333,0.16666666666666669
Gemma3-12B,AMBER_297.jpg,3,1,2,0.3333333333333333,0.16666666666666669
Gemma3-12B,AMBER_299.jpg,3,1,2,0.3333333333333333,0.16666666666666669
Gemma3-12B,AMBER_308.jpg,3,1,2,0.3333333333333333,0.16666666666666669
Gemma3-12B,AMBER_313.jpg,3,1,2,0.3333333333333333,0.16666666666666669
Gemma3-12B,AMBER_331.jpg,3,1,2,0.3333333333333333,0.16666666666666669
Gemma3-12B,AMBER_342.jpg,3,1,2,0.3333333333333333,0.16666666666666669
Gemma3-12B,AMBER_349.jpg,3,1,2,0.3333333333333333,0.16666666666666669
Gemma3-12B,AMBER_360.jpg,3,1,2,0.3333333333333333,0.16666666666666669
Gemma3-12B,AMBER_370.jpg,3,1,2,0.3333333333333333,0.16666666666666669
Gemma3-12B,AMBER_372.jpg,6,2,4,0.3333333333333333,0.16666666666666669
Gemma3-12B,AMBER_379.jpg,3,1,2,0.3333333333333333,0.16666666666666669
Gemma3-12B,AMBER_382.jpg,3,1,2,0.3333333333333333,0.16666666666666669
Gemma3-12B,AMBER_383.jpg,3,1,2,0.3333333333333333,0.16666666666666669
Gemma3-12B,AMBER_386.jpg,6,2,4,0.3333333333333333,0.16666666666666669
Gemma3-12B,AMBER_401.jpg,3,1,2,0.3333333333333333,0.16666666666666669
Gemma3-12B,AMBER_414.jpg,6,2,4,0.3333333333333333,0.16666666666666669
Gemma3-12B,AMBER_419.jpg,3,1,2,0.3333333333333333,0.16666666666666669
Gemma3-12B,AMBER_44.jpg,3,1,2,0.3333333333333333,0.16666666666666669
Gemma3-12B,AMBER_440.jpg,3,1,2,0.3333333333333333,0.16666666666666669
Gemma3-12B,AMBER_453.jpg,3,1,2,0.3333333333333333,0.16666666666666669
Gemma3-12B,AMBER_462.jpg,6,2,4,0.3333333333333333,0.16666666666666669
Gemma3-12B,AMBER_495.jpg,3,1,2,0.3333333333333333,0.16666666666666669
Gemma3-12B,AMBER_499.jpg,3,1,2,0.3333333333333333,0.16666666666666669
Gemma3-12B,AMBER_514.jpg,3,1,2,0.3333333333333333,0.16666666666666669
Gemma3-12B,AMBER_519.jpg,3,1,2,0.3333333333333333,0.16666666666666669
Gemma3-12B,AMBER_525.jpg,3,1,2,0.3333333333333333,0.16666666666666669
Gemma3-12B,AMBER_53.jpg,3,1,2,0.3333333333333333,0.16666666666666669
Gemma3-12B,AMBER_533.jpg,3,1,2,0.3333333333333333,0.16666666666666669
Gemma3-12B,AMBER_540.jpg,3,1,2,0.3333333333333333,0.16666666666666669
Gemma3-12B,AMBER_543.jpg,3,1,2,0.3333333333333333,0.16666666666666669
Gemma3-12B,AMBER_552.jpg,3,1,2,0.3333333333333333,0.16666666666666669
Gemma3-12B,AMBER_558.jpg,3,1,2,0.3333333333333333,0.16666666666666669
Gemma3-12B,AMBER_562.jpg,3,1,2,0.3333333333333333,0.16666666666666669
Gemma3-12B,AMBER_568.jpg,3,1,2,0.3333333333333333,0.16666666666666669
Gemma3-12B,AMBER_572.jpg,3,1,2,0.3333333333333333,0.16666666666666669
Gemma3-12B,AMBER_598.jpg,3,1,2,0.3333333333333333,0.16666666666666669
Gemma3-12B,AMBER_600.jpg,3,1,2,0.3333333333333333,0.16666666666666669
Gemma3-12B,AMBER_625.jpg,3,1,2,0.3333333333333333,0.16666666666666669
Gemma3-12B,AMBER_67.jpg,3,1,2,0.3333333333333333,0.16666666666666669
Gemma3-12B,AMBER_685.jpg,3,1,2,0.3333333333333333,0.16666666666666669
Gemma3-12B,AMBER_688.jpg,3,1,2,0.3333333333333333,0.16666666666666669
Gemma3-12B,AMBER_696.jpg,3,1,2,0.3333333333333333,0.16666666666666669
Gemma3-12B,AMBER_722.jpg,3,1,2,0.3333333333333333,0.16666666666666669
Gemma3-12B,AMBER_735.jpg,3,1,2,0.3333333333333333,0.16666666666666669
Gemma3-12B,AMBER_766.jpg,3,1,2,0.3333333333333333,0.16666666666666669
Gemma3-12B,AMBER_797.jpg,3,1,2,0.3333333333333333,0.16666666666666669
Gemma3-12B,AMBER_800.jpg,3,1,2,0.3333333333333333,0.16666666666666669
Gemma3-12B,AMBER_810.jpg,3,1,2,0.3333333333333333,0.16666666666666669
Gemma3-12B,AMBER_862.jpg,3,1,2,0.3333333333333333,0.16666666666666669
Gemma3-12B,AMBER_883.jpg,3,1,2,0.3333333333333333,0.16666666666666669
Gemma3-12B,AMBER_897.jpg,6,2,4,0.3333333333333333,0.16666666666666669
Gemma3-12B,AMBER_913.jpg,3,1,2,0.3333333333333333,0.16666666666666669
Gemma3-12B,AMBER_939.jpg,3,1,2,0.3333333333333333,0.16666666666666669
Gemma3-12B,AMBER_999.jpg,3,1,2,0.3333333333333333,0.16666666666666669
Gemma3-12B,hallusionbench_illusion_0_1.png,3,1,2,0.3333333333333333,0.16666666666666669
Gemma3-12B,hallusionbench_illusion_1_1.png,3,1,2,0.3333333333333333,0.16666666666666669
Gemma3-12B,hallusionbench_illusion_5_0.png,3,1,2,0.3333333333333333,0.16666666666666669
Gemma3-12B,hallusionbench_illusion_5_1.png,3,1,2,0.3333333333333333,0.16666666666666669
Gemma3-12B,hallusionbench_math_0_0.png,3,1,2,0.3333333333333333,0.16666666666666669
Gemma3-12B,hallusionbench_math_0_1.png,3,1,2,0.3333333333333333,0.16666666666666669
Gemma3-12B,hallusionbench_math_10_1.png,3,1,2,0.3333333333333333,0.16666666666666669
Gemma3-12B,hallusionbench_math_11_0.png,3,1,2,0.3333333333333333,0.16666666666666669
Gemma3-12B,hallusionbench_math_13_0.png,3,1,2,0.3333333333333333,0.16666666666666669
Gemma3-12B,hallusionbench_math_3_1.png,3,1,2,0.3333333333333333,0.16666666666666669
Gemma3-12B,hallusionbench_table_0_1.png,3,1,2,0.3333333333333333,0.16666666666666669
Gemma3-12B,hallusionbench_table_5_2.png,3,1,2,0.3333333333333333,0.16666666666666669
Gemma3-12B,hallusionbench_video_13_0.png,3,1,2,0.3333333333333333,0.16666666666666669
Gemma3-12B,hallusionbench_video_2_0.png,3,1,2,0.3333333333333333,0.16666666666666669
Gemma3-12B,hallusionbench_video_9_0.png,3,1,2,0.3333333333333333,0.16666666666666669
Gemma3-12B,pope_228.jpg,3,1,2,0.3333333333333333,0.16666666666666669
Gemma3-12B,AMBER_108.jpg,7,2,5,0.2857142857142857,0.2142857142857143
Gemma3-12B,AMBER_228.jpg,7,2,5,0.2857142857142857,0.2142857142857143
Gemma3-12B,AMBER_291.jpg,7,2,5,0.2857142857142857,0.2142857142857143
Gemma3-12B,AMBER_415.jpg,7,2,5,0.2857142857142857,0.2142857142857143
Gemma3-12B,AMBER_510.jpg,7,2,5,0.2857142857142857,0.2142857142857143
Gemma3-12B,AMBER_680.jpg,7,2,5,0.2857142857142857,0.2142857142857143
Gemma3-12B,AMBER_801.jpg,7,2,5,0.2857142857142857,0.2142857142857143
Gemma3-12B,AMBER_101.jpg,4,1,3,0.25,0.25
Gemma3-12B,AMBER_120.jpg,4,1,3,0.25,0.25
Gemma3-12B,AMBER_132.jpg,4,1,3,0.25,0.25
Gemma3-12B,AMBER_135.jpg,4,1,3,0.25,0.25
Gemma3-12B,AMBER_143.jpg,4,1,3,0.25,0.25
Gemma3-12B,AMBER_144.jpg,4,1,3,0.25,0.25
Gemma3-12B,AMBER_173.jpg,4,1,3,0.25,0.25
Gemma3-12B,AMBER_183.jpg,4,1,3,0.25,0.25
Gemma3-12B,AMBER_185.jpg,4,3,1,0.75,0.25
Gemma3-12B,AMBER_19.jpg,4,1,3,0.25,0.25
Gemma3-12B,AMBER_201.jpg,8,2,6,0.25,0.25
Gemma3-12B,AMBER_22.jpg,4,1,3,0.25,0.25
Gemma3-12B,AMBER_233.jpg,4,1,3,0.25,0.25
Gemma3-12B,AMBER_234.jpg,4,1,3,0.25,0.25
Gemma3-12B,AMBER_250.jpg,4,1,3,0.25,0.25
Gemma3-12B,AMBER_265.jpg,4,1,3,0.25,0.25
Gemma3-12B,AMBER_27.jpg,4,1,3,0.25,0.25
Gemma3-12B,AMBER_279.jpg,4,1,3,0.25,0.25
Gemma3-12B,AMBER_282.jpg,4,1,3,0.25,0.25
Gemma3-12B,AMBER_283.jpg,4,1,3,0.25,0.25
Gemma3-12B,AMBER_287.jpg,4,1,3,0.25,0.25
Gemma3-12B,AMBER_29.jpg,4,1,3,0.25,0.25
Gemma3-12B,AMBER_295.jpg,4,1,3,0.25,0.25
Gemma3-12B,AMBER_3.jpg,4,1,3,0.25,0.25
Gemma3-12B,AMBER_309.jpg,4,1,3,0.25,0.25
Gemma3-12B,AMBER_323.jpg,4,1,3,0.25,0.25
Gemma3-12B,AMBER_332.jpg,4,1,3,0.25,0.25
Gemma3-12B,AMBER_344.jpg,4,1,3,0.25,0.25
Gemma3-12B,AMBER_346.jpg,4,1,3,0.25,0.25
Gemma3-12B,AMBER_348.jpg,4,1,3,0.25,0.25
Gemma3-12B,AMBER_366.jpg,4,1,3,0.25,0.25
Gemma3-12B,AMBER_38.jpg,4,1,3,0.25,0.25
Gemma3-12B,AMBER_394.jpg,4,1,3,0.25,0.25
Gemma3-12B,AMBER_400.jpg,4,1,3,0.25,0.25
Gemma3-12B,AMBER_402.jpg,4,1,3,0.25,0.25
Gemma3-12B,AMBER_403.jpg,4,1,3,0.25,0.25
Gemma3-12B,AMBER_408.jpg,4,1,3,0.25,0.25
Gemma3-12B,AMBER_420.jpg,4,1,3,0.25,0.25
Gemma3-12B,AMBER_426.jpg,4,1,3,0.25,0.25
Gemma3-12B,AMBER_437.jpg,4,1,3,0.25,0.25
Gemma3-12B,AMBER_438.jpg,4,1,3,0.25,0.25
Gemma3-12B,AMBER_443.jpg,4,1,3,0.25,0.25
Gemma3-12B,AMBER_47.jpg,8,2,6,0.25,0.25
Gemma3-12B,AMBER_501.jpg,4,1,3,0.25,0.25
Gemma3-12B,AMBER_523.jpg,4,1,3,0.25,0.25
Gemma3-12B,AMBER_527.jpg,4,1,3,0.25,0.25
Gemma3-12B,AMBER_529.jpg,4,1,3,0.25,0.25
Gemma3-12B,AMBER_539.jpg,8,2,6,0.25,0.25
Gemma3-12B,AMBER_542.jpg,4,1,3,0.25,0.25
Gemma3-12B,AMBER_545.jpg,4,1,3,0.25,0.25
Gemma3-12B,AMBER_548.jpg,4,1,3,0.25,0.25
Gemma3-12B,AMBER_559.jpg,8,2,6,0.25,0.25
Gemma3-12B,AMBER_566.jpg,4,1,3,0.25,0.25
Gemma3-12B,AMBER_567.jpg,4,1,3,0.25,0.25
Gemma3-12B,AMBER_575.jpg,4,1,3,0.25,0.25
Gemma3-12B,AMBER_58.jpg,8,2,6,0.25,0.25
Gemma3-12B,AMBER_585.jpg,4,1,3,0.25,0.25
Gemma3-12B,AMBER_601.jpg,4,1,3,0.25,0.25
Gemma3-12B,AMBER_612.jpg,4,1,3,0.25,0.25
Gemma3-12B,AMBER_615.jpg,4,1,3,0.25,0.25
Gemma3-12B,AMBER_616.jpg,4,1,3,0.25,0.25
Gemma3-12B,AMBER_619.jpg,8,2,6,0.25,0.25
Gemma3-12B,AMBER_657.jpg,4,1,3,0.25,0.25
Gemma3-12B,AMBER_660.jpg,4,1,3,0.25,0.25
Gemma3-12B,AMBER_665.jpg,4,1,3,0.25,0.25
Gemma3-12B,AMBER_669.jpg,4,1,3,0.25,0.25
Gemma3-12B,AMBER_69.jpg,4,1,3,0.25,0.25
Gemma3-12B,AMBER_699.jpg,4,1,3,0.25,0.25
Gemma3-12B,AMBER_729.jpg,4,1,3,0.25,0.25
Gemma3-12B,AMBER_730.jpg,4,1,3,0.25,0.25
Gemma3-12B,AMBER_731.jpg,4,1,3,0.25,0.25
Gemma3-12B,AMBER_740.jpg,4,1,3,0.25,0.25
Gemma3-12B,AMBER_748.jpg,4,1,3,0.25,0.25
Gemma3-12B,AMBER_758.jpg,4,1,3,0.25,0.25
Gemma3-12B,AMBER_770.jpg,4,1,3,0.25,0.25
Gemma3-12B,AMBER_778.jpg,4,1,3,0.25,0.25
Gemma3-12B,AMBER_803.jpg,4,1,3,0.25,0.25
Gemma3-12B,AMBER_805.jpg,4,1,3,0.25,0.25
Gemma3-12B,AMBER_806.jpg,4,1,3,0.25,0.25
Gemma3-12B,AMBER_822.jpg,4,1,3,0.25,0.25
Gemma3-12B,AMBER_846.jpg,4,1,3,0.25,0.25
Gemma3-12B,AMBER_861.jpg,4,1,3,0.25,0.25
Gemma3-12B,AMBER_864.jpg,4,1,3,0.25,0.25
Gemma3-12B,AMBER_875.jpg,4,1,3,0.25,0.25
Gemma3-12B,AMBER_882.jpg,4,1,3,0.25,0.25
Gemma3-12B,AMBER_887.jpg,4,1,3,0.25,0.25
Gemma3-12B,AMBER_918.jpg,4,1,3,0.25,0.25
Gemma3-12B,AMBER_932.jpg,4,1,3,0.25,0.25
Gemma3-12B,AMBER_933.jpg,4,1,3,0.25,0.25
Gemma3-12B,AMBER_967.jpg,4,1,3,0.25,0.25
Gemma3-12B,hallusionbench_chart_10_2.png,4,1,3,0.25,0.25
Gemma3-12B,hallusionbench_chart_4_2.png,4,1,3,0.25,0.25
Gemma3-12B,hallusionbench_chart_9_1.png,4,1,3,0.25,0.25
Gemma3-12B,hallusionbench_chart_9_2.png,4,3,1,0.75,0.25
Gemma3-12B,hallusionbench_table_6_1.png,4,1,3,0.25,0.25
Gemma3-12B,hallusionbench_table_6_2.png,4,1,3,0.25,0.25
Gemma3-12B,hallusionbench_table_9_1.png,4,1,3,0.25,0.25
Gemma3-12B,hallusionbench_video_11_0.png,4,1,3,0.25,0.25
Gemma3-12B,hallusionbench_video_11_2.png,4,3,1,0.75,0.25
Gemma3-12B,hallusionbench_video_14_2.png,4,3,1,0.75,0.25
Gemma3-12B,hallusionbench_video_18_0.png,4,1,3,0.25,0.25
Gemma3-12B,hallusionbench_video_18_1.png,4,3,1,0.75,0.25
Gemma3-12B,hallusionbench_video_18_2.png,4,3,1,0.75,0.25
Gemma3-12B,hallusionbench_video_3_0.png,4,1,3,0.25,0.25
Gemma3-12B,AMBER_140.jpg,9,2,7,0.2222222222222222,0.2777777777777778
Gemma3-12B,AMBER_1002.jpg,5,1,4,0.2,0.3
Gemma3-12B,AMBER_107.jpg,5,1,4,0.2,0.3
Gemma3-12B,AMBER_110.jpg,5,1,4,0.2,0.3
Gemma3-12B,AMBER_114.jpg,5,1,4,0.2,0.3
Gemma3-12B,AMBER_119.jpg,5,1,4,0.2,0.3
Gemma3-12B,AMBER_125.jpg,5,1,4,0.2,0.3
Gemma3-12B,AMBER_128.jpg,5,1,4,0.2,0.3
Gemma3-12B,AMBER_147.jpg,5,1,4,0.2,0.3
Gemma3-12B,AMBER_156.jpg,5,1,4,0.2,0.3
Gemma3-12B,AMBER_16.jpg,5,1,4,0.2,0.3
Gemma3-12B,AMBER_168.jpg,5,1,4,0.2,0.3
Gemma3-12B,AMBER_214.jpg,5,1,4,0.2,0.3
Gemma3-12B,AMBER_218.jpg,5,1,4,0.2,0.3
Gemma3-12B,AMBER_239.jpg,5,1,4,0.2,0.3
Gemma3-12B,AMBER_247.jpg,5,1,4,0.2,0.3
Gemma3-12B,AMBER_256.jpg,5,1,4,0.2,0.3
Gemma3-12B,AMBER_262.jpg,5,1,4,0.2,0.3
Gemma3-12B,AMBER_268.jpg,5,1,4,0.2,0.3
Gemma3-12B,AMBER_28.jpg,5,1,4,0.2,0.3
Gemma3-12B,AMBER_318.jpg,5,1,4,0.2,0.3
Gemma3-12B,AMBER_338.jpg,5,1,4,0.2,0.3
Gemma3-12B,AMBER_367.jpg,5,1,4,0.2,0.3
Gemma3-12B,AMBER_385.jpg,5,1,4,0.2,0.3
Gemma3-12B,AMBER_389.jpg,5,1,4,0.2,0.3
Gemma3-12B,AMBER_393.jpg,5,1,4,0.2,0.3
Gemma3-12B,AMBER_395.jpg,5,1,4,0.2,0.3
Gemma3-12B,AMBER_411.jpg,5,1,4,0.2,0.3
Gemma3-12B,AMBER_429.jpg,5,1,4,0.2,0.3
Gemma3-12B,AMBER_431.jpg,5,1,4,0.2,0.3
Gemma3-12B,AMBER_48.jpg,5,1,4,0.2,0.3
Gemma3-12B,AMBER_49.jpg,5,1,4,0.2,0.3
Gemma3-12B,AMBER_493.jpg,5,1,4,0.2,0.3
Gemma3-12B,AMBER_522.jpg,5,1,4,0.2,0.3
Gemma3-12B,AMBER_526.jpg,5,1,4,0.2,0.3
Gemma3-12B,AMBER_546.jpg,5,1,4,0.2,0.3
Gemma3-12B,AMBER_565.jpg,5,1,4,0.2,0.3
Gemma3-12B,AMBER_583.jpg,5,1,4,0.2,0.3
Gemma3-12B,AMBER_592.jpg,5,1,4,0.2,0.3
Gemma3-12B,AMBER_594.jpg,5,1,4,0.2,0.3
Gemma3-12B,AMBER_595.jpg,5,1,4,0.2,0.3
Gemma3-12B,AMBER_611.jpg,5,1,4,0.2,0.3
Gemma3-12B,AMBER_620.jpg,5,1,4,0.2,0.3
Gemma3-12B,AMBER_622.jpg,5,1,4,0.2,0.3
Gemma3-12B,AMBER_697.jpg,5,1,4,0.2,0.3
Gemma3-12B,AMBER_70.jpg,5,1,4,0.2,0.3
Gemma3-12B,AMBER_719.jpg,5,1,4,0.2,0.3
Gemma3-12B,AMBER_726.jpg,5,1,4,0.2,0.3
Gemma3-12B,AMBER_808.jpg,5,1,4,0.2,0.3
Gemma3-12B,AMBER_834.jpg,5,1,4,0.2,0.3
Gemma3-12B,AMBER_847.jpg,5,1,4,0.2,0.3
Gemma3-12B,AMBER_849.jpg,5,1,4,0.2,0.3
Gemma3-12B,AMBER_881.jpg,5,1,4,0.2,0.3
Gemma3-12B,AMBER_917.jpg,5,1,4,0.2,0.3
Gemma3-12B,AMBER_93.jpg,5,1,4,0.2,0.3
Gemma3-12B,AMBER_943.jpg,5,1,4,0.2,0.3
Gemma3-12B,AMBER_945.jpg,5,1,4,0.2,0.3
Gemma3-12B,AMBER_975.jpg,5,1,4,0.2,0.3
Gemma3-12B,AMBER_998.jpg,5,1,4,0.2,0.3
Gemma3-12B,AMBER_89.jpg,11,2,9,0.18181818181818182,0.3181818181818182
Gemma3-12B,AMBER_100.jpg,6,1,5,0.16666666666666666,0.33333333333333337
Gemma3-12B,AMBER_1004.jpg,6,1,5,0.16666666666666666,0.33333333333333337
Gemma3-12B,AMBER_155.jpg,6,1,5,0.16666666666666666,0.33333333333333337
Gemma3-12B,AMBER_199.jpg,6,1,5,0.16666666666666666,0.33333333333333337
Gemma3-12B,AMBER_255.jpg,6,1,5,0.16666666666666666,0.33333333333333337
Gemma3-12B,AMBER_31.jpg,6,1,5,0.16666666666666666,0.33333333333333337
Gemma3-12B,AMBER_363.jpg,6,1,5,0.16666666666666666,0.33333333333333337
Gemma3-12B,AMBER_371.jpg,6,1,5,0.16666666666666666,0.33333333333333337
Gemma3-12B,AMBER_381.jpg,6,1,5,0.16666666666666666,0.33333333333333337
Gemma3-12B,AMBER_397.jpg,6,1,5,0.16666666666666666,0.33333333333333337
Gemma3-12B,AMBER_410.jpg,6,1,5,0.16666666666666666,0.33333333333333337
Gemma3-12B,AMBER_418.jpg,6,1,5,0.16666666666666666,0.33333333333333337
Gemma3-12B,AMBER_422.jpg,6,1,5,0.16666666666666666,0.33333333333333337
Gemma3-12B,AMBER_446.jpg,6,1,5,0.16666666666666666,0.33333333333333337
Gemma3-12B,AMBER_456.jpg,6,1,5,0.16666666666666666,0.33333333333333337
Gemma3-12B,AMBER_465.jpg,6,1,5,0.16666666666666666,0.33333333333333337
Gemma3-12B,AMBER_490.jpg,6,1,5,0.16666666666666666,0.33333333333333337
Gemma3-12B,AMBER_504.jpg,6,1,5,0.16666666666666666,0.33333333333333337
Gemma3-12B,AMBER_524.jpg,6,1,5,0.16666666666666666,0.33333333333333337
Gemma3-12B,AMBER_588.jpg,6,1,5,0.16666666666666666,0.33333333333333337
Gemma3-12B,AMBER_591.jpg,6,1,5,0.16666666666666666,0.33333333333333337
Gemma3-12B,AMBER_6.jpg,6,1,5,0.16666666666666666,0.33333333333333337
Gemma3-12B,AMBER_614.jpg,6,1,5,0.16666666666666666,0.33333333333333337
Gemma3-12B,AMBER_661.jpg,6,1,5,0.16666666666666666,0.33333333333333337
Gemma3-12B,AMBER_662.jpg,6,1,5,0.16666666666666666,0.33333333333333337
Gemma3-12B,AMBER_670.jpg,6,1,5,0.16666666666666666,0.33333333333333337
Gemma3-12B,AMBER_673.jpg,6,1,5,0.16666666666666666,0.33333333333333337
Gemma3-12B,AMBER_674.jpg,6,1,5,0.16666666666666666,0.33333333333333337
Gemma3-12B,AMBER_675.jpg,6,1,5,0.16666666666666666,0.33333333333333337
Gemma3-12B,AMBER_687.jpg,6,1,5,0.16666666666666666,0.33333333333333337
Gemma3-12B,AMBER_720.jpg,6,1,5,0.16666666666666666,0.33333333333333337
Gemma3-12B,AMBER_728.jpg,6,1,5,0.16666666666666666,0.33333333333333337
Gemma3-12B,AMBER_744.jpg,6,1,5,0.16666666666666666,0.33333333333333337
Gemma3-12B,AMBER_754.jpg,6,1,5,0.16666666666666666,0.33333333333333337
Gemma3-12B,AMBER_79.jpg,6,1,5,0.16666666666666666,0.33333333333333337
Gemma3-12B,AMBER_790.jpg,6,1,5,0.16666666666666666,0.33333333333333337
Gemma3-12B,AMBER_799.jpg,6,1,5,0.16666666666666666,0.33333333333333337
Gemma3-12B,AMBER_817.jpg,6,1,5,0.16666666666666666,0.33333333333333337
Gemma3-12B,AMBER_828.jpg,6,1,5,0.16666666666666666,0.33333333333333337
Gemma3-12B,AMBER_84.jpg,6,1,5,0.16666666666666666,0.33333333333333337
Gemma3-12B,AMBER_852.jpg,6,1,5,0.16666666666666666,0.33333333333333337
Gemma3-12B,AMBER_87.jpg,6,1,5,0.16666666666666666,0.33333333333333337
Gemma3-12B,AMBER_938.jpg,6,1,5,0.16666666666666666,0.33333333333333337
Gemma3-12B,AMBER_1.jpg,7,1,6,0.14285714285714285,0.35714285714285715
Gemma3-12B,AMBER_1001.jpg,7,1,6,0.14285714285714285,0.35714285714285715
Gemma3-12B,AMBER_131.jpg,7,1,6,0.14285714285714285,0.35714285714285715
Gemma3-12B,AMBER_150.jpg,7,1,6,0.14285714285714285,0.35714285714285715
Gemma3-12B,AMBER_20.jpg,7,1,6,0.14285714285714285,0.35714285714285715
Gemma3-12B,AMBER_209.jpg,7,1,6,0.14285714285714285,0.35714285714285715
Gemma3-12B,AMBER_223.jpg,7,1,6,0.14285714285714285,0.35714285714285715
Gemma3-12B,AMBER_227.jpg,7,1,6,0.14285714285714285,0.35714285714285715
Gemma3-12B,AMBER_350.jpg,7,1,6,0.14285714285714285,0.35714285714285715
Gemma3-12B,AMBER_358.jpg,7,1,6,0.14285714285714285,0.35714285714285715
Gemma3-12B,AMBER_405.jpg,7,1,6,0.14285714285714285,0.35714285714285715
Gemma3-12B,AMBER_417.jpg,7,1,6,0.14285714285714285,0.35714285714285715
Gemma3-12B,AMBER_425.jpg,7,1,6,0.14285714285714285,0.35714285714285715
Gemma3-12B,AMBER_485.jpg,7,1,6,0.14285714285714285,0.35714285714285715
Gemma3-12B,AMBER_517.jpg,7,1,6,0.14285714285714285,0.35714285714285715
Gemma3-12B,AMBER_57.jpg,7,1,6,0.14285714285714285,0.35714285714285715
Gemma3-12B,AMBER_599.jpg,7,1,6,0.14285714285714285,0.35714285714285715
Gemma3-12B,AMBER_637.jpg,7,1,6,0.14285714285714285,0.35714285714285715
Gemma3-12B,AMBER_640.jpg,7,1,6,0.14285714285714285,0.35714285714285715
Gemma3-12B,AMBER_645.jpg,7,1,6,0.14285714285714285,0.35714285714285715
Gemma3-12B,AMBER_845.jpg,7,1,6,0.14285714285714285,0.35714285714285715
Gemma3-12B,AMBER_905.jpg,7,1,6,0.14285714285714285,0.35714285714285715
Gemma3-12B,AMBER_102.jpg,8,1,7,0.125,0.375
Gemma3-12B,AMBER_317.jpg,8,1,7,0.125,0.375
Gemma3-12B,AMBER_50.jpg,8,1,7,0.125,0.375
Gemma3-12B,AMBER_587.jpg,8,1,7,0.125,0.375
Gemma3-12B,AMBER_823.jpg,8,1,7,0.125,0.375
Gemma3-12B,AMBER_211.jpg,10,1,9,0.1,0.4
LLaVA-Next-8B,AMBER_120.jpg,4,2,2,0.5,0.0
LLaVA-Next-8B,AMBER_122.jpg,2,1,1,0.5,0.0
LLaVA-Next-8B,AMBER_141.jpg,4,2,2,0.5,0.0
LLaVA-Next-8B,AMBER_176.jpg,2,1,1,0.5,0.0
LLaVA-Next-8B,AMBER_179.jpg,2,1,1,0.5,0.0
LLaVA-Next-8B,AMBER_180.jpg,4,2,2,0.5,0.0
LLaVA-Next-8B,AMBER_182.jpg,2,1,1,0.5,0.0
LLaVA-Next-8B,AMBER_185.jpg,4,2,2,0.5,0.0
LLaVA-Next-8B,AMBER_190.jpg,2,1,1,0.5,0.0
LLaVA-Next-8B,AMBER_194.jpg,2,1,1,0.5,0.0
LLaVA-Next-8B,AMBER_196.jpg,2,1,1,0.5,0.0
LLaVA-Next-8B,AMBER_210.jpg,2,1,1,0.5,0.0
LLaVA-Next-8B,AMBER_226.jpg,2,1,1,0.5,0.0
LLaVA-Next-8B,AMBER_229.jpg,4,2,2,0.5,0.0
LLaVA-Next-8B,AMBER_233.jpg,4,2,2,0.5,0.0
LLaVA-Next-8B,AMBER_249.jpg,6,3,3,0.5,0.0
LLaVA-Next-8B,AMBER_269.jpg,2,1,1,0.5,0.0
LLaVA-Next-8B,AMBER_27.jpg,4,2,2,0.5,0.0
LLaVA-Next-8B,AMBER_276.jpg,4,2,2,0.5,0.0
LLaVA-Next-8B,AMBER_279.jpg,4,2,2,0.5,0.0
LLaVA-Next-8B,AMBER_29.jpg,4,2,2,0.5,0.0
LLaVA-Next-8B,AMBER_307.jpg,2,1,1,0.5,0.0
LLaVA-Next-8B,AMBER_310.jpg,2,1,1,0.5,0.0
LLaVA-Next-8B,AMBER_344.jpg,4,2,2,0.5,0.0
LLaVA-Next-8B,AMBER_348.jpg,4,2,2,0.5,0.0
LLaVA-Next-8B,AMBER_377.jpg,2,1,1,0.5,0.0
LLaVA-Next-8B,AMBER_378.jpg,2,1,1,0.5,0.0
LLaVA-Next-8B,AMBER_388.jpg,2,1,1,0.5,0.0
LLaVA-Next-8B,AMBER_394.jpg,4,2,2,0.5,0.0
LLaVA-Next-8B,AMBER_408.jpg,4,2,2,0.5,0.0
LLaVA-Next-8B,AMBER_416.jpg,4,2,2,0.5,0.0
LLaVA-Next-8B,AMBER_443.jpg,4,2,2,0.5,0.0
LLaVA-Next-8B,AMBER_470.jpg,2,1,1,0.5,0.0
LLaVA-Next-8B,AMBER_482.jpg,2,1,1,0.5,0.0
LLaVA-Next-8B,AMBER_501.jpg,4,2,2,0.5,0.0
LLaVA-Next-8B,AMBER_512.jpg,4,2,2,0.5,0.0
LLaVA-Next-8B,AMBER_537.jpg,2,1,1,0.5,0.0
LLaVA-Next-8B,AMBER_548.jpg,4,2,2,0.5,0.0
LLaVA-Next-8B,AMBER_56.jpg,2,1,1,0.5,0.0
LLaVA-Next-8B,AMBER_566.jpg,4,2,2,0.5,0.0
LLaVA-Next-8B,AMBER_567.jpg,4,2,2,0.5,0.0
LLaVA-Next-8B,AMBER_570.jpg,4,2,2,0.5,0.0
LLaVA-Next-8B,AMBER_571.jpg,2,1,1,0.5,0.0
LLaVA-Next-8B,AMBER_580.jpg,4,2,2,0.5,0.0
LLaVA-Next-8B,AMBER_602.jpg,2,1,1,0.5,0.0
LLaVA-Next-8B,AMBER_626.jpg,4,2,2,0.5,0.0
LLaVA-Next-8B,AMBER_63.jpg,4,2,2,0.5,0.0
LLaVA-Next-8B,AMBER_631.jpg,4,2,2,0.5,0.0
LLaVA-Next-8B,AMBER_660.jpg,4,2,2,0.5,0.0
LLaVA-Next-8B,AMBER_665.jpg,4,2,2,0.5,0.0
LLaVA-Next-8B,AMBER_691.jpg,2,1,1,0.5,0.0
LLaVA-Next-8B,AMBER_701.jpg,2,1,1,0.5,0.0
LLaVA-Next-8B,AMBER_709.jpg,2,1,1,0.5,0.0
LLaVA-Next-8B,AMBER_730.jpg,4,2,2,0.5,0.0
LLaVA-Next-8B,AMBER_733.jpg,2,1,1,0.5,0.0
LLaVA-Next-8B,AMBER_739.jpg,2,1,1,0.5,0.0
LLaVA-Next-8B,AMBER_763.jpg,4,2,2,0.5,0.0
LLaVA-Next-8B,AMBER_788.jpg,4,2,2,0.5,0.0
LLaVA-Next-8B,AMBER_802.jpg,2,1,1,0.5,0.0
LLaVA-Next-8B,AMBER_803.jpg,4,2,2,0.5,0.0
LLaVA-Next-8B,AMBER_82.jpg,4,2,2,0.5,0.0
LLaVA-Next-8B,AMBER_820.jpg,2,1,1,0.5,0.0
LLaVA-Next-8B,AMBER_833.jpg,4,2,2,0.5,0.0
LLaVA-Next-8B,AMBER_836.jpg,4,2,2,0.5,0.0
LLaVA-Next-8B,AMBER_844.jpg,2,1,1,0.5,0.0
LLaVA-Next-8B,AMBER_854.jpg,2,1,1,0.5,0.0
LLaVA-Next-8B,AMBER_864.jpg,4,2,2,0.5,0.0
LLaVA-Next-8B,AMBER_873.jpg,4,2,2,0.5,0.0
LLaVA-Next-8B,AMBER_874.jpg,2,1,1,0.5,0.0
LLaVA-Next-8B,AMBER_875.jpg,4,2,2,0.5,0.0
LLaVA-Next-8B,AMBER_876.jpg,2,1,1,0.5,0.0
LLaVA-Next-8B,AMBER_893.jpg,2,1,1,0.5,0.0
LLaVA-Next-8B,AMBER_895.jpg,2,1,1,0.5,0.0
LLaVA-Next-8B,AMBER_899.jpg,4,2,2,0.5,0.0
LLaVA-Next-8B,AMBER_902.jpg,4,2,2,0.5,0.0
LLaVA-Next-8B,AMBER_911.jpg,4,2,2,0.5,0.0
LLaVA-Next-8B,AMBER_918.jpg,4,2,2,0.5,0.0
LLaVA-Next-8B,AMBER_921.jpg,2,1,1,0.5,0.0
LLaVA-Next-8B,AMBER_924.jpg,2,1,1,0.5,0.0
LLaVA-Next-8B,AMBER_925.jpg,2,1,1,0.5,0.0
LLaVA-Next-8B,AMBER_926.jpg,4,2,2,0.5,0.0
LLaVA-Next-8B,AMBER_94.jpg,4,2,2,0.5,0.0
LLaVA-Next-8B,AMBER_940.jpg,2,1,1,0.5,0.0
LLaVA-Next-8B,AMBER_942.jpg,2,1,1,0.5,0.0
LLaVA-Next-8B,AMBER_946.jpg,2,1,1,0.5,0.0
LLaVA-Next-8B,AMBER_950.jpg,2,1,1,0.5,0.0
LLaVA-Next-8B,AMBER_979.jpg,2,1,1,0.5,0.0
LLaVA-Next-8B,AMBER_986.jpg,2,1,1,0.5,0.0
LLaVA-Next-8B,hallusionbench_chart_13_2.png,2,1,1,0.5,0.0
LLaVA-Next-8B,hallusionbench_chart_15_2.png,2,1,1,0.5,0.0
LLaVA-Next-8B,hallusionbench_chart_19_1.png,2,1,1,0.5,0.0
LLaVA-Next-8B,hallusionbench_chart_19_2.png,2,1,1,0.5,0.0
LLaVA-Next-8B,hallusionbench_chart_20_1.png,2,1,1,0.5,0.0
LLaVA-Next-8B,hallusionbench_chart_20_2.png,2,1,1,0.5,0.0
LLaVA-Next-8B,hallusionbench_chart_4_1.png,4,2,2,0.5,0.0
LLaVA-Next-8B,hallusionbench_chart_4_2.png,4,2,2,0.5,0.0
LLaVA-Next-8B,hallusionbench_chart_5_2.png,4,2,2,0.5,0.0
LLaVA-Next-8B,hallusionbench_figure_10_1.png,2,1,1,0.5,0.0
LLaVA-Next-8B,hallusionbench_figure_15_0.png,2,1,1,0.5,0.0
LLaVA-Next-8B,hallusionbench_figure_9_1.png,2,1,1,0.5,0.0
LLaVA-Next-8B,hallusionbench_illusion_19_1.png,2,1,1,0.5,0.0
LLaVA-Next-8B,hallusionbench_illusion_21_0.png,2,1,1,0.5,0.0
LLaVA-Next-8B,hallusionbench_illusion_21_1.png,2,1,1,0.5,0.0
LLaVA-Next-8B,hallusionbench_illusion_28_1.png,2,1,1,0.5,0.0
LLaVA-Next-8B,hallusionbench_map_10_1.png,2,1,1,0.5,0.0
LLaVA-Next-8B,hallusionbench_map_5_1.png,4,2,2,0.5,0.0
LLaVA-Next-8B,hallusionbench_map_5_2.png,4,2,2,0.5,0.0
LLaVA-Next-8B,hallusionbench_map_7_1.png,2,1,1,0.5,0.0
LLaVA-Next-8B,hallusionbench_map_7_2.png,2,1,1,0.5,0.0
LLaVA-Next-8B,hallusionbench_map_9_1.png,2,1,1,0.5,0.0
LLaVA-Next-8B,hallusionbench_math_1_1.png,2,1,1,0.5,0.0
LLaVA-Next-8B,hallusionbench_math_4_1.png,2,1,1,0.5,0.0
LLaVA-Next-8B,hallusionbench_math_7_1.png,2,1,1,0.5,0.0
LLaVA-Next-8B,hallusionbench_math_8_0.png,2,1,1,0.5,0.0
LLaVA-Next-8B,hallusionbench_math_9_1.png,2,1,1,0.5,0.0
LLaVA-Next-8B,hallusionbench_ocr_20_0.png,2,1,1,0.5,0.0
LLaVA-Next-8B,hallusionbench_table_6_1.png,4,2,2,0.5,0.0
LLaVA-Next-8B,hallusionbench_table_6_2.png,4,2,2,0.5,0.0
LLaVA-Next-8B,hallusionbench_table_6_3.png,4,2,2,0.5,0.0
LLaVA-Next-8B,hallusionbench_table_8_2.png,2,1,1,0.5,0.0
LLaVA-Next-8B,hallusionbench_table_9_1.png,4,2,2,0.5,0.0
LLaVA-Next-8B,hallusionbench_table_9_2.png,4,2,2,0.5,0.0
LLaVA-Next-8B,hallusionbench_video_10_0.png,4,2,2,0.5,0.0
LLaVA-Next-8B,hallusionbench_video_11_0.png,4,2,2,0.5,0.0
LLaVA-Next-8B,hallusionbench_video_11_1.png,4,2,2,0.5,0.0
LLaVA-Next-8B,hallusionbench_video_11_2.png,4,2,2,0.5,0.0
LLaVA-Next-8B,hallusionbench_video_16_0.png,2,1,1,0.5,0.0
LLaVA-Next-8B,hallusionbench_video_16_1.png,2,1,1,0.5,0.0
LLaVA-Next-8B,hallusionbench_video_17_0.png,4,2,2,0.5,0.0
LLaVA-Next-8B,hallusionbench_video_17_1.png,4,2,2,0.5,0.0
LLaVA-Next-8B,hallusionbench_video_19_0.png,4,2,2,0.5,0.0
LLaVA-Next-8B,hallusionbench_video_19_1.png,4,2,2,0.5,0.0
LLaVA-Next-8B,hallusionbench_video_19_2.png,4,2,2,0.5,0.0
LLaVA-Next-8B,hallusionbench_video_1_0.png,4,2,2,0.5,0.0
LLaVA-Next-8B,hallusionbench_video_1_1.png,4,2,2,0.5,0.0
LLaVA-Next-8B,hallusionbench_video_3_0.png,4,2,2,0.5,0.0
LLaVA-Next-8B,hallusionbench_video_3_1.png,4,2,2,0.5,0.0
LLaVA-Next-8B,hallusionbench_video_4_0.png,4,2,2,0.5,0.0
LLaVA-Next-8B,hallusionbench_video_4_1.png,4,2,2,0.5,0.0
LLaVA-Next-8B,hallusionbench_video_5_0.png,4,2,2,0.5,0.0
LLaVA-Next-8B,hallusionbench_video_6_0.png,4,2,2,0.5,0.0
LLaVA-Next-8B,hallusionbench_video_6_1.png,4,2,2,0.5,0.0
LLaVA-Next-8B,hallusionbench_video_7_0.png,4,2,2,0.5,0.0
LLaVA-Next-8B,hallusionbench_video_7_1.png,4,2,2,0.5,0.0
LLaVA-Next-8B,hallusionbench_video_8_1.png,4,2,2,0.5,0.0
LLaVA-Next-8B,mme_artwork_34109.jpg,2,1,1,0.5,0.0
LLaVA-Next-8B,mme_artwork_34363.jpg,2,1,1,0.5,0.0
LLaVA-Next-8B,mme_artwork_6297.jpg,2,1,1,0.5,0.0
LLaVA-Next-8B,mme_celebrity_tt0058461_shot_0901_img_0.jpg,2,1,1,0.5,0.0
LLaVA-Next-8B,mme_celebrity_tt0061722_shot_0259_img_0.jpg,2,1,1,0.5,0.0
LLaVA-Next-8B,mme_celebrity_tt0064115_shot_0367_img_0.jpg,2,1,1,0.5,0.0
LLaVA-Next-8B,mme_celebrity_tt0064665_shot_0300_img_0.jpg,2,1,1,0.5,0.0
LLaVA-Next-8B,mme_celebrity_tt0067116_shot_0122_img_0.jpg,2,1,1,0.5,0.0
LLaVA-Next-8B,mme_celebrity_tt0070735_shot_0818_img_0.jpg,2,1,1,0.5,0.0
LLaVA-Next-8B,mme_celebrity_tt0070849_shot_0021_img_1.jpg,2,1,1,0.5,0.0
LLaVA-Next-8B,mme_celebrity_tt0072684_shot_0512_img_1.jpg,2,1,1,0.5,0.0
LLaVA-Next-8B,mme_celebrity_tt0074119_shot_0814_img_0.jpg,2,1,1,0.5,0.0
LLaVA-Next-8B,mme_celebrity_tt0074285_shot_0535_img_1.jpg,2,1,1,0.5,0.0
LLaVA-Next-8B,mme_celebrity_tt0075148_shot_0618_img_0.jpg,2,1,1,0.5,0.0
LLaVA-Next-8B,mme_celebrity_tt0077402_shot_1220_img_0.jpg,2,1,1,0.5,0.0
LLaVA-Next-8B,mme_celebrity_tt0077416_shot_1442_img_0.jpg,2,1,1,0.5,0.0
LLaVA-Next-8B,mme_celebrity_tt0079417_shot_0735_img_0.jpg,2,1,1,0.5,0.0
LLaVA-Next-8B,mme_celebrity_tt0080684_shot_1574_img_2.jpg,2,1,1,0.5,0.0
LLaVA-Next-8B,mme_celebrity_tt0082089_shot_0046_img_0.jpg,2,1,1,0.5,0.0
LLaVA-Next-8B,mme_celebrity_tt0083866_shot_0364_img_0.jpg,2,1,1,0.5,0.0
LLaVA-Next-8B,mme_celebrity_tt0083929_shot_0405_img_0.jpg,2,1,1,0.5,0.0
LLaVA-Next-8B,mme_celebrity_tt0086250_shot_1079_img_0.jpg,2,1,1,0.5,0.0
LLaVA-Next-8B,mme_celebrity_tt0087332_shot_0798_img_0.jpg,2,1,1,0.5,0.0
LLaVA-Next-8B,mme_celebrity_tt0087469_shot_0049_img_2.jpg,2,1,1,0.5,0.0
LLaVA-Next-8B,mme_celebrity_tt0089218_shot_0327_img_0.jpg,2,1,1,0.5,0.0
LLaVA-Next-8B,mme_celebrity_tt0090022_shot_0464_img_0.jpg,2,1,1,0.5,0.0
LLaVA-Next-8B,mme_celebrity_tt0090605_shot_0344_img_0.jpg,2,1,1,0.5,0.0
LLaVA-Next-8B,mme_celebrity_tt0091042_shot_0098_img_0.jpg,2,1,1,0.5,0.0
LLaVA-Next-8B,mme_celebrity_tt0091738_shot_0073_img_1.jpg,2,1,1,0.5,0.0
LLaVA-Next-8B,mme_celebrity_tt0093748_shot_0346_img_0.jpg,2,1,1,0.5,0.0
LLaVA-Next-8B,mme_celebrity_tt0094226_shot_0237_img_2.jpg,2,1,1,0.5,0.0
LLaVA-Next-8B,mme_celebrity_tt0095016_shot_1170_img_0.jpg,2,1,1,0.5,0.0
LLaVA-Next-8B,mme_celebrity_tt0095765_shot_0008_img_0.jpg,2,1,1,0.5,0.0
LLaVA-Next-8B,mme_celebrity_tt0096874_shot_0647_img_0.jpg,2,1,1,0.5,0.0
LLaVA-Next-8B,mme_celebrity_tt0097428_shot_0106_img_0.jpg,2,1,1,0.5,0.0
LLaVA-Next-8B,mme_celebrity_tt0097576_shot_1010_img_2.jpg,2,1,1,0.5,0.0
LLaVA-Next-8B,mme_celebrity_tt0100405_shot_0786_img_0.jpg,2,1,1,0.5,0.0
LLaVA-Next-8B,mme_celebrity_tt0101410_shot_0105_img_0.jpg,2,1,1,0.5,0.0
LLaVA-Next-8B,mme_celebrity_tt0103064_shot_1206_img_0.jpg,2,1,1,0.5,0.0
LLaVA-Next-8B,mme_celebrity_tt0103064_shot_2602_img_1.jpg,2,1,1,0.5,0.0
LLaVA-Next-8B,mme_celebrity_tt0103776_shot_0719_img_0.jpg,2,1,1,0.5,0.0
LLaVA-Next-8B,mme_celebrity_tt0104257_shot_0477_img_0.jpg,2,1,1,0.5,0.0
LLaVA-Next-8B,mme_celebrity_tt0111280_shot_0258_img_0.jpg,2,1,1,0.5,0.0
LLaVA-Next-8B,mme_celebrity_tt0112641_shot_0412_img_1.jpg,2,1,1,0.5,0.0
LLaVA-Next-8B,mme_celebrity_tt0114369_shot_1138_img_0.jpg,2,1,1,0.5,0.0
LLaVA-Next-8B,mme_celebrity_tt0115798_shot_0844_img_1.jpg,2,1,1,0.5,0.0
LLaVA-Next-8B,mme_celebrity_tt0116367_shot_0755_img_0.jpg,2,1,1,0.5,0.0
LLaVA-Next-8B,mme_celebrity_tt0117060_shot_1401_img_0.jpg,2,1,1,0.5,0.0
LLaVA-Next-8B,mme_celebrity_tt0117381_shot_0798_img_1.jpg,2,1,1,0.5,0.0
LLaVA-Next-8B,mme_celebrity_tt0117509_shot_0041_img_0.jpg,2,1,1,0.5,0.0
LLaVA-Next-8B,mme_celebrity_tt0118571_shot_0627_img_0.jpg,2,1,1,0.5,0.0
LLaVA-Next-8B,mme_celebrity_tt0118636_shot_0344_img_0.jpg,2,1,1,0.5,0.0
LLaVA-Next-8B,mme_celebrity_tt0118655_shot_0279_img_0.jpg,2,1,1,0.5,0.0
LLaVA-Next-8B,mme_celebrity_tt0118655_shot_1152_img_2.jpg,2,1,1,0.5,0.0
LLaVA-Next-8B,mme_celebrity_tt0118689_shot_0969_img_2.jpg,2,1,1,0.5,0.0
LLaVA-Next-8B,mme_celebrity_tt0118749_shot_0795_img_0.jpg,2,1,1,0.5,0.0
LLaVA-Next-8B,mme_celebrity_tt0118883_shot_0691_img_1.jpg,2,1,1,0.5,0.0
LLaVA-Next-8B,mme_celebrity_tt0118971_shot_0679_img_0.jpg,2,1,1,0.5,0.0
LLaVA-Next-8B,mme_celebrity_tt0119528_shot_0761_img_1.jpg,2,1,1,0.5,0.0
LLaVA-Next-8B,mme_celebrity_tt0119643_shot_0330_img_0.jpg,2,1,1,0.5,0.0
LLaVA-Next-8B,mme_celebrity_tt0120338_shot_1130_img_2.jpg,2,1,1,0.5,0.0
LLaVA-Next-8B,mme_code_reasoning_0016.png,2,1,1,0.5,0.0
LLaVA-Next-8B,mme_color_000000370208.jpg,2,1,1,0.5,0.0
LLaVA-Next-8B,mme_commonsense_reasoning_0001.png,2,1,1,0.5,0.0
LLaVA-Next-8B,mme_commonsense_reasoning_0003.png,2,1,1,0.5,0.0
LLaVA-Next-8B,mme_commonsense_reasoning_0009.png,2,1,1,0.5,0.0
LLaVA-Next-8B,mme_commonsense_reasoning_0015.png,2,1,1,0.5,0.0
LLaVA-Next-8B,mme_commonsense_reasoning_0021.png,2,1,1,0.5,0.0
LLaVA-Next-8B,mme_commonsense_reasoning_0029.png,2,1,1,0.5,0.0
LLaVA-Next-8B,mme_commonsense_reasoning_0030.png,2,1,1,0.5,0.0
LLaVA-Next-8B,mme_commonsense_reasoning_0032.png,2,1,1,0.5,0.0
LLaVA-Next-8B,mme_commonsense_reasoning_0036.png,2,1,1,0.5,0.0
LLaVA-Next-8B,mme_commonsense_reasoning_0038.png,2,1,1,0.5,0.0
LLaVA-Next-8B,mme_commonsense_reasoning_0039.png,2,1,1,0.5,0.0
LLaVA-Next-8B,mme_commonsense_reasoning_0041.png,2,1,1,0.5,0.0
LLaVA-Next-8B,mme_commonsense_reasoning_0045.png,2,1,1,0.5,0.0
LLaVA-Next-8B,mme_commonsense_reasoning_0047.png,2,1,1,0.5,0.0
LLaVA-Next-8B,mme_commonsense_reasoning_0049.png,2,1,1,0.5,0.0
LLaVA-Next-8B,mme_commonsense_reasoning_0051.png,2,1,1,0.5,0.0
LLaVA-Next-8B,mme_commonsense_reasoning_0053.png,2,1,1,0.5,0.0
LLaVA-Next-8B,mme_commonsense_reasoning_0059.png,2,1,1,0.5,0.0
LLaVA-Next-8B,mme_commonsense_reasoning_0062.png,2,1,1,0.5,0.0
LLaVA-Next-8B,mme_numerical_calculation_0011.png,2,1,1,0.5,0.0
LLaVA-Next-8B,mme_numerical_calculation_0013.png,2,1,1,0.5,0.0
LLaVA-Next-8B,mme_position_000000007281.jpg,2,1,1,0.5,0.0
LLaVA-Next-8B,mme_position_000000031248.jpg,2,1,1,0.5,0.0
LLaVA-Next-8B,mme_position_000000048504.jpg,2,1,1,0.5,0.0
LLaVA-Next-8B,mme_position_000000056127.jpg,2,1,1,0.5,0.0
LLaVA-Next-8B,mme_position_000000097994.jpg,2,1,1,0.5,0.0
LLaVA-Next-8B,mme_position_000000426241.jpg,2,1,1,0.5,0.0
LLaVA-Next-8B,mme_position_000000472046.jpg,2,1,1,0.5,0.0
LLaVA-Next-8B,mme_position_000000477955.jpg,2,1,1,0.5,0.0
LLaVA-Next-8B,mme_position_000000509699.jpg,2,1,1,0.5,0.0
LLaVA-Next-8B,mme_posters_tt0067116.jpg,2,1,1,0.5,0.0
LLaVA-Next-8B,mme_posters_tt0074749.jpg,2,1,1,0.5,0.0
LLaVA-Next-8B,mme_posters_tt0083946.jpg,2,1,1,0.5,0.0
LLaVA-Next-8B,mme_posters_tt0100112.jpg,2,1,1,0.5,0.0
LLaVA-Next-8B,mme_posters_tt0264395.jpg,2,1,1,0.5,0.0
LLaVA-Next-8B,mme_posters_tt0369702.jpg,2,1,1,0.5,0.0
LLaVA-Next-8B,mme_posters_tt0433035.jpg,2,1,1,0.5,0.0
LLaVA-Next-8B,mme_posters_tt0443680.jpg,2,1,1,0.5,0.0
LLaVA-Next-8B,mme_posters_tt1971325.jpg,2,1,1,0.5,0.0
LLaVA-Next-8B,mme_posters_tt3465916.jpg,2,1,1,0.5,0.0
LLaVA-Next-8B,mme_posters_tt3498820.jpg,2,1,1,0.5,0.0
LLaVA-Next-8B,mme_posters_tt3700804.jpg,2,1,1,0.5,0.0
LLaVA-Next-8B,mme_scene_Places365_val_00000181.jpg,2,1,1,0.5,0.0
LLaVA-Next-8B,mme_text_translation_0010.png,2,1,1,0.5,0.0
LLaVA-Next-8B,mme_text_translation_0012.png,2,1,1,0.5,0.0
LLaVA-Next-8B,mme_text_translation_0020.png,2,1,1,0.5,0.0
LLaVA-Next-8B,pope_1288.jpg,2,1,1,0.5,0.0
LLaVA-Next-8B,pope_1538.jpg,2,1,1,0.5,0.0
LLaVA-Next-8B,pope_1784.jpg,2,1,1,0.5,0.0
LLaVA-Next-8B,pope_198.jpg,2,1,1,0.5,0.0
LLaVA-Next-8B,pope_2652.jpg,2,1,1,0.5,0.0
LLaVA-Next-8B,pope_498.jpg,2,1,1,0.5,0.0
LLaVA-Next-8B,pope_502.jpg,2,1,1,0.5,0.0
LLaVA-Next-8B,pope_582.jpg,2,1,1,0.5,0.0
LLaVA-Next-8B,pope_748.jpg,2,1,1,0.5,0.0
LLaVA-Next-8B,pope_754.jpg,2,1,1,0.5,0.0
LLaVA-Next-8B,AMBER_131.jpg,7,3,4,0.42857142857142855,0.07142857142857145
LLaVA-Next-8B,AMBER_227.jpg,7,3,4,0.42857142857142855,0.07142857142857145
LLaVA-Next-8B,AMBER_425.jpg,7,3,4,0.42857142857142855,0.07142857142857145
LLaVA-Next-8B,AMBER_57.jpg,7,3,4,0.42857142857142855,0.07142857142857145
LLaVA-Next-8B,AMBER_637.jpg,7,3,4,0.42857142857142855,0.07142857142857145
LLaVA-Next-8B,AMBER_645.jpg,7,3,4,0.42857142857142855,0.07142857142857145
LLaVA-Next-8B,AMBER_712.jpg,7,3,4,0.42857142857142855,0.07142857142857145
LLaVA-Next-8B,AMBER_801.jpg,7,3,4,0.42857142857142855,0.07142857142857145
LLaVA-Next-8B,AMBER_989.jpg,7,3,4,0.42857142857142855,0.07142857142857145
LLaVA-Next-8B,AMBER_1002.jpg,5,2,3,0.4,0.09999999999999998
LLaVA-Next-8B,AMBER_110.jpg,5,2,3,0.4,0.09999999999999998
LLaVA-Next-8B,AMBER_119.jpg,5,3,2,0.6,0.09999999999999998
LLaVA-Next-8B,AMBER_125.jpg,5,2,3,0.4,0.09999999999999998
LLaVA-Next-8B,AMBER_128.jpg,5,2,3,0.4,0.09999999999999998
LLaVA-Next-8B,AMBER_151.jpg,5,2,3,0.4,0.09999999999999998
LLaVA-Next-8B,AMBER_16.jpg,5,2,3,0.4,0.09999999999999998
LLaVA-Next-8B,AMBER_220.jpg,5,2,3,0.4,0.09999999999999998
LLaVA-Next-8B,AMBER_236.jpg,5,2,3,0.4,0.09999999999999998
LLaVA-Next-8B,AMBER_254.jpg,5,2,3,0.4,0.09999999999999998
LLaVA-Next-8B,AMBER_285.jpg,5,2,3,0.4,0.09999999999999998
LLaVA-Next-8B,AMBER_338.jpg,5,2,3,0.4,0.09999999999999998
LLaVA-Next-8B,AMBER_385.jpg,5,2,3,0.4,0.09999999999999998
LLaVA-Next-8B,AMBER_39.jpg,5,2,3,0.4,0.09999999999999998
LLaVA-Next-8B,AMBER_431.jpg,5,2,3,0.4,0.09999999999999998
LLaVA-Next-8B,AMBER_457.jpg,5,2,3,0.4,0.09999999999999998
LLaVA-Next-8B,AMBER_49.jpg,5,2,3,0.4,0.09999999999999998
LLaVA-Next-8B,AMBER_492.jpg,5,2,3,0.4,0.09999999999999998
LLaVA-Next-8B,AMBER_493.jpg,5,2,3,0.4,0.09999999999999998
LLaVA-Next-8B,AMBER_532.jpg,5,2,3,0.4,0.09999999999999998
LLaVA-Next-8B,AMBER_565.jpg,5,2,3,0.4,0.09999999999999998
LLaVA-Next-8B,AMBER_594.jpg,5,3,2,0.6,0.09999999999999998
LLaVA-Next-8B,AMBER_61.jpg,5,3,2,0.6,0.09999999999999998
LLaVA-Next-8B,AMBER_64.jpg,5,2,3,0.4,0.09999999999999998
LLaVA-Next-8B,AMBER_734.jpg,5,2,3,0.4,0.09999999999999998
LLaVA-Next-8B,AMBER_745.jpg,5,2,3,0.4,0.09999999999999998
LLaVA-Next-8B,AMBER_746.jpg,5,2,3,0.4,0.09999999999999998
LLaVA-Next-8B,AMBER_749.jpg,5,3,2,0.6,0.09999999999999998
LLaVA-Next-8B,AMBER_783.jpg,5,2,3,0.4,0.09999999999999998
LLaVA-Next-8B,AMBER_808.jpg,5,2,3,0.4,0.09999999999999998
LLaVA-Next-8B,AMBER_826.jpg,5,2,3,0.4,0.09999999999999998
LLaVA-Next-8B,AMBER_834.jpg,5,2,3,0.4,0.09999999999999998
LLaVA-Next-8B,AMBER_848.jpg,5,3,2,0.6,0.09999999999999998
LLaVA-Next-8B,AMBER_849.jpg,5,2,3,0.4,0.09999999999999998
LLaVA-Next-8B,AMBER_85.jpg,5,3,2,0.6,0.09999999999999998
LLaVA-Next-8B,AMBER_903.jpg,5,2,3,0.4,0.09999999999999998
LLaVA-Next-8B,AMBER_917.jpg,5,2,3,0.4,0.09999999999999998
LLaVA-Next-8B,AMBER_943.jpg,5,3,2,0.6,0.09999999999999998
LLaVA-Next-8B,AMBER_969.jpg,5,2,3,0.4,0.09999999999999998
LLaVA-Next-8B,AMBER_975.jpg,5,3,2,0.6,0.09999999999999998
LLaVA-Next-8B,AMBER_996.jpg,5,3,2,0.6,0.09999999999999998
LLaVA-Next-8B,AMBER_539.jpg,8,3,5,0.375,0.125
LLaVA-Next-8B,AMBER_559.jpg,8,3,5,0.375,0.125
LLaVA-Next-8B,hallusionbench_chart_1_1.png,8,5,3,0.625,0.125
LLaVA-Next-8B,AMBER_204.jpg,3,2,1,0.6666666666666666,0.16666666666666663
LLaVA-Next-8B,AMBER_242.jpg,3,2,1,0.6666666666666666,0.16666666666666663
LLaVA-Next-8B,AMBER_345.jpg,3,2,1,0.6666666666666666,0.16666666666666663
LLaVA-Next-8B,AMBER_414.jpg,6,4,2,0.6666666666666666,0.16666666666666663
LLaVA-Next-8B,AMBER_419.jpg,3,2,1,0.6666666666666666,0.16666666666666663
LLaVA-Next-8B,AMBER_453.jpg,3,2,1,0.6666666666666666,0.16666666666666663
LLaVA-Next-8B,AMBER_495.jpg,3,2,1,0.6666666666666666,0.16666666666666663
LLaVA-Next-8B,AMBER_507.jpg,3,2,1,0.6666666666666666,0.16666666666666663
LLaVA-Next-8B,AMBER_525.jpg,3,2,1,0.6666666666666666,0.16666666666666663
LLaVA-Next-8B,AMBER_543.jpg,3,2,1,0.6666666666666666,0.16666666666666663
LLaVA-Next-8B,AMBER_55.jpg,3,2,1,0.6666666666666666,0.16666666666666663
LLaVA-Next-8B,AMBER_67.jpg,3,2,1,0.6666666666666666,0.16666666666666663
LLaVA-Next-8B,AMBER_690.jpg,3,2,1,0.6666666666666666,0.16666666666666663
LLaVA-Next-8B,AMBER_693.jpg,3,2,1,0.6666666666666666,0.16666666666666663
LLaVA-Next-8B,AMBER_711.jpg,3,2,1,0.6666666666666666,0.16666666666666663
LLaVA-Next-8B,AMBER_751.jpg,3,2,1,0.6666666666666666,0.16666666666666663
LLaVA-Next-8B,AMBER_759.jpg,3,2,1,0.6666666666666666,0.16666666666666663
LLaVA-Next-8B,AMBER_766.jpg,3,2,1,0.6666666666666666,0.16666666666666663
LLaVA-Next-8B,AMBER_841.jpg,3,2,1,0.6666666666666666,0.16666666666666663
LLaVA-Next-8B,AMBER_862.jpg,3,2,1,0.6666666666666666,0.16666666666666663
LLaVA-Next-8B,AMBER_913.jpg,3,2,1,0.6666666666666666,0.16666666666666663
LLaVA-Next-8B,AMBER_922.jpg,3,2,1,0.6666666666666666,0.16666666666666663
LLaVA-Next-8B,hallusionbench_chart_14_1.png,3,2,1,0.6666666666666666,0.16666666666666663
LLaVA-Next-8B,hallusionbench_chart_14_2.png,3,2,1,0.6666666666666666,0.16666666666666663
LLaVA-Next-8B,hallusionbench_illusion_0_1.png,3,2,1,0.6666666666666666,0.16666666666666663
LLaVA-Next-8B,hallusionbench_illusion_11_0.png,3,2,1,0.6666666666666666,0.16666666666666663
LLaVA-Next-8B,hallusionbench_illusion_1_0.png,3,2,1,0.6666666666666666,0.16666666666666663
LLaVA-Next-8B,hallusionbench_illusion_25_0.png,3,2,1,0.6666666666666666,0.16666666666666663
LLaVA-Next-8B,hallusionbench_map_8_2.png,3,2,1,0.6666666666666666,0.16666666666666663
LLaVA-Next-8B,hallusionbench_math_0_0.png,3,2,1,0.6666666666666666,0.16666666666666663
LLaVA-Next-8B,hallusionbench_math_0_1.png,3,2,1,0.6666666666666666,0.16666666666666663
LLaVA-Next-8B,hallusionbench_math_17_0.png,3,2,1,0.6666666666666666,0.16666666666666663
LLaVA-Next-8B,hallusionbench_math_17_1.png,3,2,1,0.6666666666666666,0.16666666666666663
LLaVA-Next-8B,hallusionbench_math_3_1.png,3,2,1,0.6666666666666666,0.16666666666666663
LLaVA-Next-8B,hallusionbench_math_5_0.png,3,2,1,0.6666666666666666,0.16666666666666663
LLaVA-Next-8B,hallusionbench_math_5_1.png,3,2,1,0.6666666666666666,0.16666666666666663
LLaVA-Next-8B,hallusionbench_table_0_1.png,3,2,1,0.6666666666666666,0.16666666666666663
LLaVA-Next-8B,hallusionbench_table_0_2.png,3,2,1,0.6666666666666666,0.16666666666666663
LLaVA-Next-8B,hallusionbench_table_2_2.png,3,2,1,0.6666666666666666,0.16666666666666663
LLaVA-Next-8B,hallusionbench_table_2_3.png,3,2,1,0.6666666666666666,0.16666666666666663
LLaVA-Next-8B,hallusionbench_video_12_0.png,3,2,1,0.6666666666666666,0.16666666666666663
LLaVA-Next-8B,hallusionbench_video_12_1.png,3,2,1,0.6666666666666666,0.16666666666666663
LLaVA-Next-8B,AMBER_113.jpg,3,1,2,0.3333333333333333,0.16666666666666669
LLaVA-Next-8B,AMBER_121.jpg,3,1,2,0.3333333333333333,0.16666666666666669
LLaVA-Next-8B,AMBER_130.jpg,3,1,2,0.3333333333333333,0.16666666666666669
LLaVA-Next-8B,AMBER_134.jpg,3,1,2,0.3333333333333333,0.16666666666666669
LLaVA-Next-8B,AMBER_139.jpg,3,1,2,0.3333333333333333,0.16666666666666669
LLaVA-Next-8B,AMBER_146.jpg,3,1,2,0.3333333333333333,0.16666666666666669
LLaVA-Next-8B,AMBER_148.jpg,3,1,2,0.3333333333333333,0.16666666666666669
LLaVA-Next-8B,AMBER_154.jpg,3,1,2,0.3333333333333333,0.16666666666666669
LLaVA-Next-8B,AMBER_161.jpg,3,1,2,0.3333333333333333,0.16666666666666669
LLaVA-Next-8B,AMBER_17.jpg,3,1,2,0.3333333333333333,0.16666666666666669
LLaVA-Next-8B,AMBER_188.jpg,3,1,2,0.3333333333333333,0.16666666666666669
LLaVA-Next-8B,AMBER_199.jpg,6,2,4,0.3333333333333333,0.16666666666666669
LLaVA-Next-8B,AMBER_203.jpg,3,1,2,0.3333333333333333,0.16666666666666669
LLaVA-Next-8B,AMBER_207.jpg,6,2,4,0.3333333333333333,0.16666666666666669
LLaVA-Next-8B,AMBER_230.jpg,3,1,2,0.3333333333333333,0.16666666666666669
LLaVA-Next-8B,AMBER_25.jpg,3,1,2,0.3333333333333333,0.16666666666666669
LLaVA-Next-8B,AMBER_257.jpg,3,1,2,0.3333333333333333,0.16666666666666669
LLaVA-Next-8B,AMBER_297.jpg,3,1,2,0.3333333333333333,0.16666666666666669
LLaVA-Next-8B,AMBER_299.jpg,3,1,2,0.3333333333333333,0.16666666666666669
LLaVA-Next-8B,AMBER_30.jpg,3,1,2,0.3333333333333333,0.16666666666666669
LLaVA-Next-8B,AMBER_304.jpg,6,2,4,0.3333333333333333,0.16666666666666669
LLaVA-Next-8B,AMBER_32.jpg,6,2,4,0.3333333333333333,0.16666666666666669
LLaVA-Next-8B,AMBER_326.jpg,3,1,2,0.3333333333333333,0.16666666666666669
LLaVA-Next-8B,AMBER_349.jpg,3,1,2,0.3333333333333333,0.16666666666666669
LLaVA-Next-8B,AMBER_360.jpg,3,1,2,0.3333333333333333,0.16666666666666669
LLaVA-Next-8B,AMBER_371.jpg,6,2,4,0.3333333333333333,0.16666666666666669
LLaVA-Next-8B,AMBER_372.jpg,6,2,4,0.3333333333333333,0.16666666666666669
LLaVA-Next-8B,AMBER_379.jpg,3,1,2,0.3333333333333333,0.16666666666666669
LLaVA-Next-8B,AMBER_381.jpg,6,2,4,0.3333333333333333,0.16666666666666669
LLaVA-Next-8B,AMBER_382.jpg,3,1,2,0.3333333333333333,0.16666666666666669
LLaVA-Next-8B,AMBER_383.jpg,3,1,2,0.3333333333333333,0.16666666666666669
LLaVA-Next-8B,AMBER_386.jpg,6,2,4,0.3333333333333333,0.16666666666666669
LLaVA-Next-8B,AMBER_387.jpg,3,1,2,0.3333333333333333,0.16666666666666669
LLaVA-Next-8B,AMBER_391.jpg,3,1,2,0.3333333333333333,0.16666666666666669
LLaVA-Next-8B,AMBER_396.jpg,3,1,2,0.3333333333333333,0.16666666666666669
LLaVA-Next-8B,AMBER_397.jpg,6,2,4,0.3333333333333333,0.16666666666666669
LLaVA-Next-8B,AMBER_401.jpg,3,1,2,0.3333333333333333,0.16666666666666669
LLaVA-Next-8B,AMBER_41.jpg,3,1,2,0.3333333333333333,0.16666666666666669
LLaVA-Next-8B,AMBER_412.jpg,3,1,2,0.3333333333333333,0.16666666666666669
LLaVA-Next-8B,AMBER_418.jpg,6,2,4,0.3333333333333333,0.16666666666666669
LLaVA-Next-8B,AMBER_427.jpg,3,1,2,0.3333333333333333,0.16666666666666669
LLaVA-Next-8B,AMBER_433.jpg,3,1,2,0.3333333333333333,0.16666666666666669
LLaVA-Next-8B,AMBER_434.jpg,3,1,2,0.3333333333333333,0.16666666666666669
LLaVA-Next-8B,AMBER_44.jpg,3,1,2,0.3333333333333333,0.16666666666666669
LLaVA-Next-8B,AMBER_440.jpg,3,1,2,0.3333333333333333,0.16666666666666669
LLaVA-Next-8B,AMBER_441.jpg,3,1,2,0.3333333333333333,0.16666666666666669
LLaVA-Next-8B,AMBER_449.jpg,3,1,2,0.3333333333333333,0.16666666666666669
LLaVA-Next-8B,AMBER_46.jpg,3,1,2,0.3333333333333333,0.16666666666666669
LLaVA-Next-8B,AMBER_460.jpg,3,1,2,0.3333333333333333,0.16666666666666669
LLaVA-Next-8B,AMBER_465.jpg,6,2,4,0.3333333333333333,0.16666666666666669
LLaVA-Next-8B,AMBER_476.jpg,3,1,2,0.3333333333333333,0.16666666666666669
LLaVA-Next-8B,AMBER_480.jpg,3,1,2,0.3333333333333333,0.16666666666666669
LLaVA-Next-8B,AMBER_487.jpg,3,1,2,0.3333333333333333,0.16666666666666669
LLaVA-Next-8B,AMBER_499.jpg,3,1,2,0.3333333333333333,0.16666666666666669
LLaVA-Next-8B,AMBER_506.jpg,3,1,2,0.3333333333333333,0.16666666666666669
LLaVA-Next-8B,AMBER_514.jpg,3,1,2,0.3333333333333333,0.16666666666666669
LLaVA-Next-8B,AMBER_519.jpg,3,1,2,0.3333333333333333,0.16666666666666669
LLaVA-Next-8B,AMBER_53.jpg,3,1,2,0.3333333333333333,0.16666666666666669
LLaVA-Next-8B,AMBER_533.jpg,3,1,2,0.3333333333333333,0.16666666666666669
LLaVA-Next-8B,AMBER_54.jpg,3,1,2,0.3333333333333333,0.16666666666666669
LLaVA-Next-8B,AMBER_540.jpg,3,1,2,0.3333333333333333,0.16666666666666669
LLaVA-Next-8B,AMBER_550.jpg,3,1,2,0.3333333333333333,0.16666666666666669
LLaVA-Next-8B,AMBER_552.jpg,3,1,2,0.3333333333333333,0.16666666666666669
LLaVA-Next-8B,AMBER_558.jpg,3,1,2,0.3333333333333333,0.16666666666666669
LLaVA-Next-8B,AMBER_562.jpg,3,1,2,0.3333333333333333,0.16666666666666669
LLaVA-Next-8B,AMBER_572.jpg,3,1,2,0.3333333333333333,0.16666666666666669
LLaVA-Next-8B,AMBER_574.jpg,3,1,2,0.3333333333333333,0.16666666666666669
LLaVA-Next-8B,AMBER_579.jpg,6,2,4,0.3333333333333333,0.16666666666666669
LLaVA-Next-8B,AMBER_584.jpg,3,1,2,0.3333333333333333,0.16666666666666669
LLaVA-Next-8B,AMBER_588.jpg,6,2,4,0.3333333333333333,0.16666666666666669
LLaVA-Next-8B,AMBER_597.jpg,3,1,2,0.3333333333333333,0.16666666666666669
LLaVA-Next-8B,AMBER_6.jpg,6,2,4,0.3333333333333333,0.16666666666666669
LLaVA-Next-8B,AMBER_600.jpg,3,1,2,0.3333333333333333,0.16666666666666669
LLaVA-Next-8B,AMBER_607.jpg,3,1,2,0.3333333333333333,0.16666666666666669
LLaVA-Next-8B,AMBER_614.jpg,6,2,4,0.3333333333333333,0.16666666666666669
LLaVA-Next-8B,AMBER_625.jpg,3,1,2,0.3333333333333333,0.16666666666666669
LLaVA-Next-8B,AMBER_628.jpg,3,1,2,0.3333333333333333,0.16666666666666669
LLaVA-Next-8B,AMBER_632.jpg,3,1,2,0.3333333333333333,0.16666666666666669
LLaVA-Next-8B,AMBER_647.jpg,3,1,2,0.3333333333333333,0.16666666666666669
LLaVA-Next-8B,AMBER_649.jpg,3,1,2,0.3333333333333333,0.16666666666666669
LLaVA-Next-8B,AMBER_661.jpg,6,2,4,0.3333333333333333,0.16666666666666669
LLaVA-Next-8B,AMBER_664.jpg,3,1,2,0.3333333333333333,0.16666666666666669
LLaVA-Next-8B,AMBER_666.jpg,3,1,2,0.3333333333333333,0.16666666666666669
LLaVA-Next-8B,AMBER_668.jpg,3,1,2,0.3333333333333333,0.16666666666666669
LLaVA-Next-8B,AMBER_670.jpg,6,2,4,0.3333333333333333,0.16666666666666669
LLaVA-Next-8B,AMBER_673.jpg,6,2,4,0.3333333333333333,0.16666666666666669
LLaVA-Next-8B,AMBER_674.jpg,6,2,4,0.3333333333333333,0.16666666666666669
LLaVA-Next-8B,AMBER_677.jpg,6,2,4,0.3333333333333333,0.16666666666666669
LLaVA-Next-8B,AMBER_688.jpg,3,1,2,0.3333333333333333,0.16666666666666669
LLaVA-Next-8B,AMBER_694.jpg,6,2,4,0.3333333333333333,0.16666666666666669
LLaVA-Next-8B,AMBER_696.jpg,3,1,2,0.3333333333333333,0.16666666666666669
LLaVA-Next-8B,AMBER_710.jpg,6,2,4,0.3333333333333333,0.16666666666666669
LLaVA-Next-8B,AMBER_714.jpg,3,1,2,0.3333333333333333,0.16666666666666669
LLaVA-Next-8B,AMBER_716.jpg,3,1,2,0.3333333333333333,0.16666666666666669
LLaVA-Next-8B,AMBER_722.jpg,3,1,2,0.3333333333333333,0.16666666666666669
LLaVA-Next-8B,AMBER_736.jpg,3,1,2,0.3333333333333333,0.16666666666666669
LLaVA-Next-8B,AMBER_755.jpg,3,1,2,0.3333333333333333,0.16666666666666669
LLaVA-Next-8B,AMBER_768.jpg,3,1,2,0.3333333333333333,0.16666666666666669
LLaVA-Next-8B,AMBER_77.jpg,3,1,2,0.3333333333333333,0.16666666666666669
LLaVA-Next-8B,AMBER_773.jpg,6,2,4,0.3333333333333333,0.16666666666666669
LLaVA-Next-8B,AMBER_785.jpg,3,1,2,0.3333333333333333,0.16666666666666669
LLaVA-Next-8B,AMBER_800.jpg,3,1,2,0.3333333333333333,0.16666666666666669
LLaVA-Next-8B,AMBER_810.jpg,3,1,2,0.3333333333333333,0.16666666666666669
LLaVA-Next-8B,AMBER_817.jpg,6,2,4,0.3333333333333333,0.16666666666666669
LLaVA-Next-8B,AMBER_818.jpg,3,1,2,0.3333333333333333,0.16666666666666669
LLaVA-Next-8B,AMBER_827.jpg,3,1,2,0.3333333333333333,0.16666666666666669
LLaVA-Next-8B,AMBER_830.jpg,3,1,2,0.3333333333333333,0.16666666666666669
LLaVA-Next-8B,AMBER_84.jpg,6,2,4,0.3333333333333333,0.16666666666666669
LLaVA-Next-8B,AMBER_859.jpg,3,1,2,0.3333333333333333,0.16666666666666669
LLaVA-Next-8B,AMBER_863.jpg,3,1,2,0.3333333333333333,0.16666666666666669
LLaVA-Next-8B,AMBER_866.jpg,3,1,2,0.3333333333333333,0.16666666666666669
LLaVA-Next-8B,AMBER_867.jpg,3,1,2,0.3333333333333333,0.16666666666666669
LLaVA-Next-8B,AMBER_883.jpg,3,1,2,0.3333333333333333,0.16666666666666669
LLaVA-Next-8B,AMBER_886.jpg,3,1,2,0.3333333333333333,0.16666666666666669
LLaVA-Next-8B,AMBER_897.jpg,6,2,4,0.3333333333333333,0.16666666666666669
LLaVA-Next-8B,AMBER_927.jpg,3,1,2,0.3333333333333333,0.16666666666666669
LLaVA-Next-8B,AMBER_928.jpg,3,1,2,0.3333333333333333,0.16666666666666669
LLaVA-Next-8B,AMBER_939.jpg,3,1,2,0.3333333333333333,0.16666666666666669
LLaVA-Next-8B,AMBER_953.jpg,3,1,2,0.3333333333333333,0.16666666666666669
LLaVA-Next-8B,AMBER_955.jpg,3,1,2,0.3333333333333333,0.16666666666666669
LLaVA-Next-8B,AMBER_96.jpg,6,2,4,0.3333333333333333,0.16666666666666669
LLaVA-Next-8B,AMBER_961.jpg,3,1,2,0.3333333333333333,0.16666666666666669
LLaVA-Next-8B,AMBER_963.jpg,3,1,2,0.3333333333333333,0.16666666666666669
LLaVA-Next-8B,AMBER_995.jpg,3,1,2,0.3333333333333333,0.16666666666666669
LLaVA-Next-8B,AMBER_999.jpg,3,1,2,0.3333333333333333,0.16666666666666669
LLaVA-Next-8B,hallusionbench_chart_8_1.png,3,1,2,0.3333333333333333,0.16666666666666669
LLaVA-Next-8B,hallusionbench_chart_8_2.png,3,1,2,0.3333333333333333,0.16666666666666669
LLaVA-Next-8B,hallusionbench_illusion_11_1.png,3,1,2,0.3333333333333333,0.16666666666666669
LLaVA-Next-8B,hallusionbench_illusion_25_1.png,3,1,2,0.3333333333333333,0.16666666666666669
LLaVA-Next-8B,hallusionbench_illusion_5_1.png,3,1,2,0.3333333333333333,0.16666666666666669
LLaVA-Next-8B,hallusionbench_map_8_1.png,3,1,2,0.3333333333333333,0.16666666666666669
LLaVA-Next-8B,hallusionbench_math_10_0.png,3,1,2,0.3333333333333333,0.16666666666666669
LLaVA-Next-8B,hallusionbench_math_11_0.png,3,1,2,0.3333333333333333,0.16666666666666669
LLaVA-Next-8B,hallusionbench_math_11_1.png,3,1,2,0.3333333333333333,0.16666666666666669
LLaVA-Next-8B,hallusionbench_math_12_1.png,3,1,2,0.3333333333333333,0.16666666666666669
LLaVA-Next-8B,hallusionbench_math_13_0.png,3,1,2,0.3333333333333333,0.16666666666666669
LLaVA-Next-8B,hallusionbench_math_15_1.png,3,1,2,0.3333333333333333,0.16666666666666669
LLaVA-Next-8B,hallusionbench_math_6_1.png,3,1,2,0.3333333333333333,0.16666666666666669
LLaVA-Next-8B,hallusionbench_table_7_3.png,6,2,4,0.3333333333333333,0.16666666666666669
LLaVA-Next-8B,hallusionbench_video_13_0.png,3,1,2,0.3333333333333333,0.16666666666666669
LLaVA-Next-8B,hallusionbench_video_2_0.png,3,1,2,0.3333333333333333,0.16666666666666669
LLaVA-Next-8B,hallusionbench_video_9_0.png,3,1,2,0.3333333333333333,0.16666666666666669
LLaVA-Next-8B,pope_1546.jpg,3,1,2,0.3333333333333333,0.16666666666666669
LLaVA-Next-8B,pope_228.jpg,3,1,2,0.3333333333333333,0.16666666666666669
LLaVA-Next-8B,AMBER_211.jpg,10,3,7,0.3,0.2
LLaVA-Next-8B,AMBER_209.jpg,7,2,5,0.2857142857142857,0.2142857142857143
LLaVA-Next-8B,AMBER_417.jpg,7,2,5,0.2857142857142857,0.2142857142857143
LLaVA-Next-8B,AMBER_510.jpg,7,2,5,0.2857142857142857,0.2142857142857143
LLaVA-Next-8B,AMBER_517.jpg,7,2,5,0.2857142857142857,0.2142857142857143
LLaVA-Next-8B,AMBER_936.jpg,7,2,5,0.2857142857142857,0.2142857142857143
LLaVA-Next-8B,AMBER_89.jpg,11,3,8,0.2727272727272727,0.2272727272727273
LLaVA-Next-8B,AMBER_101.jpg,4,3,1,0.75,0.25
LLaVA-Next-8B,AMBER_106.jpg,4,1,3,0.25,0.25
LLaVA-Next-8B,AMBER_123.jpg,4,1,3,0.25,0.25
LLaVA-Next-8B,AMBER_138.jpg,4,1,3,0.25,0.25
LLaVA-Next-8B,AMBER_143.jpg,4,1,3,0.25,0.25
LLaVA-Next-8B,AMBER_144.jpg,4,1,3,0.25,0.25
LLaVA-Next-8B,AMBER_173.jpg,4,1,3,0.25,0.25
LLaVA-Next-8B,AMBER_175.jpg,4,1,3,0.25,0.25
LLaVA-Next-8B,AMBER_178.jpg,4,1,3,0.25,0.25
LLaVA-Next-8B,AMBER_18.jpg,4,1,3,0.25,0.25
LLaVA-Next-8B,AMBER_183.jpg,4,1,3,0.25,0.25
LLaVA-Next-8B,AMBER_19.jpg,4,1,3,0.25,0.25
LLaVA-Next-8B,AMBER_193.jpg,4,1,3,0.25,0.25
LLaVA-Next-8B,AMBER_198.jpg,4,1,3,0.25,0.25
LLaVA-Next-8B,AMBER_200.jpg,4,1,3,0.25,0.25
LLaVA-Next-8B,AMBER_22.jpg,4,1,3,0.25,0.25
LLaVA-Next-8B,AMBER_222.jpg,4,1,3,0.25,0.25
LLaVA-Next-8B,AMBER_224.jpg,4,1,3,0.25,0.25
LLaVA-Next-8B,AMBER_225.jpg,4,1,3,0.25,0.25
LLaVA-Next-8B,AMBER_231.jpg,4,1,3,0.25,0.25
LLaVA-Next-8B,AMBER_234.jpg,4,1,3,0.25,0.25
LLaVA-Next-8B,AMBER_237.jpg,4,1,3,0.25,0.25
LLaVA-Next-8B,AMBER_250.jpg,4,1,3,0.25,0.25
LLaVA-Next-8B,AMBER_261.jpg,4,1,3,0.25,0.25
LLaVA-Next-8B,AMBER_267.jpg,4,1,3,0.25,0.25
LLaVA-Next-8B,AMBER_282.jpg,4,1,3,0.25,0.25
LLaVA-Next-8B,AMBER_283.jpg,4,1,3,0.25,0.25
LLaVA-Next-8B,AMBER_287.jpg,4,1,3,0.25,0.25
LLaVA-Next-8B,AMBER_289.jpg,4,1,3,0.25,0.25
LLaVA-Next-8B,AMBER_292.jpg,4,1,3,0.25,0.25
LLaVA-Next-8B,AMBER_295.jpg,4,1,3,0.25,0.25
LLaVA-Next-8B,AMBER_3.jpg,4,1,3,0.25,0.25
LLaVA-Next-8B,AMBER_309.jpg,4,1,3,0.25,0.25
LLaVA-Next-8B,AMBER_316.jpg,4,1,3,0.25,0.25
LLaVA-Next-8B,AMBER_323.jpg,4,1,3,0.25,0.25
LLaVA-Next-8B,AMBER_325.jpg,4,1,3,0.25,0.25
LLaVA-Next-8B,AMBER_328.jpg,4,1,3,0.25,0.25
LLaVA-Next-8B,AMBER_329.jpg,4,1,3,0.25,0.25
LLaVA-Next-8B,AMBER_332.jpg,4,1,3,0.25,0.25
LLaVA-Next-8B,AMBER_357.jpg,4,1,3,0.25,0.25
LLaVA-Next-8B,AMBER_364.jpg,4,1,3,0.25,0.25
LLaVA-Next-8B,AMBER_366.jpg,4,1,3,0.25,0.25
LLaVA-Next-8B,AMBER_376.jpg,4,1,3,0.25,0.25
LLaVA-Next-8B,AMBER_398.jpg,4,1,3,0.25,0.25
LLaVA-Next-8B,AMBER_402.jpg,4,1,3,0.25,0.25
LLaVA-Next-8B,AMBER_403.jpg,4,1,3,0.25,0.25
LLaVA-Next-8B,AMBER_404.jpg,4,1,3,0.25,0.25
LLaVA-Next-8B,AMBER_413.jpg,4,1,3,0.25,0.25
LLaVA-Next-8B,AMBER_420.jpg,4,1,3,0.25,0.25
LLaVA-Next-8B,AMBER_423.jpg,4,3,1,0.75,0.25
LLaVA-Next-8B,AMBER_426.jpg,4,1,3,0.25,0.25
LLaVA-Next-8B,AMBER_430.jpg,4,1,3,0.25,0.25
LLaVA-Next-8B,AMBER_436.jpg,4,1,3,0.25,0.25
LLaVA-Next-8B,AMBER_438.jpg,4,1,3,0.25,0.25
LLaVA-Next-8B,AMBER_461.jpg,4,1,3,0.25,0.25
LLaVA-Next-8B,AMBER_467.jpg,4,1,3,0.25,0.25
LLaVA-Next-8B,AMBER_47.jpg,8,2,6,0.25,0.25
LLaVA-Next-8B,AMBER_474.jpg,8,2,6,0.25,0.25
LLaVA-Next-8B,AMBER_498.jpg,4,1,3,0.25,0.25
LLaVA-Next-8B,AMBER_523.jpg,4,1,3,0.25,0.25
LLaVA-Next-8B,AMBER_527.jpg,4,1,3,0.25,0.25
LLaVA-Next-8B,AMBER_529.jpg,4,1,3,0.25,0.25
LLaVA-Next-8B,AMBER_536.jpg,4,1,3,0.25,0.25
LLaVA-Next-8B,AMBER_545.jpg,4,1,3,0.25,0.25
LLaVA-Next-8B,AMBER_554.jpg,4,1,3,0.25,0.25
LLaVA-Next-8B,AMBER_561.jpg,4,1,3,0.25,0.25
LLaVA-Next-8B,AMBER_575.jpg,4,1,3,0.25,0.25
LLaVA-Next-8B,AMBER_576.jpg,4,1,3,0.25,0.25
LLaVA-Next-8B,AMBER_578.jpg,4,1,3,0.25,0.25
LLaVA-Next-8B,AMBER_58.jpg,8,2,6,0.25,0.25
LLaVA-Next-8B,AMBER_585.jpg,4,1,3,0.25,0.25
LLaVA-Next-8B,AMBER_589.jpg,4,1,3,0.25,0.25
LLaVA-Next-8B,AMBER_604.jpg,4,1,3,0.25,0.25
LLaVA-Next-8B,AMBER_606.jpg,4,1,3,0.25,0.25
LLaVA-Next-8B,AMBER_608.jpg,4,1,3,0.25,0.25
LLaVA-Next-8B,AMBER_612.jpg,4,1,3,0.25,0.25
LLaVA-Next-8B,AMBER_615.jpg,4,1,3,0.25,0.25
LLaVA-Next-8B,AMBER_616.jpg,4,1,3,0.25,0.25
LLaVA-Next-8B,AMBER_623.jpg,4,1,3,0.25,0.25
LLaVA-Next-8B,AMBER_630.jpg,4,1,3,0.25,0.25
LLaVA-Next-8B,AMBER_643.jpg,4,1,3,0.25,0.25
LLaVA-Next-8B,AMBER_653.jpg,4,1,3,0.25,0.25
LLaVA-Next-8B,AMBER_656.jpg,4,1,3,0.25,0.25
LLaVA-Next-8B,AMBER_657.jpg,4,1,3,0.25,0.25
LLaVA-Next-8B,AMBER_658.jpg,4,1,3,0.25,0.25
LLaVA-Next-8B,AMBER_663.jpg,4,1,3,0.25,0.25
LLaVA-Next-8B,AMBER_667.jpg,4,1,3,0.25,0.25
LLaVA-Next-8B,AMBER_669.jpg,4,1,3,0.25,0.25
LLaVA-Next-8B,AMBER_69.jpg,4,1,3,0.25,0.25
LLaVA-Next-8B,AMBER_699.jpg,4,1,3,0.25,0.25
LLaVA-Next-8B,AMBER_700.jpg,4,1,3,0.25,0.25
LLaVA-Next-8B,AMBER_702.jpg,4,1,3,0.25,0.25
LLaVA-Next-8B,AMBER_706.jpg,4,1,3,0.25,0.25
LLaVA-Next-8B,AMBER_707.jpg,4,1,3,0.25,0.25
LLaVA-Next-8B,AMBER_721.jpg,4,1,3,0.25,0.25
LLaVA-Next-8B,AMBER_723.jpg,4,1,3,0.25,0.25
LLaVA-Next-8B,AMBER_729.jpg,4,1,3,0.25,0.25
LLaVA-Next-8B,AMBER_743.jpg,4,1,3,0.25,0.25
LLaVA-Next-8B,AMBER_748.jpg,4,1,3,0.25,0.25
LLaVA-Next-8B,AMBER_76.jpg,4,1,3,0.25,0.25
LLaVA-Next-8B,AMBER_760.jpg,4,1,3,0.25,0.25
LLaVA-Next-8B,AMBER_772.jpg,4,1,3,0.25,0.25
LLaVA-Next-8B,AMBER_778.jpg,4,1,3,0.25,0.25
LLaVA-Next-8B,AMBER_78.jpg,4,1,3,0.25,0.25
LLaVA-Next-8B,AMBER_781.jpg,4,1,3,0.25,0.25
LLaVA-Next-8B,AMBER_782.jpg,4,1,3,0.25,0.25
LLaVA-Next-8B,AMBER_794.jpg,4,1,3,0.25,0.25
LLaVA-Next-8B,AMBER_805.jpg,4,1,3,0.25,0.25
LLaVA-Next-8B,AMBER_806.jpg,4,1,3,0.25,0.25
LLaVA-Next-8B,AMBER_823.jpg,8,2,6,0.25,0.25
LLaVA-Next-8B,AMBER_83.jpg,4,1,3,0.25,0.25
LLaVA-Next-8B,AMBER_846.jpg,4,1,3,0.25,0.25
LLaVA-Next-8B,AMBER_855.jpg,4,1,3,0.25,0.25
LLaVA-Next-8B,AMBER_86.jpg,4,1,3,0.25,0.25
LLaVA-Next-8B,AMBER_861.jpg,4,1,3,0.25,0.25
LLaVA-Next-8B,AMBER_88.jpg,4,1,3,0.25,0.25
LLaVA-Next-8B,AMBER_887.jpg,4,1,3,0.25,0.25
LLaVA-Next-8B,AMBER_892.jpg,4,1,3,0.25,0.25
LLaVA-Next-8B,AMBER_898.jpg,4,1,3,0.25,0.25
LLaVA-Next-8B,AMBER_908.jpg,4,1,3,0.25,0.25
LLaVA-Next-8B,AMBER_914.jpg,4,1,3,0.25,0.25
LLaVA-Next-8B,AMBER_923.jpg,4,1,3,0.25,0.25
LLaVA-Next-8B,AMBER_932.jpg,4,1,3,0.25,0.25
LLaVA-Next-8B,AMBER_933.jpg,4,1,3,0.25,0.25
LLaVA-Next-8B,AMBER_935.jpg,4,1,3,0.25,0.25
LLaVA-Next-8B,AMBER_967.jpg,4,1,3,0.25,0.25
LLaVA-Next-8B,AMBER_985.jpg,4,1,3,0.25,0.25
LLaVA-Next-8B,hallusionbench_chart_0_1.png,4,3,1,0.75,0.25
LLaVA-Next-8B,hallusionbench_chart_10_1.png,4,3,1,0.75,0.25
LLaVA-Next-8B,hallusionbench_chart_10_2.png,4,3,1,0.75,0.25
LLaVA-Next-8B,hallusionbench_chart_2_1.png,8,6,2,0.75,0.25
LLaVA-Next-8B,hallusionbench_chart_5_1.png,4,3,1,0.75,0.25
LLaVA-Next-8B,hallusionbench_chart_9_1.png,4,3,1,0.75,0.25
LLaVA-Next-8B,hallusionbench_chart_9_2.png,4,3,1,0.75,0.25
LLaVA-Next-8B,hallusionbench_map_0_2.png,4,3,1,0.75,0.25
LLaVA-Next-8B,hallusionbench_video_10_1.png,4,3,1,0.75,0.25
LLaVA-Next-8B,hallusionbench_video_10_2.png,4,1,3,0.25,0.25
LLaVA-Next-8B,hallusionbench_video_14_0.png,4,3,1,0.75,0.25
LLaVA-Next-8B,hallusionbench_video_14_1.png,4,1,3,0.25,0.25
LLaVA-Next-8B,hallusionbench_video_18_0.png,4,1,3,0.25,0.25
LLaVA-Next-8B,hallusionbench_video_18_1.png,4,3,1,0.75,0.25
LLaVA-Next-8B,hallusionbench_video_18_2.png,4,3,1,0.75,0.25
LLaVA-Next-8B,hallusionbench_video_5_1.png,4,1,3,0.25,0.25
LLaVA-Next-8B,hallusionbench_video_8_0.png,4,1,3,0.25,0.25
LLaVA-Next-8B,AMBER_10.jpg,5,1,4,0.2,0.3
LLaVA-Next-8B,AMBER_103.jpg,5,1,4,0.2,0.3
LLaVA-Next-8B,AMBER_107.jpg,5,1,4,0.2,0.3
LLaVA-Next-8B,AMBER_11.jpg,5,1,4,0.2,0.3
LLaVA-Next-8B,AMBER_114.jpg,5,1,4,0.2,0.3
LLaVA-Next-8B,AMBER_118.jpg,5,1,4,0.2,0.3
LLaVA-Next-8B,AMBER_14.jpg,5,1,4,0.2,0.3
LLaVA-Next-8B,AMBER_147.jpg,5,1,4,0.2,0.3
LLaVA-Next-8B,AMBER_156.jpg,5,1,4,0.2,0.3
LLaVA-Next-8B,AMBER_168.jpg,5,1,4,0.2,0.3
LLaVA-Next-8B,AMBER_197.jpg,5,1,4,0.2,0.3
LLaVA-Next-8B,AMBER_214.jpg,5,1,4,0.2,0.3
LLaVA-Next-8B,AMBER_219.jpg,5,1,4,0.2,0.3
LLaVA-Next-8B,AMBER_239.jpg,5,1,4,0.2,0.3
LLaVA-Next-8B,AMBER_247.jpg,5,1,4,0.2,0.3
LLaVA-Next-8B,AMBER_262.jpg,5,1,4,0.2,0.3
LLaVA-Next-8B,AMBER_268.jpg,5,1,4,0.2,0.3
LLaVA-Next-8B,AMBER_272.jpg,5,1,4,0.2,0.3
LLaVA-Next-8B,AMBER_281.jpg,5,1,4,0.2,0.3
LLaVA-Next-8B,AMBER_284.jpg,5,1,4,0.2,0.3
LLaVA-Next-8B,AMBER_286.jpg,5,1,4,0.2,0.3
LLaVA-Next-8B,AMBER_315.jpg,5,1,4,0.2,0.3
LLaVA-Next-8B,AMBER_318.jpg,5,1,4,0.2,0.3
LLaVA-Next-8B,AMBER_367.jpg,5,1,4,0.2,0.3
LLaVA-Next-8B,AMBER_375.jpg,5,1,4,0.2,0.3
LLaVA-Next-8B,AMBER_384.jpg,5,1,4,0.2,0.3
LLaVA-Next-8B,AMBER_389.jpg,5,1,4,0.2,0.3
LLaVA-Next-8B,AMBER_393.jpg,5,1,4,0.2,0.3
LLaVA-Next-8B,AMBER_395.jpg,5,1,4,0.2,0.3
LLaVA-Next-8B,AMBER_411.jpg,5,1,4,0.2,0.3
LLaVA-Next-8B,AMBER_424.jpg,5,1,4,0.2,0.3
LLaVA-Next-8B,AMBER_429.jpg,5,1,4,0.2,0.3
LLaVA-Next-8B,AMBER_452.jpg,5,1,4,0.2,0.3
LLaVA-Next-8B,AMBER_464.jpg,5,1,4,0.2,0.3
LLaVA-Next-8B,AMBER_466.jpg,5,1,4,0.2,0.3
LLaVA-Next-8B,AMBER_48.jpg,5,1,4,0.2,0.3
LLaVA-Next-8B,AMBER_491.jpg,5,1,4,0.2,0.3
LLaVA-Next-8B,AMBER_494.jpg,5,1,4,0.2,0.3
LLaVA-Next-8B,AMBER_5.jpg,5,1,4,0.2,0.3
LLaVA-Next-8B,AMBER_505.jpg,5,1,4,0.2,0.3
LLaVA-Next-8B,AMBER_513.jpg,5,1,4,0.2,0.3
LLaVA-Next-8B,AMBER_522.jpg,5,1,4,0.2,0.3
LLaVA-Next-8B,AMBER_526.jpg,5,1,4,0.2,0.3
LLaVA-Next-8B,AMBER_534.jpg,5,1,4,0.2,0.3
LLaVA-Next-8B,AMBER_538.jpg,5,1,4,0.2,0.3
LLaVA-Next-8B,AMBER_544.jpg,5,1,4,0.2,0.3
LLaVA-Next-8B,AMBER_546.jpg,5,1,4,0.2,0.3
LLaVA-Next-8B,AMBER_583.jpg,5,1,4,0.2,0.3
LLaVA-Next-8B,AMBER_592.jpg,5,1,4,0.2,0.3
LLaVA-Next-8B,AMBER_595.jpg,5,1,4,0.2,0.3
LLaVA-Next-8B,AMBER_596.jpg,5,1,4,0.2,0.3
LLaVA-Next-8B,AMBER_609.jpg,5,1,4,0.2,0.3
LLaVA-Next-8B,AMBER_611.jpg,5,1,4,0.2,0.3
LLaVA-Next-8B,AMBER_618.jpg,5,1,4,0.2,0.3
LLaVA-Next-8B,AMBER_620.jpg,5,1,4,0.2,0.3
LLaVA-Next-8B,AMBER_622.jpg,5,1,4,0.2,0.3
LLaVA-Next-8B,AMBER_646.jpg,5,1,4,0.2,0.3
LLaVA-Next-8B,AMBER_66.jpg,5,1,4,0.2,0.3
LLaVA-Next-8B,AMBER_678.jpg,5,1,4,0.2,0.3
LLaVA-Next-8B,AMBER_695.jpg,5,1,4,0.2,0.3
LLaVA-Next-8B,AMBER_697.jpg,5,1,4,0.2,0.3
LLaVA-Next-8B,AMBER_70.jpg,5,1,4,0.2,0.3
LLaVA-Next-8B,AMBER_71.jpg,5,1,4,0.2,0.3
LLaVA-Next-8B,AMBER_719.jpg,5,1,4,0.2,0.3
LLaVA-Next-8B,AMBER_738.jpg,5,1,4,0.2,0.3
LLaVA-Next-8B,AMBER_847.jpg,5,1,4,0.2,0.3
LLaVA-Next-8B,AMBER_872.jpg,5,1,4,0.2,0.3
LLaVA-Next-8B,AMBER_880.jpg,5,1,4,0.2,0.3
LLaVA-Next-8B,AMBER_884.jpg,5,1,4,0.2,0.3
LLaVA-Next-8B,AMBER_885.jpg,5,1,4,0.2,0.3
LLaVA-Next-8B,AMBER_909.jpg,5,1,4,0.2,0.3
LLaVA-Next-8B,AMBER_912.jpg,5,1,4,0.2,0.3
LLaVA-Next-8B,AMBER_93.jpg,5,1,4,0.2,0.3
LLaVA-Next-8B,AMBER_956.jpg,5,1,4,0.2,0.3
LLaVA-Next-8B,AMBER_960.jpg,5,1,4,0.2,0.3
LLaVA-Next-8B,AMBER_964.jpg,5,1,4,0.2,0.3
LLaVA-Next-8B,AMBER_972.jpg,5,1,4,0.2,0.3
LLaVA-Next-8B,AMBER_994.jpg,5,1,4,0.2,0.3
LLaVA-Next-8B,AMBER_100.jpg,6,1,5,0.16666666666666666,0.33333333333333337
LLaVA-Next-8B,AMBER_1004.jpg,6,1,5,0.16666666666666666,0.33333333333333337
LLaVA-Next-8B,AMBER_127.jpg,6,5,1,0.8333333333333334,0.33333333333333337
LLaVA-Next-8B,AMBER_155.jpg,6,1,5,0.16666666666666666,0.33333333333333337
LLaVA-Next-8B,AMBER_169.jpg,6,1,5,0.16666666666666666,0.33333333333333337
LLaVA-Next-8B,AMBER_235.jpg,6,1,5,0.16666666666666666,0.33333333333333337
LLaVA-Next-8B,AMBER_244.jpg,6,1,5,0.16666666666666666,0.33333333333333337
LLaVA-Next-8B,AMBER_255.jpg,6,1,5,0.16666666666666666,0.33333333333333337
LLaVA-Next-8B,AMBER_314.jpg,6,1,5,0.16666666666666666,0.33333333333333337
LLaVA-Next-8B,AMBER_319.jpg,6,1,5,0.16666666666666666,0.33333333333333337
LLaVA-Next-8B,AMBER_351.jpg,6,1,5,0.16666666666666666,0.33333333333333337
LLaVA-Next-8B,AMBER_363.jpg,6,1,5,0.16666666666666666,0.33333333333333337
LLaVA-Next-8B,AMBER_374.jpg,6,1,5,0.16666666666666666,0.33333333333333337
LLaVA-Next-8B,AMBER_410.jpg,6,1,5,0.16666666666666666,0.33333333333333337
LLaVA-Next-8B,AMBER_422.jpg,6,1,5,0.16666666666666666,0.33333333333333337
LLaVA-Next-8B,AMBER_446.jpg,6,1,5,0.16666666666666666,0.33333333333333337
LLaVA-Next-8B,AMBER_462.jpg,6,1,5,0.16666666666666666,0.33333333333333337
LLaVA-Next-8B,AMBER_473.jpg,6,1,5,0.16666666666666666,0.33333333333333337
LLaVA-Next-8B,AMBER_490.jpg,6,1,5,0.16666666666666666,0.33333333333333337
LLaVA-Next-8B,AMBER_497.jpg,6,1,5,0.16666666666666666,0.33333333333333337
LLaVA-Next-8B,AMBER_524.jpg,6,1,5,0.16666666666666666,0.33333333333333337
LLaVA-Next-8B,AMBER_569.jpg,6,1,5,0.16666666666666666,0.33333333333333337
LLaVA-Next-8B,AMBER_586.jpg,6,1,5,0.16666666666666666,0.33333333333333337
LLaVA-Next-8B,AMBER_591.jpg,6,1,5,0.16666666666666666,0.33333333333333337
LLaVA-Next-8B,AMBER_621.jpg,6,1,5,0.16666666666666666,0.33333333333333337
LLaVA-Next-8B,AMBER_627.jpg,6,1,5,0.16666666666666666,0.33333333333333337
LLaVA-Next-8B,AMBER_655.jpg,6,1,5,0.16666666666666666,0.33333333333333337
LLaVA-Next-8B,AMBER_662.jpg,6,1,5,0.16666666666666666,0.33333333333333337
LLaVA-Next-8B,AMBER_672.jpg,6,1,5,0.16666666666666666,0.33333333333333337
LLaVA-Next-8B,AMBER_679.jpg,6,1,5,0.16666666666666666,0.33333333333333337
LLaVA-Next-8B,AMBER_68.jpg,6,1,5,0.16666666666666666,0.33333333333333337
LLaVA-Next-8B,AMBER_7.jpg,6,1,5,0.16666666666666666,0.33333333333333337
LLaVA-Next-8B,AMBER_720.jpg,6,1,5,0.16666666666666666,0.33333333333333337
LLaVA-Next-8B,AMBER_728.jpg,6,1,5,0.16666666666666666,0.33333333333333337
LLaVA-Next-8B,AMBER_744.jpg,6,1,5,0.16666666666666666,0.33333333333333337
LLaVA-Next-8B,AMBER_754.jpg,6,1,5,0.16666666666666666,0.33333333333333337
LLaVA-Next-8B,AMBER_790.jpg,6,1,5,0.16666666666666666,0.33333333333333337
LLaVA-Next-8B,AMBER_799.jpg,6,1,5,0.16666666666666666,0.33333333333333337
LLaVA-Next-8B,AMBER_828.jpg,6,1,5,0.16666666666666666,0.33333333333333337
LLaVA-Next-8B,AMBER_87.jpg,6,1,5,0.16666666666666666,0.33333333333333337
LLaVA-Next-8B,AMBER_938.jpg,6,1,5,0.16666666666666666,0.33333333333333337
LLaVA-Next-8B,AMBER_95.jpg,6,1,5,0.16666666666666666,0.33333333333333337
LLaVA-Next-8B,AMBER_99.jpg,6,1,5,0.16666666666666666,0.33333333333333337
LLaVA-Next-8B,hallusionbench_table_7_1.png,6,1,5,0.16666666666666666,0.33333333333333337
LLaVA-Next-8B,AMBER_1.jpg,7,1,6,0.14285714285714285,0.35714285714285715
LLaVA-Next-8B,AMBER_1001.jpg,7,1,6,0.14285714285714285,0.35714285714285715
LLaVA-Next-8B,AMBER_192.jpg,7,1,6,0.14285714285714285,0.35714285714285715
LLaVA-Next-8B,AMBER_20.jpg,7,1,6,0.14285714285714285,0.35714285714285715
LLaVA-Next-8B,AMBER_223.jpg,7,1,6,0.14285714285714285,0.35714285714285715
LLaVA-Next-8B,AMBER_291.jpg,7,1,6,0.14285714285714285,0.35714285714285715
LLaVA-Next-8B,AMBER_350.jpg,7,1,6,0.14285714285714285,0.35714285714285715
LLaVA-Next-8B,AMBER_358.jpg,7,1,6,0.14285714285714285,0.35714285714285715
LLaVA-Next-8B,AMBER_399.jpg,7,1,6,0.14285714285714285,0.35714285714285715
LLaVA-Next-8B,AMBER_405.jpg,7,1,6,0.14285714285714285,0.35714285714285715
LLaVA-Next-8B,AMBER_415.jpg,7,1,6,0.14285714285714285,0.35714285714285715
LLaVA-Next-8B,AMBER_599.jpg,7,1,6,0.14285714285714285,0.35714285714285715
LLaVA-Next-8B,AMBER_648.jpg,7,1,6,0.14285714285714285,0.35714285714285715
LLaVA-Next-8B,AMBER_652.jpg,7,1,6,0.14285714285714285,0.35714285714285715
LLaVA-Next-8B,AMBER_845.jpg,7,1,6,0.14285714285714285,0.35714285714285715
LLaVA-Next-8B,AMBER_934.jpg,7,1,6,0.14285714285714285,0.35714285714285715
LLaVA-Next-8B,AMBER_98.jpg,7,1,6,0.14285714285714285,0.35714285714285715
LLaVA-Next-8B,AMBER_105.jpg,8,1,7,0.125,0.375
LLaVA-Next-8B,AMBER_201.jpg,8,1,7,0.125,0.375
LLaVA-Next-8B,AMBER_246.jpg,8,1,7,0.125,0.375
LLaVA-Next-8B,AMBER_317.jpg,8,1,7,0.125,0.375
LLaVA-Next-8B,AMBER_60.jpg,8,1,7,0.125,0.375
LLaVA-Next-8B,AMBER_619.jpg,8,1,7,0.125,0.375
LLaVA-Next-8B,AMBER_651.jpg,8,1,7,0.125,0.375
LLaVA-Next-8B,AMBER_140.jpg,9,1,8,0.1111111111111111,0.3888888888888889
Llama-3.2-11B,AMBER_120.jpg,4,2,2,0.5,0.0
Llama-3.2-11B,AMBER_127.jpg,6,3,3,0.5,0.0
Llama-3.2-11B,AMBER_157.jpg,2,1,1,0.5,0.0
Llama-3.2-11B,AMBER_179.jpg,2,1,1,0.5,0.0
Llama-3.2-11B,AMBER_182.jpg,2,1,1,0.5,0.0
Llama-3.2-11B,AMBER_205.jpg,4,2,2,0.5,0.0
Llama-3.2-11B,AMBER_210.jpg,2,1,1,0.5,0.0
Llama-3.2-11B,AMBER_224.jpg,4,2,2,0.5,0.0
Llama-3.2-11B,AMBER_233.jpg,4,2,2,0.5,0.0
Llama-3.2-11B,AMBER_243.jpg,2,1,1,0.5,0.0
Llama-3.2-11B,AMBER_249.jpg,6,3,3,0.5,0.0
Llama-3.2-11B,AMBER_263.jpg,2,1,1,0.5,0.0
Llama-3.2-11B,AMBER_307.jpg,2,1,1,0.5,0.0
Llama-3.2-11B,AMBER_330.jpg,2,1,1,0.5,0.0
Llama-3.2-11B,AMBER_336.jpg,2,1,1,0.5,0.0
Llama-3.2-11B,AMBER_377.jpg,2,1,1,0.5,0.0
Llama-3.2-11B,AMBER_443.jpg,4,2,2,0.5,0.0
Llama-3.2-11B,AMBER_478.jpg,2,1,1,0.5,0.0
Llama-3.2-11B,AMBER_512.jpg,4,2,2,0.5,0.0
Llama-3.2-11B,AMBER_570.jpg,4,2,2,0.5,0.0
Llama-3.2-11B,AMBER_582.jpg,2,1,1,0.5,0.0
Llama-3.2-11B,AMBER_639.jpg,2,1,1,0.5,0.0
Llama-3.2-11B,AMBER_691.jpg,2,1,1,0.5,0.0
Llama-3.2-11B,AMBER_699.jpg,4,2,2,0.5,0.0
Llama-3.2-11B,AMBER_733.jpg,2,1,1,0.5,0.0
Llama-3.2-11B,AMBER_739.jpg,2,1,1,0.5,0.0
Llama-3.2-11B,AMBER_802.jpg,2,1,1,0.5,0.0
Llama-3.2-11B,AMBER_82.jpg,4,2,2,0.5,0.0
Llama-3.2-11B,AMBER_825.jpg,2,1,1,0.5,0.0
Llama-3.2-11B,AMBER_854.jpg,2,1,1,0.5,0.0
Llama-3.2-11B,AMBER_869.jpg,2,1,1,0.5,0.0
Llama-3.2-11B,AMBER_888.jpg,2,1,1,0.5,0.0
Llama-3.2-11B,AMBER_94.jpg,4,2,2,0.5,0.0
Llama-3.2-11B,AMBER_946.jpg,2,1,1,0.5,0.0
Llama-3.2-11B,AMBER_959.jpg,2,1,1,0.5,0.0
Llama-3.2-11B,AMBER_979.jpg,2,1,1,0.5,0.0
Llama-3.2-11B,hallusionbench_chart_0_1.png,4,2,2,0.5,0.0
Llama-3.2-11B,hallusionbench_chart_13_1.png,2,1,1,0.5,0.0
Llama-3.2-11B,hallusionbench_chart_19_1.png,2,1,1,0.5,0.0
Llama-3.2-11B,hallusionbench_chart_19_2.png,2,1,1,0.5,0.0
Llama-3.2-11B,hallusionbench_chart_20_1.png,2,1,1,0.5,0.0
Llama-3.2-11B,hallusionbench_chart_20_2.png,2,1,1,0.5,0.0
Llama-3.2-11B,hallusionbench_chart_4_2.png,4,2,2,0.5,0.0
Llama-3.2-11B,hallusionbench_chart_5_1.png,4,2,2,0.5,0.0
Llama-3.2-11B,hallusionbench_chart_5_2.png,4,2,2,0.5,0.0
Llama-3.2-11B,hallusionbench_chart_9_1.png,4,2,2,0.5,0.0
Llama-3.2-11B,hallusionbench_figure_10_1.png,2,1,1,0.5,0.0
Llama-3.2-11B,hallusionbench_illusion_10_1.png,2,1,1,0.5,0.0
Llama-3.2-11B,hallusionbench_illusion_19_1.png,2,1,1,0.5,0.0
Llama-3.2-11B,hallusionbench_illusion_28_1.png,2,1,1,0.5,0.0
Llama-3.2-11B,hallusionbench_illusion_30_1.png,2,1,1,0.5,0.0
Llama-3.2-11B,hallusionbench_illusion_7_0.png,2,1,1,0.5,0.0
Llama-3.2-11B,hallusionbench_illusion_9_1.png,2,1,1,0.5,0.0
Llama-3.2-11B,hallusionbench_map_10_2.png,2,1,1,0.5,0.0
Llama-3.2-11B,hallusionbench_map_5_1.png,4,2,2,0.5,0.0
Llama-3.2-11B,hallusionbench_map_5_2.png,4,2,2,0.5,0.0
Llama-3.2-11B,hallusionbench_map_7_2.png,2,1,1,0.5,0.0
Llama-3.2-11B,hallusionbench_map_9_2.png,2,1,1,0.5,0.0
Llama-3.2-11B,hallusionbench_math_1_1.png,2,1,1,0.5,0.0
Llama-3.2-11B,hallusionbench_math_4_1.png,2,1,1,0.5,0.0
Llama-3.2-11B,hallusionbench_math_7_1.png,2,1,1,0.5,0.0
Llama-3.2-11B,hallusionbench_math_8_1.png,2,1,1,0.5,0.0
Llama-3.2-11B,hallusionbench_math_9_1.png,2,1,1,0.5,0.0
Llama-3.2-11B,hallusionbench_ocr_20_0.png,2,1,1,0.5,0.0
Llama-3.2-11B,hallusionbench_table_3_2.png,2,1,1,0.5,0.0
Llama-3.2-11B,hallusionbench_table_8_3.png,2,1,1,0.5,0.0
Llama-3.2-11B,hallusionbench_video_10_0.png,4,2,2,0.5,0.0
Llama-3.2-11B,hallusionbench_video_10_1.png,4,2,2,0.5,0.0
Llama-3.2-11B,hallusionbench_video_10_2.png,4,2,2,0.5,0.0
Llama-3.2-11B,hallusionbench_video_11_0.png,4,2,2,0.5,0.0
Llama-3.2-11B,hallusionbench_video_11_1.png,4,2,2,0.5,0.0
Llama-3.2-11B,hallusionbench_video_11_2.png,4,2,2,0.5,0.0
Llama-3.2-11B,hallusionbench_video_14_2.png,4,2,2,0.5,0.0
Llama-3.2-11B,hallusionbench_video_15_0.png,2,1,1,0.5,0.0
Llama-3.2-11B,hallusionbench_video_15_1.png,2,1,1,0.5,0.0
Llama-3.2-11B,hallusionbench_video_16_0.png,2,1,1,0.5,0.0
Llama-3.2-11B,hallusionbench_video_16_1.png,2,1,1,0.5,0.0
Llama-3.2-11B,hallusionbench_video_17_1.png,4,2,2,0.5,0.0
Llama-3.2-11B,hallusionbench_video_18_1.png,4,2,2,0.5,0.0
Llama-3.2-11B,hallusionbench_video_19_2.png,4,2,2,0.5,0.0
Llama-3.2-11B,hallusionbench_video_1_1.png,4,2,2,0.5,0.0
Llama-3.2-11B,hallusionbench_video_3_0.png,4,2,2,0.5,0.0
Llama-3.2-11B,hallusionbench_video_4_0.png,4,2,2,0.5,0.0
Llama-3.2-11B,hallusionbench_video_4_1.png,4,2,2,0.5,0.0
Llama-3.2-11B,hallusionbench_video_5_0.png,4,2,2,0.5,0.0
Llama-3.2-11B,hallusionbench_video_5_1.png,4,2,2,0.5,0.0
Llama-3.2-11B,hallusionbench_video_6_0.png,4,2,2,0.5,0.0
Llama-3.2-11B,hallusionbench_video_6_1.png,4,2,2,0.5,0.0
Llama-3.2-11B,hallusionbench_video_7_0.png,4,2,2,0.5,0.0
Llama-3.2-11B,hallusionbench_video_7_1.png,4,2,2,0.5,0.0
Llama-3.2-11B,hallusionbench_video_8_0.png,4,2,2,0.5,0.0
Llama-3.2-11B,hallusionbench_video_8_1.png,4,2,2,0.5,0.0
Llama-3.2-11B,mme_artwork_34109.jpg,2,1,1,0.5,0.0
Llama-3.2-11B,mme_artwork_34363.jpg,2,1,1,0.5,0.0
Llama-3.2-11B,mme_artwork_34539.jpg,2,1,1,0.5,0.0
Llama-3.2-11B,mme_celebrity_tt0032138_shot_0395_img_0.jpg,2,1,1,0.5,0.0
Llama-3.2-11B,mme_celebrity_tt0047396_shot_0333_img_0.jpg,2,1,1,0.5,0.0
Llama-3.2-11B,mme_celebrity_tt0049470_shot_0279_img_0.jpg,2,1,1,0.5,0.0
Llama-3.2-11B,mme_celebrity_tt0052357_shot_0511_img_0.jpg,2,1,1,0.5,0.0
Llama-3.2-11B,mme_celebrity_tt0056869_shot_0320_img_0.jpg,2,1,1,0.5,0.0
Llama-3.2-11B,mme_celebrity_tt0061418_shot_0148_img_0.jpg,2,1,1,0.5,0.0
Llama-3.2-11B,mme_celebrity_tt0065214_shot_0366_img_0.jpg,2,1,1,0.5,0.0
Llama-3.2-11B,mme_celebrity_tt0065724_shot_0320_img_1.jpg,2,1,1,0.5,0.0
Llama-3.2-11B,mme_celebrity_tt0067116_shot_0122_img_0.jpg,2,1,1,0.5,0.0
Llama-3.2-11B,mme_celebrity_tt0070735_shot_0818_img_0.jpg,2,1,1,0.5,0.0
Llama-3.2-11B,mme_celebrity_tt0070849_shot_0021_img_1.jpg,2,1,1,0.5,0.0
Llama-3.2-11B,mme_celebrity_tt0073629_shot_0700_img_0.jpg,2,1,1,0.5,0.0
Llama-3.2-11B,mme_celebrity_tt0074285_shot_0535_img_1.jpg,2,1,1,0.5,0.0
Llama-3.2-11B,mme_celebrity_tt0077402_shot_1220_img_0.jpg,2,1,1,0.5,0.0
Llama-3.2-11B,mme_celebrity_tt0077416_shot_1442_img_0.jpg,2,1,1,0.5,0.0
Llama-3.2-11B,mme_celebrity_tt0079470_shot_0798_img_0.jpg,2,1,1,0.5,0.0
Llama-3.2-11B,mme_celebrity_tt0079945_shot_1411_img_0.jpg,2,1,1,0.5,0.0
Llama-3.2-11B,mme_celebrity_tt0083658_shot_0963_img_0.jpg,2,1,1,0.5,0.0
Llama-3.2-11B,mme_celebrity_tt0088993_shot_0569_img_0.jpg,2,1,1,0.5,0.0
Llama-3.2-11B,mme_celebrity_tt0089218_shot_0327_img_0.jpg,2,1,1,0.5,0.0
Llama-3.2-11B,mme_celebrity_tt0090022_shot_0464_img_0.jpg,2,1,1,0.5,0.0
Llama-3.2-11B,mme_celebrity_tt0090605_shot_0344_img_0.jpg,2,1,1,0.5,0.0
Llama-3.2-11B,mme_celebrity_tt0091738_shot_0073_img_1.jpg,2,1,1,0.5,0.0
Llama-3.2-11B,mme_celebrity_tt0091867_shot_0422_img_2.jpg,2,1,1,0.5,0.0
Llama-3.2-11B,mme_celebrity_tt0093565_shot_0409_img_0.jpg,2,1,1,0.5,0.0
Llama-3.2-11B,mme_celebrity_tt0094737_shot_0567_img_0.jpg,2,1,1,0.5,0.0
Llama-3.2-11B,mme_celebrity_tt0095016_shot_1170_img_0.jpg,2,1,1,0.5,0.0
Llama-3.2-11B,mme_celebrity_tt0095765_shot_0008_img_0.jpg,2,1,1,0.5,0.0
Llama-3.2-11B,mme_celebrity_tt0096874_shot_0647_img_0.jpg,2,1,1,0.5,0.0
Llama-3.2-11B,mme_celebrity_tt0097576_shot_1010_img_2.jpg,2,1,1,0.5,0.0
Llama-3.2-11B,mme_celebrity_tt0099423_shot_1010_img_0.jpg,2,1,1,0.5,0.0
Llama-3.2-11B,mme_celebrity_tt0099674_shot_1356_img_0.jpg,2,1,1,0.5,0.0
Llama-3.2-11B,mme_celebrity_tt0101410_shot_0105_img_0.jpg,2,1,1,0.5,0.0
Llama-3.2-11B,mme_celebrity_tt0103776_shot_0719_img_0.jpg,2,1,1,0.5,0.0
Llama-3.2-11B,mme_celebrity_tt0105695_shot_1436_img_1.jpg,2,1,1,0.5,0.0
Llama-3.2-11B,mme_celebrity_tt0111280_shot_0258_img_0.jpg,2,1,1,0.5,0.0
Llama-3.2-11B,mme_celebrity_tt0112641_shot_0412_img_1.jpg,2,1,1,0.5,0.0
Llama-3.2-11B,mme_celebrity_tt0114388_shot_1207_img_1.jpg,2,1,1,0.5,0.0
Llama-3.2-11B,mme_celebrity_tt0116367_shot_0755_img_0.jpg,2,1,1,0.5,0.0
Llama-3.2-11B,mme_celebrity_tt0117509_shot_0041_img_0.jpg,2,1,1,0.5,0.0
Llama-3.2-11B,mme_celebrity_tt0118571_shot_0627_img_0.jpg,2,1,1,0.5,0.0
Llama-3.2-11B,mme_celebrity_tt0118655_shot_0279_img_0.jpg,2,1,1,0.5,0.0
Llama-3.2-11B,mme_celebrity_tt0118655_shot_1152_img_2.jpg,2,1,1,0.5,0.0
Llama-3.2-11B,mme_celebrity_tt0119094_shot_0446_img_2.jpg,2,1,1,0.5,0.0
Llama-3.2-11B,mme_celebrity_tt0119528_shot_0171_img_0.jpg,2,1,1,0.5,0.0
Llama-3.2-11B,mme_celebrity_tt0119643_shot_0330_img_0.jpg,2,1,1,0.5,0.0
Llama-3.2-11B,mme_celebrity_tt0119738_shot_0201_img_0.jpg,2,1,1,0.5,0.0
Llama-3.2-11B,mme_celebrity_tt0119822_shot_0878_img_0.jpg,2,1,1,0.5,0.0
Llama-3.2-11B,mme_code_reasoning_0016.png,2,1,1,0.5,0.0
Llama-3.2-11B,mme_code_reasoning_0019.png,2,1,1,0.5,0.0
Llama-3.2-11B,mme_color_000000492362.jpg,2,1,1,0.5,0.0
Llama-3.2-11B,mme_commonsense_reasoning_0005.png,2,1,1,0.5,0.0
Llama-3.2-11B,mme_commonsense_reasoning_0009.png,2,1,1,0.5,0.0
Llama-3.2-11B,mme_commonsense_reasoning_0011.png,2,1,1,0.5,0.0
Llama-3.2-11B,mme_commonsense_reasoning_0021.png,2,1,1,0.5,0.0
Llama-3.2-11B,mme_commonsense_reasoning_0030.png,2,1,1,0.5,0.0
Llama-3.2-11B,mme_commonsense_reasoning_0032.png,2,1,1,0.5,0.0
Llama-3.2-11B,mme_commonsense_reasoning_0034.png,2,1,1,0.5,0.0
Llama-3.2-11B,mme_commonsense_reasoning_0036.png,2,1,1,0.5,0.0
Llama-3.2-11B,mme_commonsense_reasoning_0038.png,2,1,1,0.5,0.0
Llama-3.2-11B,mme_commonsense_reasoning_0039.png,2,1,1,0.5,0.0
Llama-3.2-11B,mme_commonsense_reasoning_0045.png,2,1,1,0.5,0.0
Llama-3.2-11B,mme_commonsense_reasoning_0049.png,2,1,1,0.5,0.0
Llama-3.2-11B,mme_commonsense_reasoning_0053.png,2,1,1,0.5,0.0
Llama-3.2-11B,mme_commonsense_reasoning_0059.png,2,1,1,0.5,0.0
Llama-3.2-11B,mme_numerical_calculation_0011.png,2,1,1,0.5,0.0
Llama-3.2-11B,mme_numerical_calculation_0013.png,2,1,1,0.5,0.0
Llama-3.2-11B,mme_position_000000006471.jpg,2,1,1,0.5,0.0
Llama-3.2-11B,mme_position_000000007281.jpg,2,1,1,0.5,0.0
Llama-3.2-11B,mme_position_000000014038.jpg,2,1,1,0.5,0.0
Llama-3.2-11B,mme_position_000000048504.jpg,2,1,1,0.5,0.0
Llama-3.2-11B,mme_position_000000062808.jpg,2,1,1,0.5,0.0
Llama-3.2-11B,mme_position_000000211825.jpg,2,1,1,0.5,0.0
Llama-3.2-11B,mme_position_000000212800.jpg,2,1,1,0.5,0.0
Llama-3.2-11B,mme_position_000000395801.jpg,2,1,1,0.5,0.0
Llama-3.2-11B,mme_position_000000426241.jpg,2,1,1,0.5,0.0
Llama-3.2-11B,mme_position_000000472046.jpg,2,1,1,0.5,0.0
Llama-3.2-11B,mme_position_000000477955.jpg,2,1,1,0.5,0.0
Llama-3.2-11B,mme_position_000000494869.jpg,2,1,1,0.5,0.0
Llama-3.2-11B,mme_posters_tt0062622.jpg,2,1,1,0.5,0.0
Llama-3.2-11B,mme_posters_tt0070291.jpg,2,1,1,0.5,0.0
Llama-3.2-11B,mme_posters_tt0074749.jpg,2,1,1,0.5,0.0
Llama-3.2-11B,mme_posters_tt0083946.jpg,2,1,1,0.5,0.0
Llama-3.2-11B,mme_posters_tt0100112.jpg,2,1,1,0.5,0.0
Llama-3.2-11B,mme_posters_tt0264395.jpg,2,1,1,0.5,0.0
Llama-3.2-11B,mme_posters_tt0433035.jpg,2,1,1,0.5,0.0
Llama-3.2-11B,mme_posters_tt0443680.jpg,2,1,1,0.5,0.0
Llama-3.2-11B,mme_posters_tt1438176.jpg,2,1,1,0.5,0.0
Llama-3.2-11B,mme_posters_tt1971325.jpg,2,1,1,0.5,0.0
Llama-3.2-11B,mme_posters_tt3700804.jpg,2,1,1,0.5,0.0
Llama-3.2-11B,mme_scene_Places365_val_00000114.jpg,2,1,1,0.5,0.0
Llama-3.2-11B,mme_text_translation_0006.png,2,1,1,0.5,0.0
Llama-3.2-11B,mme_text_translation_0010.png,2,1,1,0.5,0.0
Llama-3.2-11B,mme_text_translation_0012.png,2,1,1,0.5,0.0
Llama-3.2-11B,mme_text_translation_0019.png,2,1,1,0.5,0.0
Llama-3.2-11B,pope_1272.jpg,2,1,1,0.5,0.0
Llama-3.2-11B,pope_1538.jpg,2,1,1,0.5,0.0
Llama-3.2-11B,pope_1636.jpg,2,1,1,0.5,0.0
Llama-3.2-11B,pope_1784.jpg,2,1,1,0.5,0.0
Llama-3.2-11B,pope_248.jpg,2,1,1,0.5,0.0
Llama-3.2-11B,pope_2652.jpg,2,1,1,0.5,0.0
Llama-3.2-11B,pope_582.jpg,2,1,1,0.5,0.0
Llama-3.2-11B,pope_638.jpg,2,1,1,0.5,0.0
Llama-3.2-11B,pope_748.jpg,2,1,1,0.5,0.0
Llama-3.2-11B,pope_754.jpg,2,1,1,0.5,0.0
Llama-3.2-11B,pope_776.jpg,2,1,1,0.5,0.0
Llama-3.2-11B,AMBER_637.jpg,7,3,4,0.42857142857142855,0.07142857142857145
Llama-3.2-11B,AMBER_645.jpg,7,3,4,0.42857142857142855,0.07142857142857145
Llama-3.2-11B,AMBER_107.jpg,5,2,3,0.4,0.09999999999999998
Llama-3.2-11B,AMBER_538.jpg,5,2,3,0.4,0.09999999999999998
Llama-3.2-11B,AMBER_61.jpg,5,2,3,0.4,0.09999999999999998
Llama-3.2-11B,AMBER_695.jpg,5,2,3,0.4,0.09999999999999998
Llama-3.2-11B,AMBER_746.jpg,5,2,3,0.4,0.09999999999999998
Llama-3.2-11B,AMBER_849.jpg,5,2,3,0.4,0.09999999999999998
Llama-3.2-11B,AMBER_85.jpg,5,2,3,0.4,0.09999999999999998
Llama-3.2-11B,AMBER_996.jpg,5,2,3,0.4,0.09999999999999998
Llama-3.2-11B,AMBER_50.jpg,8,3,5,0.375,0.125
Llama-3.2-11B,hallusionbench_chart_1_1.png,8,3,5,0.375,0.125
Llama-3.2-11B,AMBER_419.jpg,3,2,1,0.6666666666666666,0.16666666666666663
Llama-3.2-11B,AMBER_55.jpg,3,2,1,0.6666666666666666,0.16666666666666663
Llama-3.2-11B,AMBER_666.jpg,3,2,1,0.6666666666666666,0.16666666666666663
Llama-3.2-11B,AMBER_766.jpg,3,2,1,0.6666666666666666,0.16666666666666663
Llama-3.2-11B,hallusionbench_chart_14_1.png,3,2,1,0.6666666666666666,0.16666666666666663
Llama-3.2-11B,hallusionbench_chart_14_2.png,3,2,1,0.6666666666666666,0.16666666666666663
Llama-3.2-11B,hallusionbench_illusion_0_0.png,3,2,1,0.6666666666666666,0.16666666666666663
Llama-3.2-11B,hallusionbench_illusion_0_1.png,3,2,1,0.6666666666666666,0.16666666666666663
Llama-3.2-11B,hallusionbench_illusion_11_0.png,3,2,1,0.6666666666666666,0.16666666666666663
Llama-3.2-11B,hallusionbench_illusion_11_1.png,3,2,1,0.6666666666666666,0.16666666666666663
Llama-3.2-11B,hallusionbench_illusion_1_0.png,3,2,1,0.6666666666666666,0.16666666666666663
Llama-3.2-11B,hallusionbench_illusion_25_0.png,3,2,1,0.6666666666666666,0.16666666666666663
Llama-3.2-11B,hallusionbench_illusion_5_0.png,3,2,1,0.6666666666666666,0.16666666666666663
Llama-3.2-11B,hallusionbench_illusion_5_1.png,3,2,1,0.6666666666666666,0.16666666666666663
Llama-3.2-11B,hallusionbench_map_8_2.png,3,2,1,0.6666666666666666,0.16666666666666663
Llama-3.2-11B,hallusionbench_math_0_0.png,3,2,1,0.6666666666666666,0.16666666666666663
Llama-3.2-11B,hallusionbench_math_0_1.png,3,2,1,0.6666666666666666,0.16666666666666663
Llama-3.2-11B,hallusionbench_math_10_0.png,3,2,1,0.6666666666666666,0.16666666666666663
Llama-3.2-11B,hallusionbench_math_11_0.png,3,2,1,0.6666666666666666,0.16666666666666663
Llama-3.2-11B,hallusionbench_math_11_1.png,3,2,1,0.6666666666666666,0.16666666666666663
Llama-3.2-11B,hallusionbench_math_12_0.png,3,2,1,0.6666666666666666,0.16666666666666663
Llama-3.2-11B,hallusionbench_math_13_0.png,3,2,1,0.6666666666666666,0.16666666666666663
Llama-3.2-11B,hallusionbench_math_14_1.png,3,2,1,0.6666666666666666,0.16666666666666663
Llama-3.2-11B,hallusionbench_math_16_0.png,3,2,1,0.6666666666666666,0.16666666666666663
Llama-3.2-11B,hallusionbench_math_17_1.png,3,2,1,0.6666666666666666,0.16666666666666663
Llama-3.2-11B,hallusionbench_math_3_0.png,3,2,1,0.6666666666666666,0.16666666666666663
Llama-3.2-11B,hallusionbench_math_3_1.png,3,2,1,0.6666666666666666,0.16666666666666663
Llama-3.2-11B,hallusionbench_math_5_0.png,3,2,1,0.6666666666666666,0.16666666666666663
Llama-3.2-11B,hallusionbench_table_2_2.png,3,2,1,0.6666666666666666,0.16666666666666663
Llama-3.2-11B,hallusionbench_table_2_3.png,3,2,1,0.6666666666666666,0.16666666666666663
Llama-3.2-11B,hallusionbench_video_2_1.png,3,2,1,0.6666666666666666,0.16666666666666663
Llama-3.2-11B,hallusionbench_video_9_1.png,3,2,1,0.6666666666666666,0.16666666666666663
Llama-3.2-11B,AMBER_130.jpg,3,1,2,0.3333333333333333,0.16666666666666669
Llama-3.2-11B,AMBER_134.jpg,3,1,2,0.3333333333333333,0.16666666666666669
Llama-3.2-11B,AMBER_146.jpg,3,1,2,0.3333333333333333,0.16666666666666669
Llama-3.2-11B,AMBER_161.jpg,3,1,2,0.3333333333333333,0.16666666666666669
Llama-3.2-11B,AMBER_17.jpg,3,1,2,0.3333333333333333,0.16666666666666669
Llama-3.2-11B,AMBER_199.jpg,6,2,4,0.3333333333333333,0.16666666666666669
Llama-3.2-11B,AMBER_242.jpg,3,1,2,0.3333333333333333,0.16666666666666669
Llama-3.2-11B,AMBER_25.jpg,3,1,2,0.3333333333333333,0.16666666666666669
Llama-3.2-11B,AMBER_257.jpg,3,1,2,0.3333333333333333,0.16666666666666669
Llama-3.2-11B,AMBER_299.jpg,3,1,2,0.3333333333333333,0.16666666666666669
Llama-3.2-11B,AMBER_30.jpg,3,1,2,0.3333333333333333,0.16666666666666669
Llama-3.2-11B,AMBER_308.jpg,3,1,2,0.3333333333333333,0.16666666666666669
Llama-3.2-11B,AMBER_342.jpg,3,1,2,0.3333333333333333,0.16666666666666669
Llama-3.2-11B,AMBER_343.jpg,3,1,2,0.3333333333333333,0.16666666666666669
Llama-3.2-11B,AMBER_349.jpg,3,1,2,0.3333333333333333,0.16666666666666669
Llama-3.2-11B,AMBER_353.jpg,3,1,2,0.3333333333333333,0.16666666666666669
Llama-3.2-11B,AMBER_359.jpg,3,1,2,0.3333333333333333,0.16666666666666669
Llama-3.2-11B,AMBER_360.jpg,3,1,2,0.3333333333333333,0.16666666666666669
Llama-3.2-11B,AMBER_372.jpg,6,2,4,0.3333333333333333,0.16666666666666669
Llama-3.2-11B,AMBER_374.jpg,6,2,4,0.3333333333333333,0.16666666666666669
Llama-3.2-11B,AMBER_379.jpg,3,1,2,0.3333333333333333,0.16666666666666669
Llama-3.2-11B,AMBER_380.jpg,3,1,2,0.3333333333333333,0.16666666666666669
Llama-3.2-11B,AMBER_381.jpg,6,2,4,0.3333333333333333,0.16666666666666669
Llama-3.2-11B,AMBER_382.jpg,3,1,2,0.3333333333333333,0.16666666666666669
Llama-3.2-11B,AMBER_427.jpg,3,1,2,0.3333333333333333,0.16666666666666669
Llama-3.2-11B,AMBER_440.jpg,3,1,2,0.3333333333333333,0.16666666666666669
Llama-3.2-11B,AMBER_453.jpg,3,1,2,0.3333333333333333,0.16666666666666669
Llama-3.2-11B,AMBER_480.jpg,3,1,2,0.3333333333333333,0.16666666666666669
Llama-3.2-11B,AMBER_495.jpg,3,1,2,0.3333333333333333,0.16666666666666669
Llama-3.2-11B,AMBER_499.jpg,3,1,2,0.3333333333333333,0.16666666666666669
Llama-3.2-11B,AMBER_507.jpg,3,1,2,0.3333333333333333,0.16666666666666669
Llama-3.2-11B,AMBER_514.jpg,3,1,2,0.3333333333333333,0.16666666666666669
Llama-3.2-11B,AMBER_533.jpg,3,1,2,0.3333333333333333,0.16666666666666669
Llama-3.2-11B,AMBER_540.jpg,3,1,2,0.3333333333333333,0.16666666666666669
Llama-3.2-11B,AMBER_543.jpg,3,1,2,0.3333333333333333,0.16666666666666669
Llama-3.2-11B,AMBER_551.jpg,3,1,2,0.3333333333333333,0.16666666666666669
Llama-3.2-11B,AMBER_552.jpg,3,1,2,0.3333333333333333,0.16666666666666669
Llama-3.2-11B,AMBER_556.jpg,3,1,2,0.3333333333333333,0.16666666666666669
Llama-3.2-11B,AMBER_558.jpg,3,1,2,0.3333333333333333,0.16666666666666669
Llama-3.2-11B,AMBER_562.jpg,3,1,2,0.3333333333333333,0.16666666666666669
Llama-3.2-11B,AMBER_597.jpg,3,1,2,0.3333333333333333,0.16666666666666669
Llama-3.2-11B,AMBER_600.jpg,3,1,2,0.3333333333333333,0.16666666666666669
Llama-3.2-11B,AMBER_614.jpg,6,2,4,0.3333333333333333,0.16666666666666669
Llama-3.2-11B,AMBER_617.jpg,3,1,2,0.3333333333333333,0.16666666666666669
Llama-3.2-11B,AMBER_625.jpg,3,1,2,0.3333333333333333,0.16666666666666669
Llama-3.2-11B,AMBER_67.jpg,3,1,2,0.3333333333333333,0.16666666666666669
Llama-3.2-11B,AMBER_688.jpg,3,1,2,0.3333333333333333,0.16666666666666669
Llama-3.2-11B,AMBER_696.jpg,3,1,2,0.3333333333333333,0.16666666666666669
Llama-3.2-11B,AMBER_72.jpg,3,1,2,0.3333333333333333,0.16666666666666669
Llama-3.2-11B,AMBER_722.jpg,3,1,2,0.3333333333333333,0.16666666666666669
Llama-3.2-11B,AMBER_728.jpg,6,2,4,0.3333333333333333,0.16666666666666669
Llama-3.2-11B,AMBER_797.jpg,3,1,2,0.3333333333333333,0.16666666666666669
Llama-3.2-11B,AMBER_810.jpg,3,1,2,0.3333333333333333,0.16666666666666669
Llama-3.2-11B,AMBER_827.jpg,3,1,2,0.3333333333333333,0.16666666666666669
Llama-3.2-11B,AMBER_841.jpg,3,1,2,0.3333333333333333,0.16666666666666669
Llama-3.2-11B,AMBER_859.jpg,3,1,2,0.3333333333333333,0.16666666666666669
Llama-3.2-11B,AMBER_867.jpg,3,1,2,0.3333333333333333,0.16666666666666669
Llama-3.2-11B,AMBER_883.jpg,3,1,2,0.3333333333333333,0.16666666666666669
Llama-3.2-11B,AMBER_913.jpg,3,1,2,0.3333333333333333,0.16666666666666669
Llama-3.2-11B,AMBER_939.jpg,3,1,2,0.3333333333333333,0.16666666666666669
Llama-3.2-11B,AMBER_953.jpg,3,1,2,0.3333333333333333,0.16666666666666669
Llama-3.2-11B,AMBER_963.jpg,3,1,2,0.3333333333333333,0.16666666666666669
Llama-3.2-11B,hallusionbench_math_6_1.png,3,1,2,0.3333333333333333,0.16666666666666669
Llama-3.2-11B,hallusionbench_table_0_1.png,3,1,2,0.3333333333333333,0.16666666666666669
Llama-3.2-11B,hallusionbench_table_0_2.png,3,1,2,0.3333333333333333,0.16666666666666669
Llama-3.2-11B,hallusionbench_video_13_0.png,3,1,2,0.3333333333333333,0.16666666666666669
Llama-3.2-11B,hallusionbench_video_2_0.png,3,1,2,0.3333333333333333,0.16666666666666669
Llama-3.2-11B,hallusionbench_video_9_0.png,3,1,2,0.3333333333333333,0.16666666666666669
Llama-3.2-11B,pope_228.jpg,3,1,2,0.3333333333333333,0.16666666666666669
Llama-3.2-11B,AMBER_517.jpg,7,2,5,0.2857142857142857,0.2142857142857143
Llama-3.2-11B,AMBER_105.jpg,8,2,6,0.25,0.25
Llama-3.2-11B,AMBER_141.jpg,4,1,3,0.25,0.25
Llama-3.2-11B,AMBER_143.jpg,4,1,3,0.25,0.25
Llama-3.2-11B,AMBER_144.jpg,4,1,3,0.25,0.25
Llama-3.2-11B,AMBER_170.jpg,4,1,3,0.25,0.25
Llama-3.2-11B,AMBER_173.jpg,4,1,3,0.25,0.25
Llama-3.2-11B,AMBER_183.jpg,4,1,3,0.25,0.25
Llama-3.2-11B,AMBER_185.jpg,4,1,3,0.25,0.25
Llama-3.2-11B,AMBER_193.jpg,4,1,3,0.25,0.25
Llama-3.2-11B,AMBER_200.jpg,4,1,3,0.25,0.25
Llama-3.2-11B,AMBER_216.jpg,4,1,3,0.25,0.25
Llama-3.2-11B,AMBER_22.jpg,4,1,3,0.25,0.25
Llama-3.2-11B,AMBER_234.jpg,4,1,3,0.25,0.25
Llama-3.2-11B,AMBER_267.jpg,4,1,3,0.25,0.25
Llama-3.2-11B,AMBER_27.jpg,4,1,3,0.25,0.25
Llama-3.2-11B,AMBER_276.jpg,4,1,3,0.25,0.25
Llama-3.2-11B,AMBER_282.jpg,4,1,3,0.25,0.25
Llama-3.2-11B,AMBER_283.jpg,4,1,3,0.25,0.25
Llama-3.2-11B,AMBER_309.jpg,4,1,3,0.25,0.25
Llama-3.2-11B,AMBER_329.jpg,4,1,3,0.25,0.25
Llama-3.2-11B,AMBER_339.jpg,4,1,3,0.25,0.25
Llama-3.2-11B,AMBER_344.jpg,4,1,3,0.25,0.25
Llama-3.2-11B,AMBER_364.jpg,4,1,3,0.25,0.25
Llama-3.2-11B,AMBER_366.jpg,4,3,1,0.75,0.25
Llama-3.2-11B,AMBER_404.jpg,4,1,3,0.25,0.25
Llama-3.2-11B,AMBER_407.jpg,4,1,3,0.25,0.25
Llama-3.2-11B,AMBER_408.jpg,4,1,3,0.25,0.25
Llama-3.2-11B,AMBER_413.jpg,4,1,3,0.25,0.25
Llama-3.2-11B,AMBER_426.jpg,4,1,3,0.25,0.25
Llama-3.2-11B,AMBER_439.jpg,4,1,3,0.25,0.25
Llama-3.2-11B,AMBER_455.jpg,4,1,3,0.25,0.25
Llama-3.2-11B,AMBER_501.jpg,4,1,3,0.25,0.25
Llama-3.2-11B,AMBER_51.jpg,4,1,3,0.25,0.25
Llama-3.2-11B,AMBER_527.jpg,4,1,3,0.25,0.25
Llama-3.2-11B,AMBER_529.jpg,4,1,3,0.25,0.25
Llama-3.2-11B,AMBER_539.jpg,8,2,6,0.25,0.25
Llama-3.2-11B,AMBER_566.jpg,4,1,3,0.25,0.25
Llama-3.2-11B,AMBER_567.jpg,4,1,3,0.25,0.25
Llama-3.2-11B,AMBER_575.jpg,4,1,3,0.25,0.25
Llama-3.2-11B,AMBER_576.jpg,4,1,3,0.25,0.25
Llama-3.2-11B,AMBER_580.jpg,4,1,3,0.25,0.25
Llama-3.2-11B,AMBER_581.jpg,4,1,3,0.25,0.25
Llama-3.2-11B,AMBER_589.jpg,4,1,3,0.25,0.25
Llama-3.2-11B,AMBER_601.jpg,4,1,3,0.25,0.25
Llama-3.2-11B,AMBER_612.jpg,4,1,3,0.25,0.25
Llama-3.2-11B,AMBER_619.jpg,8,2,6,0.25,0.25
Llama-3.2-11B,AMBER_623.jpg,4,1,3,0.25,0.25
Llama-3.2-11B,AMBER_63.jpg,4,1,3,0.25,0.25
Llama-3.2-11B,AMBER_631.jpg,4,1,3,0.25,0.25
Llama-3.2-11B,AMBER_653.jpg,4,1,3,0.25,0.25
Llama-3.2-11B,AMBER_656.jpg,4,1,3,0.25,0.25
Llama-3.2-11B,AMBER_657.jpg,4,1,3,0.25,0.25
Llama-3.2-11B,AMBER_660.jpg,4,1,3,0.25,0.25
Llama-3.2-11B,AMBER_665.jpg,4,1,3,0.25,0.25
Llama-3.2-11B,AMBER_669.jpg,4,1,3,0.25,0.25
Llama-3.2-11B,AMBER_69.jpg,4,1,3,0.25,0.25
Llama-3.2-11B,AMBER_706.jpg,4,1,3,0.25,0.25
Llama-3.2-11B,AMBER_724.jpg,4,1,3,0.25,0.25
Llama-3.2-11B,AMBER_731.jpg,4,1,3,0.25,0.25
Llama-3.2-11B,AMBER_748.jpg,4,1,3,0.25,0.25
Llama-3.2-11B,AMBER_750.jpg,4,1,3,0.25,0.25
Llama-3.2-11B,AMBER_76.jpg,4,1,3,0.25,0.25
Llama-3.2-11B,AMBER_794.jpg,4,1,3,0.25,0.25
Llama-3.2-11B,AMBER_805.jpg,4,1,3,0.25,0.25
Llama-3.2-11B,AMBER_829.jpg,4,1,3,0.25,0.25
Llama-3.2-11B,AMBER_833.jpg,4,1,3,0.25,0.25
Llama-3.2-11B,AMBER_853.jpg,4,1,3,0.25,0.25
Llama-3.2-11B,AMBER_856.jpg,4,1,3,0.25,0.25
Llama-3.2-11B,AMBER_861.jpg,4,1,3,0.25,0.25
Llama-3.2-11B,AMBER_864.jpg,4,1,3,0.25,0.25
Llama-3.2-11B,AMBER_882.jpg,4,1,3,0.25,0.25
Llama-3.2-11B,AMBER_887.jpg,4,1,3,0.25,0.25
Llama-3.2-11B,AMBER_902.jpg,4,1,3,0.25,0.25
Llama-3.2-11B,AMBER_908.jpg,4,1,3,0.25,0.25
Llama-3.2-11B,AMBER_911.jpg,4,1,3,0.25,0.25
Llama-3.2-11B,AMBER_926.jpg,4,1,3,0.25,0.25
Llama-3.2-11B,hallusionbench_chart_10_1.png,4,3,1,0.75,0.25
Llama-3.2-11B,hallusionbench_chart_10_2.png,4,3,1,0.75,0.25
Llama-3.2-11B,hallusionbench_chart_2_1.png,8,6,2,0.75,0.25
Llama-3.2-11B,hallusionbench_chart_9_2.png,4,3,1,0.75,0.25
Llama-3.2-11B,hallusionbench_map_0_1.png,4,1,3,0.25,0.25
Llama-3.2-11B,hallusionbench_map_0_2.png,4,3,1,0.75,0.25
Llama-3.2-11B,hallusionbench_table_9_2.png,4,3,1,0.75,0.25
Llama-3.2-11B,hallusionbench_video_14_0.png,4,1,3,0.25,0.25
Llama-3.2-11B,hallusionbench_video_14_1.png,4,1,3,0.25,0.25
Llama-3.2-11B,hallusionbench_video_17_0.png,4,1,3,0.25,0.25
Llama-3.2-11B,hallusionbench_video_18_2.png,4,1,3,0.25,0.25
Llama-3.2-11B,hallusionbench_video_19_0.png,4,1,3,0.25,0.25
Llama-3.2-11B,hallusionbench_video_19_1.png,4,1,3,0.25,0.25
Llama-3.2-11B,hallusionbench_video_3_1.png,4,1,3,0.25,0.25
Llama-3.2-11B,AMBER_1002.jpg,5,1,4,0.2,0.3
Llama-3.2-11B,AMBER_110.jpg,5,1,4,0.2,0.3
Llama-3.2-11B,AMBER_114.jpg,5,1,4,0.2,0.3
Llama-3.2-11B,AMBER_118.jpg,5,1,4,0.2,0.3
Llama-3.2-11B,AMBER_125.jpg,5,1,4,0.2,0.3
Llama-3.2-11B,AMBER_147.jpg,5,1,4,0.2,0.3
Llama-3.2-11B,AMBER_16.jpg,5,1,4,0.2,0.3
Llama-3.2-11B,AMBER_2.jpg,5,1,4,0.2,0.3
Llama-3.2-11B,AMBER_220.jpg,5,1,4,0.2,0.3
Llama-3.2-11B,AMBER_236.jpg,5,1,4,0.2,0.3
Llama-3.2-11B,AMBER_262.jpg,5,1,4,0.2,0.3
Llama-3.2-11B,AMBER_272.jpg,5,1,4,0.2,0.3
Llama-3.2-11B,AMBER_286.jpg,5,1,4,0.2,0.3
Llama-3.2-11B,AMBER_315.jpg,5,1,4,0.2,0.3
Llama-3.2-11B,AMBER_318.jpg,5,1,4,0.2,0.3
Llama-3.2-11B,AMBER_334.jpg,5,1,4,0.2,0.3
Llama-3.2-11B,AMBER_384.jpg,5,1,4,0.2,0.3
Llama-3.2-11B,AMBER_39.jpg,5,1,4,0.2,0.3
Llama-3.2-11B,AMBER_395.jpg,5,1,4,0.2,0.3
Llama-3.2-11B,AMBER_452.jpg,5,1,4,0.2,0.3
Llama-3.2-11B,AMBER_466.jpg,5,1,4,0.2,0.3
Llama-3.2-11B,AMBER_48.jpg,5,1,4,0.2,0.3
Llama-3.2-11B,AMBER_492.jpg,5,1,4,0.2,0.3
Llama-3.2-11B,AMBER_493.jpg,5,1,4,0.2,0.3
Llama-3.2-11B,AMBER_505.jpg,5,1,4,0.2,0.3
Llama-3.2-11B,AMBER_526.jpg,5,1,4,0.2,0.3
Llama-3.2-11B,AMBER_532.jpg,5,1,4,0.2,0.3
Llama-3.2-11B,AMBER_546.jpg,5,1,4,0.2,0.3
Llama-3.2-11B,AMBER_553.jpg,5,1,4,0.2,0.3
Llama-3.2-11B,AMBER_565.jpg,5,1,4,0.2,0.3
Llama-3.2-11B,AMBER_594.jpg,5,1,4,0.2,0.3
Llama-3.2-11B,AMBER_595.jpg,5,1,4,0.2,0.3
Llama-3.2-11B,AMBER_596.jpg,5,1,4,0.2,0.3
Llama-3.2-11B,AMBER_611.jpg,5,1,4,0.2,0.3
Llama-3.2-11B,AMBER_618.jpg,5,1,4,0.2,0.3
Llama-3.2-11B,AMBER_620.jpg,5,1,4,0.2,0.3
Llama-3.2-11B,AMBER_638.jpg,5,1,4,0.2,0.3
Llama-3.2-11B,AMBER_646.jpg,5,1,4,0.2,0.3
Llama-3.2-11B,AMBER_678.jpg,5,1,4,0.2,0.3
Llama-3.2-11B,AMBER_70.jpg,5,1,4,0.2,0.3
Llama-3.2-11B,AMBER_71.jpg,5,1,4,0.2,0.3
Llama-3.2-11B,AMBER_719.jpg,5,1,4,0.2,0.3
Llama-3.2-11B,AMBER_745.jpg,5,1,4,0.2,0.3
Llama-3.2-11B,AMBER_749.jpg,5,1,4,0.2,0.3
Llama-3.2-11B,AMBER_81.jpg,5,1,4,0.2,0.3
Llama-3.2-11B,AMBER_834.jpg,5,1,4,0.2,0.3
Llama-3.2-11B,AMBER_903.jpg,5,1,4,0.2,0.3
Llama-3.2-11B,AMBER_917.jpg,5,1,4,0.2,0.3
Llama-3.2-11B,AMBER_93.jpg,5,1,4,0.2,0.3
Llama-3.2-11B,AMBER_943.jpg,5,1,4,0.2,0.3
Llama-3.2-11B,AMBER_964.jpg,5,1,4,0.2,0.3
Llama-3.2-11B,AMBER_969.jpg,5,1,4,0.2,0.3
Llama-3.2-11B,AMBER_994.jpg,5,1,4,0.2,0.3
Llama-3.2-11B,AMBER_89.jpg,11,2,9,0.18181818181818182,0.3181818181818182
Llama-3.2-11B,AMBER_109.jpg,6,1,5,0.16666666666666666,0.33333333333333337
Llama-3.2-11B,AMBER_244.jpg,6,1,5,0.16666666666666666,0.33333333333333337
Llama-3.2-11B,AMBER_255.jpg,6,1,5,0.16666666666666666,0.33333333333333337
Llama-3.2-11B,AMBER_304.jpg,6,1,5,0.16666666666666666,0.33333333333333337
Llama-3.2-11B,AMBER_314.jpg,6,1,5,0.16666666666666666,0.33333333333333337
Llama-3.2-11B,AMBER_319.jpg,6,1,5,0.16666666666666666,0.33333333333333337
Llama-3.2-11B,AMBER_351.jpg,6,1,5,0.16666666666666666,0.33333333333333337
Llama-3.2-11B,AMBER_371.jpg,6,1,5,0.16666666666666666,0.33333333333333337
Llama-3.2-11B,AMBER_386.jpg,6,1,5,0.16666666666666666,0.33333333333333337
Llama-3.2-11B,AMBER_397.jpg,6,1,5,0.16666666666666666,0.33333333333333337
Llama-3.2-11B,AMBER_410.jpg,6,1,5,0.16666666666666666,0.33333333333333337
Llama-3.2-11B,AMBER_414.jpg,6,1,5,0.16666666666666666,0.33333333333333337
Llama-3.2-11B,AMBER_418.jpg,6,1,5,0.16666666666666666,0.33333333333333337
Llama-3.2-11B,AMBER_422.jpg,6,1,5,0.16666666666666666,0.33333333333333337
Llama-3.2-11B,AMBER_446.jpg,6,1,5,0.16666666666666666,0.33333333333333337
Llama-3.2-11B,AMBER_465.jpg,6,1,5,0.16666666666666666,0.33333333333333337
Llama-3.2-11B,AMBER_473.jpg,6,1,5,0.16666666666666666,0.33333333333333337
Llama-3.2-11B,AMBER_490.jpg,6,1,5,0.16666666666666666,0.33333333333333337
Llama-3.2-11B,AMBER_504.jpg,6,1,5,0.16666666666666666,0.33333333333333337
Llama-3.2-11B,AMBER_524.jpg,6,1,5,0.16666666666666666,0.33333333333333337
Llama-3.2-11B,AMBER_569.jpg,6,1,5,0.16666666666666666,0.33333333333333337
Llama-3.2-11B,AMBER_579.jpg,6,1,5,0.16666666666666666,0.33333333333333337
Llama-3.2-11B,AMBER_588.jpg,6,1,5,0.16666666666666666,0.33333333333333337
Llama-3.2-11B,AMBER_591.jpg,6,1,5,0.16666666666666666,0.33333333333333337
Llama-3.2-11B,AMBER_650.jpg,6,1,5,0.16666666666666666,0.33333333333333337
Llama-3.2-11B,AMBER_673.jpg,6,1,5,0.16666666666666666,0.33333333333333337
Llama-3.2-11B,AMBER_674.jpg,6,1,5,0.16666666666666666,0.33333333333333337
Llama-3.2-11B,AMBER_675.jpg,6,1,5,0.16666666666666666,0.33333333333333337
Llama-3.2-11B,AMBER_679.jpg,6,1,5,0.16666666666666666,0.33333333333333337
Llama-3.2-11B,AMBER_720.jpg,6,1,5,0.16666666666666666,0.33333333333333337
Llama-3.2-11B,AMBER_744.jpg,6,1,5,0.16666666666666666,0.33333333333333337
Llama-3.2-11B,AMBER_773.jpg,6,1,5,0.16666666666666666,0.33333333333333337
Llama-3.2-11B,AMBER_799.jpg,6,1,5,0.16666666666666666,0.33333333333333337
Llama-3.2-11B,AMBER_817.jpg,6,1,5,0.16666666666666666,0.33333333333333337
Llama-3.2-11B,AMBER_84.jpg,6,1,5,0.16666666666666666,0.33333333333333337
Llama-3.2-11B,AMBER_9.jpg,6,1,5,0.16666666666666666,0.33333333333333337
Llama-3.2-11B,AMBER_99.jpg,6,1,5,0.16666666666666666,0.33333333333333337
Llama-3.2-11B,hallusionbench_table_7_1.png,6,1,5,0.16666666666666666,0.33333333333333337
Llama-3.2-11B,hallusionbench_table_7_2.png,6,1,5,0.16666666666666666,0.33333333333333337
Llama-3.2-11B,AMBER_1.jpg,7,1,6,0.14285714285714285,0.35714285714285715
Llama-3.2-11B,AMBER_108.jpg,7,1,6,0.14285714285714285,0.35714285714285715
Llama-3.2-11B,AMBER_131.jpg,7,1,6,0.14285714285714285,0.35714285714285715
Llama-3.2-11B,AMBER_20.jpg,7,1,6,0.14285714285714285,0.35714285714285715
Llama-3.2-11B,AMBER_209.jpg,7,1,6,0.14285714285714285,0.35714285714285715
Llama-3.2-11B,AMBER_223.jpg,7,1,6,0.14285714285714285,0.35714285714285715
Llama-3.2-11B,AMBER_415.jpg,7,1,6,0.14285714285714285,0.35714285714285715
Llama-3.2-11B,AMBER_417.jpg,7,1,6,0.14285714285714285,0.35714285714285715
Llama-3.2-11B,AMBER_510.jpg,7,1,6,0.14285714285714285,0.35714285714285715
Llama-3.2-11B,AMBER_801.jpg,7,1,6,0.14285714285714285,0.35714285714285715
Llama-3.2-11B,AMBER_845.jpg,7,1,6,0.14285714285714285,0.35714285714285715
Llama-3.2-11B,AMBER_989.jpg,7,1,6,0.14285714285714285,0.35714285714285715
Llama-3.2-11B,AMBER_201.jpg,8,1,7,0.125,0.375
Llama-3.2-11B,AMBER_246.jpg,8,1,7,0.125,0.375
Llama-3.2-11B,AMBER_47.jpg,8,1,7,0.125,0.375
Llama-3.2-11B,AMBER_58.jpg,8,1,7,0.125,0.375
Llama-3.2-11B,AMBER_587.jpg,8,1,7,0.125,0.375
Llama-3.2-11B,AMBER_651.jpg,8,1,7,0.125,0.375
Llama-3.2-11B,AMBER_823.jpg,8,1,7,0.125,0.375
Llama-3.2-11B,AMBER_211.jpg,10,1,9,0.1,0.4
Molmo-V1,AMBER_117.jpg,2,1,1,0.5,0.0
Molmo-V1,AMBER_142.jpg,2,1,1,0.5,0.0
Molmo-V1,AMBER_157.jpg,2,1,1,0.5,0.0
Molmo-V1,AMBER_160.jpg,2,1,1,0.5,0.0
Molmo-V1,AMBER_185.jpg,4,2,2,0.5,0.0
Molmo-V1,AMBER_19.jpg,4,2,2,0.5,0.0
Molmo-V1,AMBER_194.jpg,2,1,1,0.5,0.0
Molmo-V1,AMBER_196.jpg,2,1,1,0.5,0.0
Molmo-V1,AMBER_243.jpg,2,1,1,0.5,0.0
Molmo-V1,AMBER_3.jpg,4,2,2,0.5,0.0
Molmo-V1,AMBER_307.jpg,2,1,1,0.5,0.0
Molmo-V1,AMBER_336.jpg,2,1,1,0.5,0.0
Molmo-V1,AMBER_376.jpg,4,2,2,0.5,0.0
Molmo-V1,AMBER_378.jpg,2,1,1,0.5,0.0
Molmo-V1,AMBER_414.jpg,6,3,3,0.5,0.0
Molmo-V1,AMBER_423.jpg,4,2,2,0.5,0.0
Molmo-V1,AMBER_498.jpg,4,2,2,0.5,0.0
Molmo-V1,AMBER_512.jpg,4,2,2,0.5,0.0
Molmo-V1,AMBER_567.jpg,4,2,2,0.5,0.0
Molmo-V1,AMBER_582.jpg,2,1,1,0.5,0.0
Molmo-V1,AMBER_588.jpg,6,3,3,0.5,0.0
Molmo-V1,AMBER_606.jpg,4,2,2,0.5,0.0
Molmo-V1,AMBER_629.jpg,2,1,1,0.5,0.0
Molmo-V1,AMBER_633.jpg,2,1,1,0.5,0.0
Molmo-V1,AMBER_639.jpg,2,1,1,0.5,0.0
Molmo-V1,AMBER_657.jpg,4,2,2,0.5,0.0
Molmo-V1,AMBER_670.jpg,6,3,3,0.5,0.0
Molmo-V1,AMBER_69.jpg,4,2,2,0.5,0.0
Molmo-V1,AMBER_715.jpg,4,2,2,0.5,0.0
Molmo-V1,AMBER_733.jpg,2,1,1,0.5,0.0
Molmo-V1,AMBER_769.jpg,2,1,1,0.5,0.0
Molmo-V1,AMBER_773.jpg,6,3,3,0.5,0.0
Molmo-V1,AMBER_78.jpg,4,2,2,0.5,0.0
Molmo-V1,AMBER_802.jpg,2,1,1,0.5,0.0
Molmo-V1,AMBER_825.jpg,2,1,1,0.5,0.0
Molmo-V1,AMBER_869.jpg,2,1,1,0.5,0.0
Molmo-V1,AMBER_889.jpg,2,1,1,0.5,0.0
Molmo-V1,AMBER_911.jpg,4,2,2,0.5,0.0
Molmo-V1,AMBER_940.jpg,2,1,1,0.5,0.0
Molmo-V1,AMBER_946.jpg,2,1,1,0.5,0.0
Molmo-V1,AMBER_979.jpg,2,1,1,0.5,0.0
Molmo-V1,hallusionbench_chart_10_1.png,4,2,2,0.5,0.0
Molmo-V1,hallusionbench_chart_13_1.png,2,1,1,0.5,0.0
Molmo-V1,hallusionbench_chart_15_2.png,2,1,1,0.5,0.0
Molmo-V1,hallusionbench_chart_19_1.png,2,1,1,0.5,0.0
Molmo-V1,hallusionbench_chart_19_2.png,2,1,1,0.5,0.0
Molmo-V1,hallusionbench_chart_4_2.png,4,2,2,0.5,0.0
Molmo-V1,hallusionbench_chart_5_1.png,4,2,2,0.5,0.0
Molmo-V1,hallusionbench_figure_9_1.png,2,1,1,0.5,0.0
Molmo-V1,hallusionbench_illusion_19_0.png,2,1,1,0.5,0.0
Molmo-V1,hallusionbench_illusion_21_0.png,2,1,1,0.5,0.0
Molmo-V1,hallusionbench_illusion_7_0.png,2,1,1,0.5,0.0
Molmo-V1,hallusionbench_illusion_9_1.png,2,1,1,0.5,0.0
Molmo-V1,hallusionbench_map_0_2.png,4,2,2,0.5,0.0
Molmo-V1,hallusionbench_map_10_1.png,2,1,1,0.5,0.0
Molmo-V1,hallusionbench_map_10_2.png,2,1,1,0.5,0.0
Molmo-V1,hallusionbench_map_5_2.png,4,2,2,0.5,0.0
Molmo-V1,hallusionbench_map_7_1.png,2,1,1,0.5,0.0
Molmo-V1,hallusionbench_map_9_1.png,2,1,1,0.5,0.0
Molmo-V1,hallusionbench_math_1_0.png,2,1,1,0.5,0.0
Molmo-V1,hallusionbench_math_4_0.png,2,1,1,0.5,0.0
Molmo-V1,hallusionbench_math_7_0.png,2,1,1,0.5,0.0
Molmo-V1,hallusionbench_math_9_1.png,2,1,1,0.5,0.0
Molmo-V1,hallusionbench_ocr_20_0.png,2,1,1,0.5,0.0
Molmo-V1,hallusionbench_ocr_20_1.png,2,1,1,0.5,0.0
Molmo-V1,hallusionbench_ocr_7_0.png,2,1,1,0.5,0.0
Molmo-V1,hallusionbench_table_3_1.png,2,1,1,0.5,0.0
Molmo-V1,hallusionbench_table_3_2.png,2,1,1,0.5,0.0
Molmo-V1,hallusionbench_video_14_0.png,4,2,2,0.5,0.0
Molmo-V1,hallusionbench_video_14_1.png,4,2,2,0.5,0.0
Molmo-V1,hallusionbench_video_14_2.png,4,2,2,0.5,0.0
Molmo-V1,hallusionbench_video_15_0.png,2,1,1,0.5,0.0
Molmo-V1,hallusionbench_video_15_1.png,2,1,1,0.5,0.0
Molmo-V1,hallusionbench_video_17_0.png,4,2,2,0.5,0.0
Molmo-V1,hallusionbench_video_17_1.png,4,2,2,0.5,0.0
Molmo-V1,hallusionbench_video_18_2.png,4,2,2,0.5,0.0
Molmo-V1,hallusionbench_video_19_0.png,4,2,2,0.5,0.0
Molmo-V1,hallusionbench_video_19_1.png,4,2,2,0.5,0.0
Molmo-V1,hallusionbench_video_19_2.png,4,2,2,0.5,0.0
Molmo-V1,hallusionbench_video_1_0.png,4,2,2,0.5,0.0
Molmo-V1,hallusionbench_video_1_1.png,4,2,2,0.5,0.0
Molmo-V1,hallusionbench_video_3_0.png,4,2,2,0.5,0.0
Molmo-V1,hallusionbench_video_3_1.png,4,2,2,0.5,0.0
Molmo-V1,hallusionbench_video_4_0.png,4,2,2,0.5,0.0
Molmo-V1,hallusionbench_video_4_1.png,4,2,2,0.5,0.0
Molmo-V1,hallusionbench_video_5_0.png,4,2,2,0.5,0.0
Molmo-V1,hallusionbench_video_6_0.png,4,2,2,0.5,0.0
Molmo-V1,hallusionbench_video_7_0.png,4,2,2,0.5,0.0
Molmo-V1,hallusionbench_video_7_1.png,4,2,2,0.5,0.0
Molmo-V1,mme_artwork_34109.jpg,2,1,1,0.5,0.0
Molmo-V1,mme_artwork_34363.jpg,2,1,1,0.5,0.0
Molmo-V1,mme_artwork_42956.jpg,2,1,1,0.5,0.0
Molmo-V1,mme_artwork_6297.jpg,2,1,1,0.5,0.0
Molmo-V1,mme_celebrity_tt0032138_shot_0395_img_0.jpg,2,1,1,0.5,0.0
Molmo-V1,mme_celebrity_tt0038650_shot_0737_img_1.jpg,2,1,1,0.5,0.0
Molmo-V1,mme_celebrity_tt0048545_shot_0124_img_0.jpg,2,1,1,0.5,0.0
Molmo-V1,mme_celebrity_tt0049470_shot_0279_img_0.jpg,2,1,1,0.5,0.0
Molmo-V1,mme_celebrity_tt0049730_shot_0273_img_0.jpg,2,1,1,0.5,0.0
Molmo-V1,mme_celebrity_tt0052357_shot_0511_img_0.jpg,2,1,1,0.5,0.0
Molmo-V1,mme_celebrity_tt0053221_shot_0197_img_0.jpg,2,1,1,0.5,0.0
Molmo-V1,mme_celebrity_tt0056869_shot_0320_img_0.jpg,2,1,1,0.5,0.0
Molmo-V1,mme_celebrity_tt0058331_shot_0353_img_0.jpg,2,1,1,0.5,0.0
Molmo-V1,mme_celebrity_tt0061722_shot_0259_img_0.jpg,2,1,1,0.5,0.0
Molmo-V1,mme_celebrity_tt0064665_shot_0300_img_0.jpg,2,1,1,0.5,0.0
Molmo-V1,mme_celebrity_tt0065214_shot_0366_img_0.jpg,2,1,1,0.5,0.0
Molmo-V1,mme_celebrity_tt0065724_shot_0320_img_1.jpg,2,1,1,0.5,0.0
Molmo-V1,mme_celebrity_tt0066026_shot_0085_img_0.jpg,2,1,1,0.5,0.0
Molmo-V1,mme_celebrity_tt0066921_shot_0631_img_0.jpg,2,1,1,0.5,0.0
Molmo-V1,mme_celebrity_tt0069762_shot_0723_img_0.jpg,2,1,1,0.5,0.0
Molmo-V1,mme_celebrity_tt0070047_shot_0255_img_0.jpg,2,1,1,0.5,0.0
Molmo-V1,mme_celebrity_tt0070511_shot_0639_img_0.jpg,2,1,1,0.5,0.0
Molmo-V1,mme_celebrity_tt0070849_shot_0021_img_1.jpg,2,1,1,0.5,0.0
Molmo-V1,mme_celebrity_tt0073629_shot_0700_img_0.jpg,2,1,1,0.5,0.0
Molmo-V1,mme_celebrity_tt0074285_shot_0535_img_1.jpg,2,1,1,0.5,0.0
Molmo-V1,mme_celebrity_tt0076729_shot_0451_img_0.jpg,2,1,1,0.5,0.0
Molmo-V1,mme_celebrity_tt0077402_shot_1220_img_0.jpg,2,1,1,0.5,0.0
Molmo-V1,mme_celebrity_tt0077651_shot_0133_img_0.jpg,2,1,1,0.5,0.0
Molmo-V1,mme_celebrity_tt0078841_shot_0692_img_0.jpg,2,1,1,0.5,0.0
Molmo-V1,mme_celebrity_tt0079470_shot_0798_img_0.jpg,2,1,1,0.5,0.0
Molmo-V1,mme_celebrity_tt0079945_shot_1411_img_0.jpg,2,1,1,0.5,0.0
Molmo-V1,mme_celebrity_tt0083658_shot_0963_img_0.jpg,2,1,1,0.5,0.0
Molmo-V1,mme_celebrity_tt0083866_shot_0364_img_0.jpg,2,1,1,0.5,0.0
Molmo-V1,mme_celebrity_tt0083929_shot_0405_img_0.jpg,2,1,1,0.5,0.0
Molmo-V1,mme_celebrity_tt0086856_shot_0929_img_0.jpg,2,1,1,0.5,0.0
Molmo-V1,mme_celebrity_tt0087332_shot_0798_img_0.jpg,2,1,1,0.5,0.0
Molmo-V1,mme_celebrity_tt0088993_shot_0569_img_0.jpg,2,1,1,0.5,0.0
Molmo-V1,mme_celebrity_tt0089218_shot_0327_img_0.jpg,2,1,1,0.5,0.0
Molmo-V1,mme_celebrity_tt0089881_shot_0034_img_0.jpg,2,1,1,0.5,0.0
Molmo-V1,mme_celebrity_tt0090022_shot_0464_img_0.jpg,2,1,1,0.5,0.0
Molmo-V1,mme_celebrity_tt0090605_shot_0344_img_0.jpg,2,1,1,0.5,0.0
Molmo-V1,mme_celebrity_tt0091867_shot_0422_img_2.jpg,2,1,1,0.5,0.0
Molmo-V1,mme_celebrity_tt0093565_shot_0409_img_0.jpg,2,1,1,0.5,0.0
Molmo-V1,mme_celebrity_tt0093773_shot_0212_img_0.jpg,2,1,1,0.5,0.0
Molmo-V1,mme_celebrity_tt0093779_shot_1047_img_0.jpg,2,1,1,0.5,0.0
Molmo-V1,mme_celebrity_tt0094226_shot_0237_img_2.jpg,2,1,1,0.5,0.0
Molmo-V1,mme_celebrity_tt0095016_shot_1170_img_0.jpg,2,1,1,0.5,0.0
Molmo-V1,mme_celebrity_tt0095765_shot_0008_img_0.jpg,2,1,1,0.5,0.0
Molmo-V1,mme_celebrity_tt0096320_shot_0085_img_0.jpg,2,1,1,0.5,0.0
Molmo-V1,mme_celebrity_tt0096754_shot_0570_img_1.jpg,2,1,1,0.5,0.0
Molmo-V1,mme_celebrity_tt0096874_shot_0647_img_0.jpg,2,1,1,0.5,0.0
Molmo-V1,mme_celebrity_tt0097428_shot_0106_img_0.jpg,2,1,1,0.5,0.0
Molmo-V1,mme_celebrity_tt0098724_shot_0474_img_0.jpg,2,1,1,0.5,0.0
Molmo-V1,mme_celebrity_tt0099423_shot_1010_img_0.jpg,2,1,1,0.5,0.0
Molmo-V1,mme_celebrity_tt0099674_shot_1356_img_0.jpg,2,1,1,0.5,0.0
Molmo-V1,mme_celebrity_tt0099685_shot_1132_img_0.jpg,2,1,1,0.5,0.0
Molmo-V1,mme_celebrity_tt0099810_shot_0285_img_0.jpg,2,1,1,0.5,0.0
Molmo-V1,mme_celebrity_tt0100403_shot_0517_img_0.jpg,2,1,1,0.5,0.0
Molmo-V1,mme_celebrity_tt0100405_shot_0786_img_0.jpg,2,1,1,0.5,0.0
Molmo-V1,mme_celebrity_tt0101410_shot_0105_img_0.jpg,2,1,1,0.5,0.0
Molmo-V1,mme_celebrity_tt0102492_shot_0086_img_0.jpg,2,1,1,0.5,0.0
Molmo-V1,mme_celebrity_tt0103776_shot_0719_img_0.jpg,2,1,1,0.5,0.0
Molmo-V1,mme_celebrity_tt0104036_shot_0336_img_1.jpg,2,1,1,0.5,0.0
Molmo-V1,mme_celebrity_tt0106977_shot_1604_img_0.jpg,2,1,1,0.5,0.0
Molmo-V1,mme_celebrity_tt0107614_shot_0116_img_0.jpg,2,1,1,0.5,0.0
Molmo-V1,mme_celebrity_tt0108399_shot_0778_img_0.jpg,2,1,1,0.5,0.0
Molmo-V1,mme_celebrity_tt0109831_shot_0298_img_0.jpg,2,1,1,0.5,0.0
Molmo-V1,mme_celebrity_tt0111280_shot_1479_img_2.jpg,2,1,1,0.5,0.0
Molmo-V1,mme_celebrity_tt0112384_shot_0878_img_0.jpg,2,1,1,0.5,0.0
Molmo-V1,mme_celebrity_tt0112641_shot_0412_img_1.jpg,2,1,1,0.5,0.0
Molmo-V1,mme_celebrity_tt0114369_shot_1138_img_0.jpg,2,1,1,0.5,0.0
Molmo-V1,mme_celebrity_tt0117381_shot_0798_img_1.jpg,2,1,1,0.5,0.0
Molmo-V1,mme_celebrity_tt0117500_shot_2467_img_0.jpg,2,1,1,0.5,0.0
Molmo-V1,mme_celebrity_tt0117509_shot_0041_img_0.jpg,2,1,1,0.5,0.0
Molmo-V1,mme_celebrity_tt0118571_shot_0627_img_0.jpg,2,1,1,0.5,0.0
Molmo-V1,mme_celebrity_tt0118655_shot_1152_img_2.jpg,2,1,1,0.5,0.0
Molmo-V1,mme_celebrity_tt0118689_shot_0969_img_2.jpg,2,1,1,0.5,0.0
Molmo-V1,mme_celebrity_tt0118749_shot_0795_img_0.jpg,2,1,1,0.5,0.0
Molmo-V1,mme_celebrity_tt0118971_shot_0679_img_0.jpg,2,1,1,0.5,0.0
Molmo-V1,mme_celebrity_tt0119008_shot_0979_img_0.jpg,2,1,1,0.5,0.0
Molmo-V1,mme_celebrity_tt0119094_shot_0446_img_2.jpg,2,1,1,0.5,0.0
Molmo-V1,mme_celebrity_tt0119116_shot_0721_img_0.jpg,2,1,1,0.5,0.0
Molmo-V1,mme_celebrity_tt0119314_shot_0572_img_0.jpg,2,1,1,0.5,0.0
Molmo-V1,mme_celebrity_tt0119528_shot_0171_img_0.jpg,2,1,1,0.5,0.0
Molmo-V1,mme_celebrity_tt0119738_shot_0201_img_0.jpg,2,1,1,0.5,0.0
Molmo-V1,mme_celebrity_tt0119822_shot_0878_img_0.jpg,2,1,1,0.5,0.0
Molmo-V1,mme_code_reasoning_0016.png,2,1,1,0.5,0.0
Molmo-V1,mme_code_reasoning_0019.png,2,1,1,0.5,0.0
Molmo-V1,mme_color_000000370208.jpg,2,1,1,0.5,0.0
Molmo-V1,mme_color_000000492362.jpg,2,1,1,0.5,0.0
Molmo-V1,mme_commonsense_reasoning_0001.png,2,1,1,0.5,0.0
Molmo-V1,mme_commonsense_reasoning_0003.png,2,1,1,0.5,0.0
Molmo-V1,mme_commonsense_reasoning_0005.png,2,1,1,0.5,0.0
Molmo-V1,mme_commonsense_reasoning_0009.png,2,1,1,0.5,0.0
Molmo-V1,mme_commonsense_reasoning_0011.png,2,1,1,0.5,0.0
Molmo-V1,mme_commonsense_reasoning_0017.png,2,1,1,0.5,0.0
Molmo-V1,mme_commonsense_reasoning_0022.png,2,1,1,0.5,0.0
Molmo-V1,mme_commonsense_reasoning_0024.png,2,1,1,0.5,0.0
Molmo-V1,mme_commonsense_reasoning_0030.png,2,1,1,0.5,0.0
Molmo-V1,mme_commonsense_reasoning_0032.png,2,1,1,0.5,0.0
Molmo-V1,mme_commonsense_reasoning_0036.png,2,1,1,0.5,0.0
Molmo-V1,mme_commonsense_reasoning_0038.png,2,1,1,0.5,0.0
Molmo-V1,mme_commonsense_reasoning_0041.png,2,1,1,0.5,0.0
Molmo-V1,mme_commonsense_reasoning_0045.png,2,1,1,0.5,0.0
Molmo-V1,mme_commonsense_reasoning_0047.png,2,1,1,0.5,0.0
Molmo-V1,mme_commonsense_reasoning_0049.png,2,1,1,0.5,0.0
Molmo-V1,mme_commonsense_reasoning_0051.png,2,1,1,0.5,0.0
Molmo-V1,mme_commonsense_reasoning_0053.png,2,1,1,0.5,0.0
Molmo-V1,mme_commonsense_reasoning_0054.png,2,1,1,0.5,0.0
Molmo-V1,mme_commonsense_reasoning_0059.png,2,1,1,0.5,0.0
Molmo-V1,mme_commonsense_reasoning_0062.png,2,1,1,0.5,0.0
Molmo-V1,mme_commonsense_reasoning_0066.png,2,1,1,0.5,0.0
Molmo-V1,mme_landmark_006e3342b57aa3b4.jpg,2,1,1,0.5,0.0
Molmo-V1,mme_landmark_01b9b58a573c45f0.jpg,2,1,1,0.5,0.0
Molmo-V1,mme_landmark_0ae3355e0a54db21.jpg,2,1,1,0.5,0.0
Molmo-V1,mme_numerical_calculation_0011.png,2,1,1,0.5,0.0
Molmo-V1,mme_numerical_calculation_0013.png,2,1,1,0.5,0.0
Molmo-V1,mme_position_000000006471.jpg,2,1,1,0.5,0.0
Molmo-V1,mme_position_000000007281.jpg,2,1,1,0.5,0.0
Molmo-V1,mme_position_000000056127.jpg,2,1,1,0.5,0.0
Molmo-V1,mme_position_000000062025.jpg,2,1,1,0.5,0.0
Molmo-V1,mme_position_000000097994.jpg,2,1,1,0.5,0.0
Molmo-V1,mme_position_000000204871.jpg,2,1,1,0.5,0.0
Molmo-V1,mme_position_000000212800.jpg,2,1,1,0.5,0.0
Molmo-V1,mme_position_000000477955.jpg,2,1,1,0.5,0.0
Molmo-V1,mme_posters_tt0067116.jpg,2,1,1,0.5,0.0
Molmo-V1,mme_posters_tt0070291.jpg,2,1,1,0.5,0.0
Molmo-V1,mme_posters_tt0074749.jpg,2,1,1,0.5,0.0
Molmo-V1,mme_posters_tt0083946.jpg,2,1,1,0.5,0.0
Molmo-V1,mme_posters_tt0100935.jpg,2,1,1,0.5,0.0
Molmo-V1,mme_posters_tt0264395.jpg,2,1,1,0.5,0.0
Molmo-V1,mme_posters_tt0433035.jpg,2,1,1,0.5,0.0
Molmo-V1,mme_posters_tt0443680.jpg,2,1,1,0.5,0.0
Molmo-V1,mme_posters_tt1099212.jpg,2,1,1,0.5,0.0
Molmo-V1,mme_posters_tt1438176.jpg,2,1,1,0.5,0.0
Molmo-V1,mme_posters_tt1971325.jpg,2,1,1,0.5,0.0
Molmo-V1,mme_posters_tt2078768.jpg,2,1,1,0.5,0.0
Molmo-V1,mme_posters_tt3465916.jpg,2,1,1,0.5,0.0
Molmo-V1,mme_posters_tt3498820.jpg,2,1,1,0.5,0.0
Molmo-V1,mme_posters_tt3700804.jpg,2,1,1,0.5,0.0
Molmo-V1,mme_posters_tt4046784.jpg,2,1,1,0.5,0.0
Molmo-V1,mme_scene_Places365_val_00000114.jpg,2,1,1,0.5,0.0
Molmo-V1,mme_scene_Places365_val_00000181.jpg,2,1,1,0.5,0.0
Molmo-V1,mme_text_translation_0006.png,2,1,1,0.5,0.0
Molmo-V1,mme_text_translation_0012.png,2,1,1,0.5,0.0
Molmo-V1,mme_text_translation_0020.png,2,1,1,0.5,0.0
Molmo-V1,pope_1224.jpg,2,1,1,0.5,0.0
Molmo-V1,pope_124.jpg,2,1,1,0.5,0.0
Molmo-V1,pope_1272.jpg,2,1,1,0.5,0.0
Molmo-V1,pope_1462.jpg,2,1,1,0.5,0.0
Molmo-V1,pope_1538.jpg,2,1,1,0.5,0.0
Molmo-V1,pope_1634.jpg,2,1,1,0.5,0.0
Molmo-V1,pope_1636.jpg,2,1,1,0.5,0.0
Molmo-V1,pope_1784.jpg,2,1,1,0.5,0.0
Molmo-V1,pope_1830.jpg,2,1,1,0.5,0.0
Molmo-V1,pope_198.jpg,2,1,1,0.5,0.0
Molmo-V1,pope_2514.jpg,2,1,1,0.5,0.0
Molmo-V1,pope_2648.jpg,2,1,1,0.5,0.0
Molmo-V1,pope_2652.jpg,2,1,1,0.5,0.0
Molmo-V1,pope_2670.jpg,2,1,1,0.5,0.0
Molmo-V1,pope_2700.jpg,2,1,1,0.5,0.0
Molmo-V1,pope_2768.jpg,2,1,1,0.5,0.0
Molmo-V1,pope_2860.jpg,2,1,1,0.5,0.0
Molmo-V1,pope_2886.jpg,2,1,1,0.5,0.0
Molmo-V1,pope_2934.jpg,2,1,1,0.5,0.0
Molmo-V1,pope_2980.jpg,2,1,1,0.5,0.0
Molmo-V1,pope_42.jpg,2,1,1,0.5,0.0
Molmo-V1,pope_44.jpg,2,1,1,0.5,0.0
Molmo-V1,pope_498.jpg,2,1,1,0.5,0.0
Molmo-V1,AMBER_223.jpg,7,3,4,0.42857142857142855,0.07142857142857145
Molmo-V1,AMBER_24.jpg,7,3,4,0.42857142857142855,0.07142857142857145
Molmo-V1,AMBER_399.jpg,7,3,4,0.42857142857142855,0.07142857142857145
Molmo-V1,AMBER_1002.jpg,5,2,3,0.4,0.09999999999999998
Molmo-V1,AMBER_107.jpg,5,2,3,0.4,0.09999999999999998
Molmo-V1,AMBER_147.jpg,5,2,3,0.4,0.09999999999999998
Molmo-V1,AMBER_16.jpg,5,2,3,0.4,0.09999999999999998
Molmo-V1,AMBER_197.jpg,5,2,3,0.4,0.09999999999999998
Molmo-V1,AMBER_214.jpg,5,2,3,0.4,0.09999999999999998
Molmo-V1,AMBER_218.jpg,5,2,3,0.4,0.09999999999999998
Molmo-V1,AMBER_296.jpg,5,2,3,0.4,0.09999999999999998
Molmo-V1,AMBER_338.jpg,5,2,3,0.4,0.09999999999999998
Molmo-V1,AMBER_385.jpg,5,2,3,0.4,0.09999999999999998
Molmo-V1,AMBER_429.jpg,5,2,3,0.4,0.09999999999999998
Molmo-V1,AMBER_491.jpg,5,2,3,0.4,0.09999999999999998
Molmo-V1,AMBER_494.jpg,5,2,3,0.4,0.09999999999999998
Molmo-V1,AMBER_522.jpg,5,2,3,0.4,0.09999999999999998
Molmo-V1,AMBER_532.jpg,5,2,3,0.4,0.09999999999999998
Molmo-V1,AMBER_538.jpg,5,2,3,0.4,0.09999999999999998
Molmo-V1,AMBER_555.jpg,5,2,3,0.4,0.09999999999999998
Molmo-V1,AMBER_611.jpg,5,2,3,0.4,0.09999999999999998
Molmo-V1,AMBER_620.jpg,5,3,2,0.6,0.09999999999999998
Molmo-V1,AMBER_70.jpg,5,2,3,0.4,0.09999999999999998
Molmo-V1,AMBER_71.jpg,5,2,3,0.4,0.09999999999999998
Molmo-V1,AMBER_746.jpg,5,2,3,0.4,0.09999999999999998
Molmo-V1,AMBER_749.jpg,5,3,2,0.6,0.09999999999999998
Molmo-V1,AMBER_943.jpg,5,2,3,0.4,0.09999999999999998
Molmo-V1,AMBER_969.jpg,5,2,3,0.4,0.09999999999999998
Molmo-V1,AMBER_317.jpg,8,3,5,0.375,0.125
Molmo-V1,AMBER_50.jpg,8,3,5,0.375,0.125
Molmo-V1,AMBER_559.jpg,8,3,5,0.375,0.125
Molmo-V1,AMBER_58.jpg,8,3,5,0.375,0.125
Molmo-V1,AMBER_619.jpg,8,3,5,0.375,0.125
Molmo-V1,AMBER_127.jpg,6,4,2,0.6666666666666666,0.16666666666666663
Molmo-V1,AMBER_25.jpg,3,2,1,0.6666666666666666,0.16666666666666663
Molmo-V1,AMBER_477.jpg,3,2,1,0.6666666666666666,0.16666666666666663
Molmo-V1,AMBER_519.jpg,3,2,1,0.6666666666666666,0.16666666666666663
Molmo-V1,AMBER_607.jpg,3,2,1,0.6666666666666666,0.16666666666666663
Molmo-V1,AMBER_666.jpg,3,2,1,0.6666666666666666,0.16666666666666663
Molmo-V1,AMBER_835.jpg,3,2,1,0.6666666666666666,0.16666666666666663
Molmo-V1,hallusionbench_chart_14_1.png,3,2,1,0.6666666666666666,0.16666666666666663
Molmo-V1,hallusionbench_chart_14_2.png,3,2,1,0.6666666666666666,0.16666666666666663
Molmo-V1,hallusionbench_illusion_11_0.png,3,2,1,0.6666666666666666,0.16666666666666663
Molmo-V1,hallusionbench_illusion_1_0.png,3,2,1,0.6666666666666666,0.16666666666666663
Molmo-V1,hallusionbench_illusion_5_0.png,3,2,1,0.6666666666666666,0.16666666666666663
Molmo-V1,hallusionbench_illusion_5_1.png,3,2,1,0.6666666666666666,0.16666666666666663
Molmo-V1,hallusionbench_map_8_1.png,3,2,1,0.6666666666666666,0.16666666666666663
Molmo-V1,hallusionbench_math_0_0.png,3,2,1,0.6666666666666666,0.16666666666666663
Molmo-V1,hallusionbench_math_0_1.png,3,2,1,0.6666666666666666,0.16666666666666663
Molmo-V1,hallusionbench_math_14_1.png,3,2,1,0.6666666666666666,0.16666666666666663
Molmo-V1,hallusionbench_math_3_1.png,3,2,1,0.6666666666666666,0.16666666666666663
Molmo-V1,hallusionbench_table_2_3.png,3,2,1,0.6666666666666666,0.16666666666666663
Molmo-V1,hallusionbench_video_12_1.png,3,2,1,0.6666666666666666,0.16666666666666663
Molmo-V1,hallusionbench_video_12_2.png,3,2,1,0.6666666666666666,0.16666666666666663
Molmo-V1,hallusionbench_video_2_1.png,3,2,1,0.6666666666666666,0.16666666666666663
Molmo-V1,hallusionbench_video_9_0.png,3,2,1,0.6666666666666666,0.16666666666666663
Molmo-V1,hallusionbench_video_9_1.png,3,2,1,0.6666666666666666,0.16666666666666663
Molmo-V1,pope_228.jpg,3,2,1,0.6666666666666666,0.16666666666666663
Molmo-V1,AMBER_1004.jpg,6,2,4,0.3333333333333333,0.16666666666666669
Molmo-V1,AMBER_113.jpg,3,1,2,0.3333333333333333,0.16666666666666669
Molmo-V1,AMBER_121.jpg,3,1,2,0.3333333333333333,0.16666666666666669
Molmo-V1,AMBER_130.jpg,3,1,2,0.3333333333333333,0.16666666666666669
Molmo-V1,AMBER_134.jpg,3,1,2,0.3333333333333333,0.16666666666666669
Molmo-V1,AMBER_139.jpg,3,1,2,0.3333333333333333,0.16666666666666669
Molmo-V1,AMBER_161.jpg,3,1,2,0.3333333333333333,0.16666666666666669
Molmo-V1,AMBER_204.jpg,3,1,2,0.3333333333333333,0.16666666666666669
Molmo-V1,AMBER_230.jpg,3,1,2,0.3333333333333333,0.16666666666666669
Molmo-V1,AMBER_232.jpg,3,1,2,0.3333333333333333,0.16666666666666669
Molmo-V1,AMBER_242.jpg,3,1,2,0.3333333333333333,0.16666666666666669
Molmo-V1,AMBER_249.jpg,6,2,4,0.3333333333333333,0.16666666666666669
Molmo-V1,AMBER_270.jpg,3,1,2,0.3333333333333333,0.16666666666666669
Molmo-V1,AMBER_288.jpg,3,1,2,0.3333333333333333,0.16666666666666669
Molmo-V1,AMBER_294.jpg,3,1,2,0.3333333333333333,0.16666666666666669
Molmo-V1,AMBER_297.jpg,3,1,2,0.3333333333333333,0.16666666666666669
Molmo-V1,AMBER_299.jpg,3,1,2,0.3333333333333333,0.16666666666666669
Molmo-V1,AMBER_30.jpg,3,1,2,0.3333333333333333,0.16666666666666669
Molmo-V1,AMBER_343.jpg,3,1,2,0.3333333333333333,0.16666666666666669
Molmo-V1,AMBER_349.jpg,3,1,2,0.3333333333333333,0.16666666666666669
Molmo-V1,AMBER_353.jpg,3,1,2,0.3333333333333333,0.16666666666666669
Molmo-V1,AMBER_360.jpg,3,1,2,0.3333333333333333,0.16666666666666669
Molmo-V1,AMBER_370.jpg,3,1,2,0.3333333333333333,0.16666666666666669
Molmo-V1,AMBER_374.jpg,6,2,4,0.3333333333333333,0.16666666666666669
Molmo-V1,AMBER_379.jpg,3,1,2,0.3333333333333333,0.16666666666666669
Molmo-V1,AMBER_380.jpg,3,1,2,0.3333333333333333,0.16666666666666669
Molmo-V1,AMBER_382.jpg,3,1,2,0.3333333333333333,0.16666666666666669
Molmo-V1,AMBER_386.jpg,6,2,4,0.3333333333333333,0.16666666666666669
Molmo-V1,AMBER_397.jpg,6,2,4,0.3333333333333333,0.16666666666666669
Molmo-V1,AMBER_401.jpg,3,1,2,0.3333333333333333,0.16666666666666669
Molmo-V1,AMBER_418.jpg,6,2,4,0.3333333333333333,0.16666666666666669
Molmo-V1,AMBER_419.jpg,3,1,2,0.3333333333333333,0.16666666666666669
Molmo-V1,AMBER_421.jpg,3,1,2,0.3333333333333333,0.16666666666666669
Molmo-V1,AMBER_44.jpg,3,1,2,0.3333333333333333,0.16666666666666669
Molmo-V1,AMBER_441.jpg,3,1,2,0.3333333333333333,0.16666666666666669
Molmo-V1,AMBER_451.jpg,3,1,2,0.3333333333333333,0.16666666666666669
Molmo-V1,AMBER_453.jpg,3,1,2,0.3333333333333333,0.16666666666666669
Molmo-V1,AMBER_46.jpg,3,1,2,0.3333333333333333,0.16666666666666669
Molmo-V1,AMBER_460.jpg,3,1,2,0.3333333333333333,0.16666666666666669
Molmo-V1,AMBER_475.jpg,3,1,2,0.3333333333333333,0.16666666666666669
Molmo-V1,AMBER_495.jpg,3,1,2,0.3333333333333333,0.16666666666666669
Molmo-V1,AMBER_499.jpg,3,1,2,0.3333333333333333,0.16666666666666669
Molmo-V1,AMBER_521.jpg,3,1,2,0.3333333333333333,0.16666666666666669
Molmo-V1,AMBER_525.jpg,3,1,2,0.3333333333333333,0.16666666666666669
Molmo-V1,AMBER_53.jpg,3,1,2,0.3333333333333333,0.16666666666666669
Molmo-V1,AMBER_533.jpg,3,1,2,0.3333333333333333,0.16666666666666669
Molmo-V1,AMBER_54.jpg,3,1,2,0.3333333333333333,0.16666666666666669
Molmo-V1,AMBER_55.jpg,3,1,2,0.3333333333333333,0.16666666666666669
Molmo-V1,AMBER_552.jpg,3,1,2,0.3333333333333333,0.16666666666666669
Molmo-V1,AMBER_556.jpg,3,1,2,0.3333333333333333,0.16666666666666669
Molmo-V1,AMBER_558.jpg,3,1,2,0.3333333333333333,0.16666666666666669
Molmo-V1,AMBER_562.jpg,3,1,2,0.3333333333333333,0.16666666666666669
Molmo-V1,AMBER_597.jpg,3,1,2,0.3333333333333333,0.16666666666666669
Molmo-V1,AMBER_598.jpg,3,1,2,0.3333333333333333,0.16666666666666669
Molmo-V1,AMBER_625.jpg,3,1,2,0.3333333333333333,0.16666666666666669
Molmo-V1,AMBER_636.jpg,3,1,2,0.3333333333333333,0.16666666666666669
Molmo-V1,AMBER_649.jpg,3,1,2,0.3333333333333333,0.16666666666666669
Molmo-V1,AMBER_67.jpg,3,1,2,0.3333333333333333,0.16666666666666669
Molmo-V1,AMBER_679.jpg,6,2,4,0.3333333333333333,0.16666666666666669
Molmo-V1,AMBER_68.jpg,6,2,4,0.3333333333333333,0.16666666666666669
Molmo-V1,AMBER_686.jpg,6,2,4,0.3333333333333333,0.16666666666666669
Molmo-V1,AMBER_687.jpg,6,2,4,0.3333333333333333,0.16666666666666669
Molmo-V1,AMBER_688.jpg,3,1,2,0.3333333333333333,0.16666666666666669
Molmo-V1,AMBER_690.jpg,3,1,2,0.3333333333333333,0.16666666666666669
Molmo-V1,AMBER_696.jpg,3,1,2,0.3333333333333333,0.16666666666666669
Molmo-V1,AMBER_722.jpg,3,1,2,0.3333333333333333,0.16666666666666669
Molmo-V1,AMBER_759.jpg,3,1,2,0.3333333333333333,0.16666666666666669
Molmo-V1,AMBER_766.jpg,3,1,2,0.3333333333333333,0.16666666666666669
Molmo-V1,AMBER_790.jpg,6,2,4,0.3333333333333333,0.16666666666666669
Molmo-V1,AMBER_797.jpg,3,1,2,0.3333333333333333,0.16666666666666669
Molmo-V1,AMBER_800.jpg,3,1,2,0.3333333333333333,0.16666666666666669
Molmo-V1,AMBER_817.jpg,6,2,4,0.3333333333333333,0.16666666666666669
Molmo-V1,AMBER_827.jpg,3,1,2,0.3333333333333333,0.16666666666666669
Molmo-V1,AMBER_859.jpg,3,1,2,0.3333333333333333,0.16666666666666669
Molmo-V1,AMBER_883.jpg,3,1,2,0.3333333333333333,0.16666666666666669
Molmo-V1,AMBER_891.jpg,3,1,2,0.3333333333333333,0.16666666666666669
Molmo-V1,AMBER_92.jpg,3,1,2,0.3333333333333333,0.16666666666666669
Molmo-V1,AMBER_927.jpg,3,1,2,0.3333333333333333,0.16666666666666669
Molmo-V1,AMBER_939.jpg,3,1,2,0.3333333333333333,0.16666666666666669
Molmo-V1,AMBER_949.jpg,3,1,2,0.3333333333333333,0.16666666666666669
Molmo-V1,AMBER_99.jpg,6,2,4,0.3333333333333333,0.16666666666666669
Molmo-V1,hallusionbench_illusion_11_1.png,3,1,2,0.3333333333333333,0.16666666666666669
Molmo-V1,hallusionbench_illusion_25_0.png,3,1,2,0.3333333333333333,0.16666666666666669
Molmo-V1,hallusionbench_map_8_2.png,3,1,2,0.3333333333333333,0.16666666666666669
Molmo-V1,hallusionbench_math_10_0.png,3,1,2,0.3333333333333333,0.16666666666666669
Molmo-V1,hallusionbench_math_11_0.png,3,1,2,0.3333333333333333,0.16666666666666669
Molmo-V1,hallusionbench_math_11_1.png,3,1,2,0.3333333333333333,0.16666666666666669
Molmo-V1,hallusionbench_math_12_0.png,3,1,2,0.3333333333333333,0.16666666666666669
Molmo-V1,hallusionbench_math_13_0.png,3,1,2,0.3333333333333333,0.16666666666666669
Molmo-V1,hallusionbench_math_14_0.png,3,1,2,0.3333333333333333,0.16666666666666669
Molmo-V1,hallusionbench_math_15_0.png,3,1,2,0.3333333333333333,0.16666666666666669
Molmo-V1,hallusionbench_math_16_0.png,3,1,2,0.3333333333333333,0.16666666666666669
Molmo-V1,hallusionbench_math_17_1.png,3,1,2,0.3333333333333333,0.16666666666666669
Molmo-V1,hallusionbench_math_5_0.png,3,1,2,0.3333333333333333,0.16666666666666669
Molmo-V1,hallusionbench_math_5_1.png,3,1,2,0.3333333333333333,0.16666666666666669
Molmo-V1,hallusionbench_math_6_1.png,3,1,2,0.3333333333333333,0.16666666666666669
Molmo-V1,hallusionbench_video_13_0.png,3,1,2,0.3333333333333333,0.16666666666666669
Molmo-V1,hallusionbench_video_2_0.png,3,1,2,0.3333333333333333,0.16666666666666669
Molmo-V1,pope_1546.jpg,3,1,2,0.3333333333333333,0.16666666666666669
Molmo-V1,AMBER_211.jpg,10,3,7,0.3,0.2
Molmo-V1,AMBER_1000.jpg,7,2,5,0.2857142857142857,0.2142857142857143
Molmo-V1,AMBER_131.jpg,7,2,5,0.2857142857142857,0.2142857142857143
Molmo-V1,AMBER_20.jpg,7,2,5,0.2857142857142857,0.2142857142857143
Molmo-V1,AMBER_209.jpg,7,2,5,0.2857142857142857,0.2142857142857143
Molmo-V1,AMBER_350.jpg,7,2,5,0.2857142857142857,0.2142857142857143
Molmo-V1,AMBER_358.jpg,7,2,5,0.2857142857142857,0.2142857142857143
Molmo-V1,AMBER_405.jpg,7,2,5,0.2857142857142857,0.2142857142857143
Molmo-V1,AMBER_415.jpg,7,2,5,0.2857142857142857,0.2142857142857143
Molmo-V1,AMBER_43.jpg,7,2,5,0.2857142857142857,0.2142857142857143
Molmo-V1,AMBER_510.jpg,7,2,5,0.2857142857142857,0.2142857142857143
Molmo-V1,AMBER_57.jpg,7,5,2,0.7142857142857143,0.2142857142857143
Molmo-V1,AMBER_599.jpg,7,2,5,0.2857142857142857,0.2142857142857143
Molmo-V1,AMBER_801.jpg,7,2,5,0.2857142857142857,0.2142857142857143
Molmo-V1,AMBER_101.jpg,4,1,3,0.25,0.25
Molmo-V1,AMBER_105.jpg,8,2,6,0.25,0.25
Molmo-V1,AMBER_106.jpg,4,1,3,0.25,0.25
Molmo-V1,AMBER_120.jpg,4,1,3,0.25,0.25
Molmo-V1,AMBER_123.jpg,4,1,3,0.25,0.25
Molmo-V1,AMBER_135.jpg,4,1,3,0.25,0.25
Molmo-V1,AMBER_143.jpg,4,1,3,0.25,0.25
Molmo-V1,AMBER_144.jpg,4,1,3,0.25,0.25
Molmo-V1,AMBER_170.jpg,4,1,3,0.25,0.25
Molmo-V1,AMBER_183.jpg,4,1,3,0.25,0.25
Molmo-V1,AMBER_195.jpg,4,1,3,0.25,0.25
Molmo-V1,AMBER_200.jpg,4,1,3,0.25,0.25
Molmo-V1,AMBER_205.jpg,4,1,3,0.25,0.25
Molmo-V1,AMBER_216.jpg,4,1,3,0.25,0.25
Molmo-V1,AMBER_224.jpg,4,1,3,0.25,0.25
Molmo-V1,AMBER_265.jpg,4,1,3,0.25,0.25
Molmo-V1,AMBER_287.jpg,4,1,3,0.25,0.25
Molmo-V1,AMBER_29.jpg,4,1,3,0.25,0.25
Molmo-V1,AMBER_292.jpg,4,1,3,0.25,0.25
Molmo-V1,AMBER_295.jpg,4,1,3,0.25,0.25
Molmo-V1,AMBER_323.jpg,4,1,3,0.25,0.25
Molmo-V1,AMBER_339.jpg,4,1,3,0.25,0.25
Molmo-V1,AMBER_344.jpg,4,1,3,0.25,0.25
Molmo-V1,AMBER_346.jpg,4,1,3,0.25,0.25
Molmo-V1,AMBER_348.jpg,4,3,1,0.75,0.25
Molmo-V1,AMBER_354.jpg,4,1,3,0.25,0.25
Molmo-V1,AMBER_357.jpg,4,1,3,0.25,0.25
Molmo-V1,AMBER_364.jpg,4,1,3,0.25,0.25
Molmo-V1,AMBER_366.jpg,4,1,3,0.25,0.25
Molmo-V1,AMBER_37.jpg,4,1,3,0.25,0.25
Molmo-V1,AMBER_38.jpg,4,1,3,0.25,0.25
Molmo-V1,AMBER_390.jpg,4,1,3,0.25,0.25
Molmo-V1,AMBER_394.jpg,4,1,3,0.25,0.25
Molmo-V1,AMBER_400.jpg,4,1,3,0.25,0.25
Molmo-V1,AMBER_403.jpg,4,1,3,0.25,0.25
Molmo-V1,AMBER_408.jpg,4,1,3,0.25,0.25
Molmo-V1,AMBER_413.jpg,4,1,3,0.25,0.25
Molmo-V1,AMBER_416.jpg,4,3,1,0.75,0.25
Molmo-V1,AMBER_420.jpg,4,1,3,0.25,0.25
Molmo-V1,AMBER_426.jpg,4,1,3,0.25,0.25
Molmo-V1,AMBER_430.jpg,4,1,3,0.25,0.25
Molmo-V1,AMBER_436.jpg,4,1,3,0.25,0.25
Molmo-V1,AMBER_437.jpg,4,1,3,0.25,0.25
Molmo-V1,AMBER_443.jpg,4,1,3,0.25,0.25
Molmo-V1,AMBER_459.jpg,4,1,3,0.25,0.25
Molmo-V1,AMBER_467.jpg,4,1,3,0.25,0.25
Molmo-V1,AMBER_483.jpg,4,1,3,0.25,0.25
Molmo-V1,AMBER_488.jpg,4,1,3,0.25,0.25
Molmo-V1,AMBER_523.jpg,4,1,3,0.25,0.25
Molmo-V1,AMBER_530.jpg,4,1,3,0.25,0.25
Molmo-V1,AMBER_539.jpg,8,2,6,0.25,0.25
Molmo-V1,AMBER_561.jpg,4,1,3,0.25,0.25
Molmo-V1,AMBER_570.jpg,4,1,3,0.25,0.25
Molmo-V1,AMBER_575.jpg,4,1,3,0.25,0.25
Molmo-V1,AMBER_580.jpg,4,1,3,0.25,0.25
Molmo-V1,AMBER_581.jpg,4,1,3,0.25,0.25
Molmo-V1,AMBER_585.jpg,4,1,3,0.25,0.25
Molmo-V1,AMBER_587.jpg,8,2,6,0.25,0.25
Molmo-V1,AMBER_593.jpg,4,1,3,0.25,0.25
Molmo-V1,AMBER_601.jpg,4,1,3,0.25,0.25
Molmo-V1,AMBER_612.jpg,4,1,3,0.25,0.25
Molmo-V1,AMBER_615.jpg,4,1,3,0.25,0.25
Molmo-V1,AMBER_616.jpg,4,1,3,0.25,0.25
Molmo-V1,AMBER_626.jpg,4,1,3,0.25,0.25
Molmo-V1,AMBER_630.jpg,4,1,3,0.25,0.25
Molmo-V1,AMBER_631.jpg,4,1,3,0.25,0.25
Molmo-V1,AMBER_656.jpg,4,1,3,0.25,0.25
Molmo-V1,AMBER_660.jpg,4,1,3,0.25,0.25
Molmo-V1,AMBER_669.jpg,4,1,3,0.25,0.25
Molmo-V1,AMBER_676.jpg,4,1,3,0.25,0.25
Molmo-V1,AMBER_684.jpg,4,1,3,0.25,0.25
Molmo-V1,AMBER_700.jpg,4,1,3,0.25,0.25
Molmo-V1,AMBER_702.jpg,4,1,3,0.25,0.25
Molmo-V1,AMBER_706.jpg,4,1,3,0.25,0.25
Molmo-V1,AMBER_721.jpg,4,1,3,0.25,0.25
Molmo-V1,AMBER_723.jpg,4,1,3,0.25,0.25
Molmo-V1,AMBER_729.jpg,4,1,3,0.25,0.25
Molmo-V1,AMBER_731.jpg,4,1,3,0.25,0.25
Molmo-V1,AMBER_748.jpg,4,1,3,0.25,0.25
Molmo-V1,AMBER_76.jpg,4,1,3,0.25,0.25
Molmo-V1,AMBER_763.jpg,4,1,3,0.25,0.25
Molmo-V1,AMBER_778.jpg,4,1,3,0.25,0.25
Molmo-V1,AMBER_786.jpg,4,1,3,0.25,0.25
Molmo-V1,AMBER_8.jpg,4,1,3,0.25,0.25
Molmo-V1,AMBER_805.jpg,4,1,3,0.25,0.25
Molmo-V1,AMBER_806.jpg,4,1,3,0.25,0.25
Molmo-V1,AMBER_822.jpg,4,1,3,0.25,0.25
Molmo-V1,AMBER_823.jpg,8,2,6,0.25,0.25
Molmo-V1,AMBER_829.jpg,4,1,3,0.25,0.25
Molmo-V1,AMBER_833.jpg,4,1,3,0.25,0.25
Molmo-V1,AMBER_836.jpg,4,1,3,0.25,0.25
Molmo-V1,AMBER_846.jpg,4,1,3,0.25,0.25
Molmo-V1,AMBER_853.jpg,4,1,3,0.25,0.25
Molmo-V1,AMBER_861.jpg,4,1,3,0.25,0.25
Molmo-V1,AMBER_864.jpg,4,1,3,0.25,0.25
Molmo-V1,AMBER_892.jpg,4,1,3,0.25,0.25
Molmo-V1,AMBER_902.jpg,4,1,3,0.25,0.25
Molmo-V1,AMBER_908.jpg,4,1,3,0.25,0.25
Molmo-V1,AMBER_918.jpg,4,1,3,0.25,0.25
Molmo-V1,AMBER_926.jpg,4,1,3,0.25,0.25
Molmo-V1,AMBER_933.jpg,4,1,3,0.25,0.25
Molmo-V1,AMBER_944.jpg,4,1,3,0.25,0.25
Molmo-V1,AMBER_967.jpg,4,1,3,0.25,0.25
Molmo-V1,hallusionbench_chart_0_1.png,4,1,3,0.25,0.25
Molmo-V1,hallusionbench_chart_10_2.png,4,1,3,0.25,0.25
Molmo-V1,hallusionbench_chart_1_1.png,8,2,6,0.25,0.25
Molmo-V1,hallusionbench_chart_4_1.png,4,1,3,0.25,0.25
Molmo-V1,hallusionbench_chart_5_2.png,4,1,3,0.25,0.25
Molmo-V1,hallusionbench_chart_9_1.png,4,3,1,0.75,0.25
Molmo-V1,hallusionbench_chart_9_2.png,4,3,1,0.75,0.25
Molmo-V1,hallusionbench_map_5_1.png,4,1,3,0.25,0.25
Molmo-V1,hallusionbench_table_6_1.png,4,1,3,0.25,0.25
Molmo-V1,hallusionbench_table_6_2.png,4,1,3,0.25,0.25
Molmo-V1,hallusionbench_table_6_3.png,4,1,3,0.25,0.25
Molmo-V1,hallusionbench_table_9_2.png,4,1,3,0.25,0.25
Molmo-V1,hallusionbench_video_10_0.png,4,1,3,0.25,0.25
Molmo-V1,hallusionbench_video_10_1.png,4,3,1,0.75,0.25
Molmo-V1,hallusionbench_video_10_2.png,4,3,1,0.75,0.25
Molmo-V1,hallusionbench_video_11_0.png,4,3,1,0.75,0.25
Molmo-V1,hallusionbench_video_11_1.png,4,1,3,0.25,0.25
Molmo-V1,hallusionbench_video_11_2.png,4,3,1,0.75,0.25
Molmo-V1,hallusionbench_video_18_1.png,4,3,1,0.75,0.25
Molmo-V1,hallusionbench_video_5_1.png,4,1,3,0.25,0.25
Molmo-V1,hallusionbench_video_6_1.png,4,1,3,0.25,0.25
Molmo-V1,hallusionbench_video_8_0.png,4,1,3,0.25,0.25
Molmo-V1,hallusionbench_video_8_1.png,4,3,1,0.75,0.25
Molmo-V1,AMBER_10.jpg,5,1,4,0.2,0.3
Molmo-V1,AMBER_114.jpg,5,1,4,0.2,0.3
Molmo-V1,AMBER_119.jpg,5,1,4,0.2,0.3
Molmo-V1,AMBER_125.jpg,5,1,4,0.2,0.3
Molmo-V1,AMBER_14.jpg,5,1,4,0.2,0.3
Molmo-V1,AMBER_220.jpg,5,1,4,0.2,0.3
Molmo-V1,AMBER_259.jpg,5,1,4,0.2,0.3
Molmo-V1,AMBER_268.jpg,5,1,4,0.2,0.3
Molmo-V1,AMBER_272.jpg,5,1,4,0.2,0.3
Molmo-V1,AMBER_28.jpg,5,1,4,0.2,0.3
Molmo-V1,AMBER_284.jpg,5,1,4,0.2,0.3
Molmo-V1,AMBER_286.jpg,5,1,4,0.2,0.3
Molmo-V1,AMBER_334.jpg,5,1,4,0.2,0.3
Molmo-V1,AMBER_367.jpg,5,1,4,0.2,0.3
Molmo-V1,AMBER_373.jpg,5,1,4,0.2,0.3
Molmo-V1,AMBER_375.jpg,5,1,4,0.2,0.3
Molmo-V1,AMBER_39.jpg,5,1,4,0.2,0.3
Molmo-V1,AMBER_395.jpg,5,1,4,0.2,0.3
Molmo-V1,AMBER_411.jpg,5,1,4,0.2,0.3
Molmo-V1,AMBER_431.jpg,5,1,4,0.2,0.3
Molmo-V1,AMBER_457.jpg,5,1,4,0.2,0.3
Molmo-V1,AMBER_48.jpg,5,1,4,0.2,0.3
Molmo-V1,AMBER_481.jpg,5,1,4,0.2,0.3
Molmo-V1,AMBER_49.jpg,5,1,4,0.2,0.3
Molmo-V1,AMBER_492.jpg,5,1,4,0.2,0.3
Molmo-V1,AMBER_493.jpg,5,1,4,0.2,0.3
Molmo-V1,AMBER_546.jpg,5,1,4,0.2,0.3
Molmo-V1,AMBER_583.jpg,5,1,4,0.2,0.3
Molmo-V1,AMBER_595.jpg,5,1,4,0.2,0.3
Molmo-V1,AMBER_605.jpg,5,1,4,0.2,0.3
Molmo-V1,AMBER_609.jpg,5,1,4,0.2,0.3
Molmo-V1,AMBER_618.jpg,5,1,4,0.2,0.3
Molmo-V1,AMBER_622.jpg,5,1,4,0.2,0.3
Molmo-V1,AMBER_646.jpg,5,1,4,0.2,0.3
Molmo-V1,AMBER_659.jpg,5,1,4,0.2,0.3
Molmo-V1,AMBER_66.jpg,5,1,4,0.2,0.3
Molmo-V1,AMBER_678.jpg,5,1,4,0.2,0.3
Molmo-V1,AMBER_695.jpg,5,1,4,0.2,0.3
Molmo-V1,AMBER_697.jpg,5,1,4,0.2,0.3
Molmo-V1,AMBER_719.jpg,5,1,4,0.2,0.3
Molmo-V1,AMBER_726.jpg,5,1,4,0.2,0.3
Molmo-V1,AMBER_73.jpg,5,1,4,0.2,0.3
Molmo-V1,AMBER_734.jpg,5,1,4,0.2,0.3
Molmo-V1,AMBER_745.jpg,5,1,4,0.2,0.3
Molmo-V1,AMBER_80.jpg,5,1,4,0.2,0.3
Molmo-V1,AMBER_808.jpg,5,1,4,0.2,0.3
Molmo-V1,AMBER_834.jpg,5,1,4,0.2,0.3
Molmo-V1,AMBER_872.jpg,5,1,4,0.2,0.3
Molmo-V1,AMBER_881.jpg,5,1,4,0.2,0.3
Molmo-V1,AMBER_884.jpg,5,1,4,0.2,0.3
Molmo-V1,AMBER_885.jpg,5,1,4,0.2,0.3
Molmo-V1,AMBER_917.jpg,5,1,4,0.2,0.3
Molmo-V1,AMBER_93.jpg,5,1,4,0.2,0.3
Molmo-V1,AMBER_945.jpg,5,1,4,0.2,0.3
Molmo-V1,AMBER_975.jpg,5,1,4,0.2,0.3
Molmo-V1,AMBER_994.jpg,5,1,4,0.2,0.3
Molmo-V1,AMBER_996.jpg,5,1,4,0.2,0.3
Molmo-V1,AMBER_109.jpg,6,1,5,0.16666666666666666,0.33333333333333337
Molmo-V1,AMBER_199.jpg,6,1,5,0.16666666666666666,0.33333333333333337
Molmo-V1,AMBER_207.jpg,6,1,5,0.16666666666666666,0.33333333333333337
Molmo-V1,AMBER_244.jpg,6,1,5,0.16666666666666666,0.33333333333333337
Molmo-V1,AMBER_255.jpg,6,1,5,0.16666666666666666,0.33333333333333337
Molmo-V1,AMBER_304.jpg,6,1,5,0.16666666666666666,0.33333333333333337
Molmo-V1,AMBER_305.jpg,6,1,5,0.16666666666666666,0.33333333333333337
Molmo-V1,AMBER_319.jpg,6,1,5,0.16666666666666666,0.33333333333333337
Molmo-V1,AMBER_372.jpg,6,1,5,0.16666666666666666,0.33333333333333337
Molmo-V1,AMBER_381.jpg,6,1,5,0.16666666666666666,0.33333333333333337
Molmo-V1,AMBER_410.jpg,6,1,5,0.16666666666666666,0.33333333333333337
Molmo-V1,AMBER_422.jpg,6,1,5,0.16666666666666666,0.33333333333333337
Molmo-V1,AMBER_456.jpg,6,1,5,0.16666666666666666,0.33333333333333337
Molmo-V1,AMBER_465.jpg,6,1,5,0.16666666666666666,0.33333333333333337
Molmo-V1,AMBER_490.jpg,6,1,5,0.16666666666666666,0.33333333333333337
Molmo-V1,AMBER_524.jpg,6,1,5,0.16666666666666666,0.33333333333333337
Molmo-V1,AMBER_569.jpg,6,1,5,0.16666666666666666,0.33333333333333337
Molmo-V1,AMBER_586.jpg,6,1,5,0.16666666666666666,0.33333333333333337
Molmo-V1,AMBER_6.jpg,6,1,5,0.16666666666666666,0.33333333333333337
Molmo-V1,AMBER_614.jpg,6,1,5,0.16666666666666666,0.33333333333333337
Molmo-V1,AMBER_627.jpg,6,1,5,0.16666666666666666,0.33333333333333337
Molmo-V1,AMBER_650.jpg,6,1,5,0.16666666666666666,0.33333333333333337
Molmo-V1,AMBER_662.jpg,6,1,5,0.16666666666666666,0.33333333333333337
Molmo-V1,AMBER_672.jpg,6,1,5,0.16666666666666666,0.33333333333333337
Molmo-V1,AMBER_673.jpg,6,1,5,0.16666666666666666,0.33333333333333337
Molmo-V1,AMBER_674.jpg,6,1,5,0.16666666666666666,0.33333333333333337
Molmo-V1,AMBER_677.jpg,6,1,5,0.16666666666666666,0.33333333333333337
Molmo-V1,AMBER_720.jpg,6,1,5,0.16666666666666666,0.33333333333333337
Molmo-V1,AMBER_728.jpg,6,1,5,0.16666666666666666,0.33333333333333337
Molmo-V1,AMBER_744.jpg,6,1,5,0.16666666666666666,0.33333333333333337
Molmo-V1,AMBER_754.jpg,6,1,5,0.16666666666666666,0.33333333333333337
Molmo-V1,AMBER_79.jpg,6,1,5,0.16666666666666666,0.33333333333333337
Molmo-V1,AMBER_799.jpg,6,1,5,0.16666666666666666,0.33333333333333337
Molmo-V1,AMBER_84.jpg,6,1,5,0.16666666666666666,0.33333333333333337
Molmo-V1,AMBER_857.jpg,6,1,5,0.16666666666666666,0.33333333333333337
Molmo-V1,AMBER_897.jpg,6,1,5,0.16666666666666666,0.33333333333333337
Molmo-V1,AMBER_95.jpg,6,1,5,0.16666666666666666,0.33333333333333337
Molmo-V1,AMBER_96.jpg,6,1,5,0.16666666666666666,0.33333333333333337
Molmo-V1,AMBER_1.jpg,7,1,6,0.14285714285714285,0.35714285714285715
Molmo-V1,AMBER_1001.jpg,7,1,6,0.14285714285714285,0.35714285714285715
Molmo-V1,AMBER_108.jpg,7,1,6,0.14285714285714285,0.35714285714285715
Molmo-V1,AMBER_192.jpg,7,1,6,0.14285714285714285,0.35714285714285715
Molmo-V1,AMBER_227.jpg,7,1,6,0.14285714285714285,0.35714285714285715
Molmo-V1,AMBER_228.jpg,7,1,6,0.14285714285714285,0.35714285714285715
Molmo-V1,AMBER_291.jpg,7,1,6,0.14285714285714285,0.35714285714285715
Molmo-V1,AMBER_517.jpg,7,1,6,0.14285714285714285,0.35714285714285715
Molmo-V1,AMBER_637.jpg,7,1,6,0.14285714285714285,0.35714285714285715
Molmo-V1,AMBER_652.jpg,7,1,6,0.14285714285714285,0.35714285714285715
Molmo-V1,AMBER_725.jpg,7,1,6,0.14285714285714285,0.35714285714285715
Molmo-V1,AMBER_845.jpg,7,1,6,0.14285714285714285,0.35714285714285715
Molmo-V1,AMBER_905.jpg,7,1,6,0.14285714285714285,0.35714285714285715
Molmo-V1,AMBER_989.jpg,7,1,6,0.14285714285714285,0.35714285714285715
Molmo-V1,AMBER_47.jpg,8,1,7,0.125,0.375
Molmo-V1,AMBER_60.jpg,8,1,7,0.125,0.375
Molmo-V1,hallusionbench_chart_2_1.png,8,1,7,0.125,0.375
Molmo-V1,AMBER_140.jpg,9,1,8,0.1111111111111111,0.3888888888888889
Molmo-V1,AMBER_89.jpg,11,1,10,0.09090909090909091,0.40909090909090906
Phi4-VL,AMBER_182.jpg,2,1,1,0.5,0.0
Phi4-VL,AMBER_194.jpg,2,1,1,0.5,0.0
Phi4-VL,AMBER_263.jpg,2,1,1,0.5,0.0
Phi4-VL,AMBER_307.jpg,2,1,1,0.5,0.0
Phi4-VL,AMBER_330.jpg,2,1,1,0.5,0.0
Phi4-VL,AMBER_336.jpg,2,1,1,0.5,0.0
Phi4-VL,AMBER_366.jpg,4,2,2,0.5,0.0
Phi4-VL,AMBER_470.jpg,2,1,1,0.5,0.0
Phi4-VL,AMBER_482.jpg,2,1,1,0.5,0.0
Phi4-VL,AMBER_580.jpg,4,2,2,0.5,0.0
Phi4-VL,AMBER_602.jpg,2,1,1,0.5,0.0
Phi4-VL,AMBER_94.jpg,4,2,2,0.5,0.0
Phi4-VL,AMBER_946.jpg,2,1,1,0.5,0.0
Phi4-VL,AMBER_979.jpg,2,1,1,0.5,0.0
Phi4-VL,hallusionbench_chart_0_1.png,4,2,2,0.5,0.0
Phi4-VL,hallusionbench_chart_13_1.png,2,1,1,0.5,0.0
Phi4-VL,hallusionbench_chart_13_2.png,2,1,1,0.5,0.0
Phi4-VL,hallusionbench_chart_15_2.png,2,1,1,0.5,0.0
Phi4-VL,hallusionbench_chart_19_1.png,2,1,1,0.5,0.0
Phi4-VL,hallusionbench_chart_19_2.png,2,1,1,0.5,0.0
Phi4-VL,hallusionbench_chart_20_1.png,2,1,1,0.5,0.0
Phi4-VL,hallusionbench_chart_20_2.png,2,1,1,0.5,0.0
Phi4-VL,hallusionbench_chart_4_2.png,4,2,2,0.5,0.0
Phi4-VL,hallusionbench_chart_9_1.png,4,2,2,0.5,0.0
Phi4-VL,hallusionbench_chart_9_2.png,4,2,2,0.5,0.0
Phi4-VL,hallusionbench_figure_15_0.png,2,1,1,0.5,0.0
Phi4-VL,hallusionbench_illusion_28_1.png,2,1,1,0.5,0.0
Phi4-VL,hallusionbench_illusion_30_0.png,2,1,1,0.5,0.0
Phi4-VL,hallusionbench_illusion_30_1.png,2,1,1,0.5,0.0
Phi4-VL,hallusionbench_illusion_7_0.png,2,1,1,0.5,0.0
Phi4-VL,hallusionbench_map_0_2.png,4,2,2,0.5,0.0
Phi4-VL,hallusionbench_map_10_2.png,2,1,1,0.5,0.0
Phi4-VL,hallusionbench_map_5_1.png,4,2,2,0.5,0.0
Phi4-VL,hallusionbench_map_5_2.png,4,2,2,0.5,0.0
Phi4-VL,hallusionbench_map_7_1.png,2,1,1,0.5,0.0
Phi4-VL,hallusionbench_map_7_2.png,2,1,1,0.5,0.0
Phi4-VL,hallusionbench_map_9_2.png,2,1,1,0.5,0.0
Phi4-VL,hallusionbench_math_1_1.png,2,1,1,0.5,0.0
Phi4-VL,hallusionbench_math_4_0.png,2,1,1,0.5,0.0
Phi4-VL,hallusionbench_math_7_1.png,2,1,1,0.5,0.0
Phi4-VL,hallusionbench_math_9_0.png,2,1,1,0.5,0.0
Phi4-VL,hallusionbench_ocr_20_0.png,2,1,1,0.5,0.0
Phi4-VL,hallusionbench_ocr_7_0.png,2,1,1,0.5,0.0
Phi4-VL,hallusionbench_table_1_1.png,2,1,1,0.5,0.0
Phi4-VL,hallusionbench_table_3_1.png,2,1,1,0.5,0.0
Phi4-VL,hallusionbench_table_5_1.png,2,1,1,0.5,0.0
Phi4-VL,hallusionbench_table_5_3.png,2,1,1,0.5,0.0
Phi4-VL,hallusionbench_table_6_2.png,4,2,2,0.5,0.0
Phi4-VL,hallusionbench_table_8_2.png,2,1,1,0.5,0.0
Phi4-VL,hallusionbench_video_17_0.png,4,2,2,0.5,0.0
Phi4-VL,hallusionbench_video_17_1.png,4,2,2,0.5,0.0
Phi4-VL,hallusionbench_video_19_0.png,4,2,2,0.5,0.0
Phi4-VL,hallusionbench_video_19_1.png,4,2,2,0.5,0.0
Phi4-VL,hallusionbench_video_19_2.png,4,2,2,0.5,0.0
Phi4-VL,hallusionbench_video_1_0.png,4,2,2,0.5,0.0
Phi4-VL,hallusionbench_video_1_1.png,4,2,2,0.5,0.0
Phi4-VL,hallusionbench_video_3_0.png,4,2,2,0.5,0.0
Phi4-VL,hallusionbench_video_3_1.png,4,2,2,0.5,0.0
Phi4-VL,hallusionbench_video_4_0.png,4,2,2,0.5,0.0
Phi4-VL,hallusionbench_video_4_1.png,4,2,2,0.5,0.0
Phi4-VL,hallusionbench_video_5_0.png,4,2,2,0.5,0.0
Phi4-VL,hallusionbench_video_5_1.png,4,2,2,0.5,0.0
Phi4-VL,hallusionbench_video_6_1.png,4,2,2,0.5,0.0
Phi4-VL,hallusionbench_video_7_0.png,4,2,2,0.5,0.0
Phi4-VL,mme_artwork_34363.jpg,2,1,1,0.5,0.0
Phi4-VL,mme_artwork_6297.jpg,2,1,1,0.5,0.0
Phi4-VL,mme_celebrity_tt0032138_shot_0395_img_0.jpg,2,1,1,0.5,0.0
Phi4-VL,mme_celebrity_tt0049730_shot_0273_img_0.jpg,2,1,1,0.5,0.0
Phi4-VL,mme_celebrity_tt0052357_shot_0511_img_0.jpg,2,1,1,0.5,0.0
Phi4-VL,mme_celebrity_tt0053221_shot_0197_img_0.jpg,2,1,1,0.5,0.0
Phi4-VL,mme_celebrity_tt0054167_shot_0122_img_0.jpg,2,1,1,0.5,0.0
Phi4-VL,mme_celebrity_tt0056869_shot_0320_img_0.jpg,2,1,1,0.5,0.0
Phi4-VL,mme_celebrity_tt0056923_shot_0835_img_0.jpg,2,1,1,0.5,0.0
Phi4-VL,mme_celebrity_tt0057115_shot_0686_img_0.jpg,2,1,1,0.5,0.0
Phi4-VL,mme_celebrity_tt0058331_shot_0353_img_0.jpg,2,1,1,0.5,0.0
Phi4-VL,mme_celebrity_tt0061418_shot_0148_img_0.jpg,2,1,1,0.5,0.0
Phi4-VL,mme_celebrity_tt0061722_shot_0259_img_0.jpg,2,1,1,0.5,0.0
Phi4-VL,mme_celebrity_tt0062622_shot_0291_img_0.jpg,2,1,1,0.5,0.0
Phi4-VL,mme_celebrity_tt0064115_shot_0367_img_0.jpg,2,1,1,0.5,0.0
Phi4-VL,mme_celebrity_tt0065214_shot_0366_img_0.jpg,2,1,1,0.5,0.0
Phi4-VL,mme_celebrity_tt0065724_shot_0320_img_1.jpg,2,1,1,0.5,0.0
Phi4-VL,mme_celebrity_tt0066921_shot_0631_img_0.jpg,2,1,1,0.5,0.0
Phi4-VL,mme_celebrity_tt0068646_shot_0166_img_0.jpg,2,1,1,0.5,0.0
Phi4-VL,mme_celebrity_tt0069762_shot_0723_img_0.jpg,2,1,1,0.5,0.0
Phi4-VL,mme_celebrity_tt0070379_shot_0569_img_0.jpg,2,1,1,0.5,0.0
Phi4-VL,mme_celebrity_tt0070735_shot_0818_img_0.jpg,2,1,1,0.5,0.0
Phi4-VL,mme_celebrity_tt0070849_shot_0021_img_1.jpg,2,1,1,0.5,0.0
Phi4-VL,mme_celebrity_tt0071315_shot_0153_img_0.jpg,2,1,1,0.5,0.0
Phi4-VL,mme_celebrity_tt0072684_shot_0512_img_1.jpg,2,1,1,0.5,0.0
Phi4-VL,mme_celebrity_tt0074119_shot_0814_img_0.jpg,2,1,1,0.5,0.0
Phi4-VL,mme_celebrity_tt0074285_shot_0535_img_1.jpg,2,1,1,0.5,0.0
Phi4-VL,mme_celebrity_tt0075686_shot_0373_img_0.jpg,2,1,1,0.5,0.0
Phi4-VL,mme_celebrity_tt0077402_shot_1220_img_0.jpg,2,1,1,0.5,0.0
Phi4-VL,mme_celebrity_tt0077416_shot_1442_img_0.jpg,2,1,1,0.5,0.0
Phi4-VL,mme_celebrity_tt0077651_shot_0133_img_0.jpg,2,1,1,0.5,0.0
Phi4-VL,mme_celebrity_tt0079470_shot_0798_img_0.jpg,2,1,1,0.5,0.0
Phi4-VL,mme_celebrity_tt0079945_shot_1411_img_0.jpg,2,1,1,0.5,0.0
Phi4-VL,mme_celebrity_tt0080684_shot_1574_img_2.jpg,2,1,1,0.5,0.0
Phi4-VL,mme_celebrity_tt0081505_shot_0449_img_0.jpg,2,1,1,0.5,0.0
Phi4-VL,mme_celebrity_tt0082198_shot_1353_img_0.jpg,2,1,1,0.5,0.0
Phi4-VL,mme_celebrity_tt0082971_shot_0831_img_0.jpg,2,1,1,0.5,0.0
Phi4-VL,mme_celebrity_tt0083658_shot_0963_img_0.jpg,2,1,1,0.5,0.0
Phi4-VL,mme_celebrity_tt0083866_shot_0364_img_0.jpg,2,1,1,0.5,0.0
Phi4-VL,mme_celebrity_tt0083929_shot_0405_img_0.jpg,2,1,1,0.5,0.0
Phi4-VL,mme_celebrity_tt0086879_shot_0158_img_0.jpg,2,1,1,0.5,0.0
Phi4-VL,mme_celebrity_tt0087469_shot_0049_img_2.jpg,2,1,1,0.5,0.0
Phi4-VL,mme_celebrity_tt0088993_shot_0569_img_0.jpg,2,1,1,0.5,0.0
Phi4-VL,mme_celebrity_tt0089218_shot_0327_img_0.jpg,2,1,1,0.5,0.0
Phi4-VL,mme_celebrity_tt0089881_shot_0034_img_0.jpg,2,1,1,0.5,0.0
Phi4-VL,mme_celebrity_tt0090022_shot_0464_img_0.jpg,2,1,1,0.5,0.0
Phi4-VL,mme_celebrity_tt0090605_shot_0344_img_0.jpg,2,1,1,0.5,0.0
Phi4-VL,mme_celebrity_tt0090756_shot_0135_img_0.jpg,2,1,1,0.5,0.0
Phi4-VL,mme_celebrity_tt0091042_shot_0098_img_0.jpg,2,1,1,0.5,0.0
Phi4-VL,mme_celebrity_tt0091738_shot_0073_img_1.jpg,2,1,1,0.5,0.0
Phi4-VL,mme_celebrity_tt0091867_shot_0422_img_2.jpg,2,1,1,0.5,0.0
Phi4-VL,mme_celebrity_tt0092099_shot_0455_img_1.jpg,2,1,1,0.5,0.0
Phi4-VL,mme_celebrity_tt0092699_shot_0208_img_0.jpg,2,1,1,0.5,0.0
Phi4-VL,mme_celebrity_tt0094226_shot_0237_img_2.jpg,2,1,1,0.5,0.0
Phi4-VL,mme_celebrity_tt0095765_shot_0008_img_0.jpg,2,1,1,0.5,0.0
Phi4-VL,mme_celebrity_tt0096320_shot_0085_img_0.jpg,2,1,1,0.5,0.0
Phi4-VL,mme_celebrity_tt0096754_shot_0570_img_1.jpg,2,1,1,0.5,0.0
Phi4-VL,mme_celebrity_tt0096895_shot_0819_img_1.jpg,2,1,1,0.5,0.0
Phi4-VL,mme_celebrity_tt0097216_shot_0381_img_0.jpg,2,1,1,0.5,0.0
Phi4-VL,mme_celebrity_tt0097428_shot_0106_img_0.jpg,2,1,1,0.5,0.0
Phi4-VL,mme_celebrity_tt0098635_shot_0556_img_0.jpg,2,1,1,0.5,0.0
Phi4-VL,mme_celebrity_tt0098724_shot_0474_img_0.jpg,2,1,1,0.5,0.0
Phi4-VL,mme_celebrity_tt0099423_shot_1010_img_0.jpg,2,1,1,0.5,0.0
Phi4-VL,mme_celebrity_tt0099487_shot_0123_img_0.jpg,2,1,1,0.5,0.0
Phi4-VL,mme_celebrity_tt0099674_shot_1356_img_0.jpg,2,1,1,0.5,0.0
Phi4-VL,mme_celebrity_tt0099685_shot_1132_img_0.jpg,2,1,1,0.5,0.0
Phi4-VL,mme_celebrity_tt0100157_shot_0365_img_0.jpg,2,1,1,0.5,0.0
Phi4-VL,mme_celebrity_tt0101410_shot_0105_img_0.jpg,2,1,1,0.5,0.0
Phi4-VL,mme_celebrity_tt0102492_shot_0086_img_0.jpg,2,1,1,0.5,0.0
Phi4-VL,mme_celebrity_tt0103064_shot_2602_img_1.jpg,2,1,1,0.5,0.0
Phi4-VL,mme_celebrity_tt0103776_shot_0719_img_0.jpg,2,1,1,0.5,0.0
Phi4-VL,mme_celebrity_tt0104036_shot_0336_img_1.jpg,2,1,1,0.5,0.0
Phi4-VL,mme_celebrity_tt0104257_shot_0477_img_0.jpg,2,1,1,0.5,0.0
Phi4-VL,mme_celebrity_tt0105236_shot_0193_img_0.jpg,2,1,1,0.5,0.0
Phi4-VL,mme_celebrity_tt0107614_shot_0116_img_0.jpg,2,1,1,0.5,0.0
Phi4-VL,mme_celebrity_tt0111280_shot_1479_img_2.jpg,2,1,1,0.5,0.0
Phi4-VL,mme_celebrity_tt0112384_shot_0878_img_0.jpg,2,1,1,0.5,0.0
Phi4-VL,mme_celebrity_tt0112641_shot_0412_img_1.jpg,2,1,1,0.5,0.0
Phi4-VL,mme_celebrity_tt0113101_shot_0547_img_0.jpg,2,1,1,0.5,0.0
Phi4-VL,mme_celebrity_tt0114388_shot_0162_img_0.jpg,2,1,1,0.5,0.0
Phi4-VL,mme_celebrity_tt0114388_shot_1207_img_1.jpg,2,1,1,0.5,0.0
Phi4-VL,mme_celebrity_tt0115798_shot_0844_img_1.jpg,2,1,1,0.5,0.0
Phi4-VL,mme_celebrity_tt0116367_shot_0755_img_0.jpg,2,1,1,0.5,0.0
Phi4-VL,mme_celebrity_tt0117381_shot_0798_img_1.jpg,2,1,1,0.5,0.0
Phi4-VL,mme_celebrity_tt0117500_shot_2467_img_0.jpg,2,1,1,0.5,0.0
Phi4-VL,mme_celebrity_tt0117571_shot_0475_img_0.jpg,2,1,1,0.5,0.0
Phi4-VL,mme_celebrity_tt0118636_shot_0344_img_0.jpg,2,1,1,0.5,0.0
Phi4-VL,mme_celebrity_tt0118655_shot_0279_img_0.jpg,2,1,1,0.5,0.0
Phi4-VL,mme_celebrity_tt0118655_shot_1152_img_2.jpg,2,1,1,0.5,0.0
Phi4-VL,mme_celebrity_tt0118689_shot_0706_img_0.jpg,2,1,1,0.5,0.0
Phi4-VL,mme_celebrity_tt0118749_shot_0795_img_0.jpg,2,1,1,0.5,0.0
Phi4-VL,mme_celebrity_tt0118971_shot_0679_img_0.jpg,2,1,1,0.5,0.0
Phi4-VL,mme_celebrity_tt0119094_shot_0446_img_2.jpg,2,1,1,0.5,0.0
Phi4-VL,mme_celebrity_tt0119738_shot_0201_img_0.jpg,2,1,1,0.5,0.0
Phi4-VL,mme_celebrity_tt0119822_shot_0878_img_0.jpg,2,1,1,0.5,0.0
Phi4-VL,mme_color_000000492362.jpg,2,1,1,0.5,0.0
Phi4-VL,mme_commonsense_reasoning_0005.png,2,1,1,0.5,0.0
Phi4-VL,mme_commonsense_reasoning_0009.png,2,1,1,0.5,0.0
Phi4-VL,mme_commonsense_reasoning_0011.png,2,1,1,0.5,0.0
Phi4-VL,mme_commonsense_reasoning_0015.png,2,1,1,0.5,0.0
Phi4-VL,mme_commonsense_reasoning_0023.png,2,1,1,0.5,0.0
Phi4-VL,mme_commonsense_reasoning_0024.png,2,1,1,0.5,0.0
Phi4-VL,mme_commonsense_reasoning_0029.png,2,1,1,0.5,0.0
Phi4-VL,mme_commonsense_reasoning_0030.png,2,1,1,0.5,0.0
Phi4-VL,mme_commonsense_reasoning_0032.png,2,1,1,0.5,0.0
Phi4-VL,mme_commonsense_reasoning_0034.png,2,1,1,0.5,0.0
Phi4-VL,mme_commonsense_reasoning_0038.png,2,1,1,0.5,0.0
Phi4-VL,mme_commonsense_reasoning_0039.png,2,1,1,0.5,0.0
Phi4-VL,mme_commonsense_reasoning_0041.png,2,1,1,0.5,0.0
Phi4-VL,mme_commonsense_reasoning_0043.png,2,1,1,0.5,0.0
Phi4-VL,mme_commonsense_reasoning_0045.png,2,1,1,0.5,0.0
Phi4-VL,mme_commonsense_reasoning_0047.png,2,1,1,0.5,0.0
Phi4-VL,mme_commonsense_reasoning_0053.png,2,1,1,0.5,0.0
Phi4-VL,mme_commonsense_reasoning_0054.png,2,1,1,0.5,0.0
Phi4-VL,mme_commonsense_reasoning_0062.png,2,1,1,0.5,0.0
Phi4-VL,mme_count_000000427034.jpg,2,1,1,0.5,0.0
Phi4-VL,mme_existence_000000438304.jpg,2,1,1,0.5,0.0
Phi4-VL,mme_landmark_006e3342b57aa3b4.jpg,2,1,1,0.5,0.0
Phi4-VL,mme_landmark_01b9b58a573c45f0.jpg,2,1,1,0.5,0.0
Phi4-VL,mme_numerical_calculation_0011.png,2,1,1,0.5,0.0
Phi4-VL,mme_numerical_calculation_0013.png,2,1,1,0.5,0.0
Phi4-VL,mme_position_000000006471.jpg,2,1,1,0.5,0.0
Phi4-VL,mme_position_000000007281.jpg,2,1,1,0.5,0.0
Phi4-VL,mme_position_000000031248.jpg,2,1,1,0.5,0.0
Phi4-VL,mme_position_000000048504.jpg,2,1,1,0.5,0.0
Phi4-VL,mme_position_000000062025.jpg,2,1,1,0.5,0.0
Phi4-VL,mme_position_000000062808.jpg,2,1,1,0.5,0.0
Phi4-VL,mme_position_000000097994.jpg,2,1,1,0.5,0.0
Phi4-VL,mme_position_000000212800.jpg,2,1,1,0.5,0.0
Phi4-VL,mme_position_000000395801.jpg,2,1,1,0.5,0.0
Phi4-VL,mme_position_000000477955.jpg,2,1,1,0.5,0.0
Phi4-VL,mme_position_000000509699.jpg,2,1,1,0.5,0.0
Phi4-VL,mme_posters_tt0067116.jpg,2,1,1,0.5,0.0
Phi4-VL,mme_posters_tt0070291.jpg,2,1,1,0.5,0.0
Phi4-VL,mme_posters_tt0074749.jpg,2,1,1,0.5,0.0
Phi4-VL,mme_posters_tt0083907.jpg,2,1,1,0.5,0.0
Phi4-VL,mme_posters_tt0100112.jpg,2,1,1,0.5,0.0
Phi4-VL,mme_posters_tt0100935.jpg,2,1,1,0.5,0.0
Phi4-VL,mme_posters_tt0258463.jpg,2,1,1,0.5,0.0
Phi4-VL,mme_posters_tt0264395.jpg,2,1,1,0.5,0.0
Phi4-VL,mme_posters_tt0369702.jpg,2,1,1,0.5,0.0
Phi4-VL,mme_posters_tt0433035.jpg,2,1,1,0.5,0.0
Phi4-VL,mme_posters_tt0449088.jpg,2,1,1,0.5,0.0
Phi4-VL,mme_posters_tt0450259.jpg,2,1,1,0.5,0.0
Phi4-VL,mme_posters_tt1099212.jpg,2,1,1,0.5,0.0
Phi4-VL,mme_posters_tt1971325.jpg,2,1,1,0.5,0.0
Phi4-VL,mme_posters_tt3700804.jpg,2,1,1,0.5,0.0
Phi4-VL,mme_posters_tt4046784.jpg,2,1,1,0.5,0.0
Phi4-VL,mme_text_translation_0010.png,2,1,1,0.5,0.0
Phi4-VL,pope_1722.jpg,2,1,1,0.5,0.0
Phi4-VL,pope_1784.jpg,2,1,1,0.5,0.0
Phi4-VL,pope_2652.jpg,2,1,1,0.5,0.0
Phi4-VL,pope_2980.jpg,2,1,1,0.5,0.0
Phi4-VL,pope_582.jpg,2,1,1,0.5,0.0
Phi4-VL,pope_638.jpg,2,1,1,0.5,0.0
Phi4-VL,pope_748.jpg,2,1,1,0.5,0.0
Phi4-VL,AMBER_492.jpg,5,2,3,0.4,0.09999999999999998
Phi4-VL,AMBER_746.jpg,5,2,3,0.4,0.09999999999999998
Phi4-VL,AMBER_93.jpg,5,2,3,0.4,0.09999999999999998
Phi4-VL,AMBER_841.jpg,3,2,1,0.6666666666666666,0.16666666666666663
Phi4-VL,AMBER_859.jpg,3,2,1,0.6666666666666666,0.16666666666666663
Phi4-VL,AMBER_953.jpg,3,2,1,0.6666666666666666,0.16666666666666663
Phi4-VL,hallusionbench_chart_14_1.png,3,2,1,0.6666666666666666,0.16666666666666663
Phi4-VL,hallusionbench_chart_14_2.png,3,2,1,0.6666666666666666,0.16666666666666663
Phi4-VL,hallusionbench_illusion_0_0.png,3,2,1,0.6666666666666666,0.16666666666666663
Phi4-VL,hallusionbench_illusion_11_0.png,3,2,1,0.6666666666666666,0.16666666666666663
Phi4-VL,hallusionbench_illusion_11_1.png,3,2,1,0.6666666666666666,0.16666666666666663
Phi4-VL,hallusionbench_illusion_1_0.png,3,2,1,0.6666666666666666,0.16666666666666663
Phi4-VL,hallusionbench_illusion_25_0.png,3,2,1,0.6666666666666666,0.16666666666666663
Phi4-VL,hallusionbench_illusion_5_0.png,3,2,1,0.6666666666666666,0.16666666666666663
Phi4-VL,hallusionbench_math_10_1.png,3,2,1,0.6666666666666666,0.16666666666666663
Phi4-VL,hallusionbench_math_11_0.png,3,2,1,0.6666666666666666,0.16666666666666663
Phi4-VL,hallusionbench_math_12_0.png,3,2,1,0.6666666666666666,0.16666666666666663
Phi4-VL,hallusionbench_math_14_1.png,3,2,1,0.6666666666666666,0.16666666666666663
Phi4-VL,hallusionbench_math_16_0.png,3,2,1,0.6666666666666666,0.16666666666666663
Phi4-VL,hallusionbench_math_16_1.png,3,2,1,0.6666666666666666,0.16666666666666663
Phi4-VL,hallusionbench_math_17_1.png,3,2,1,0.6666666666666666,0.16666666666666663
Phi4-VL,hallusionbench_math_5_0.png,3,2,1,0.6666666666666666,0.16666666666666663
Phi4-VL,hallusionbench_math_5_1.png,3,2,1,0.6666666666666666,0.16666666666666663
Phi4-VL,hallusionbench_math_6_1.png,3,2,1,0.6666666666666666,0.16666666666666663
Phi4-VL,hallusionbench_table_0_1.png,3,2,1,0.6666666666666666,0.16666666666666663
Phi4-VL,hallusionbench_table_0_2.png,3,2,1,0.6666666666666666,0.16666666666666663
Phi4-VL,hallusionbench_video_12_0.png,3,2,1,0.6666666666666666,0.16666666666666663
Phi4-VL,hallusionbench_video_12_1.png,3,2,1,0.6666666666666666,0.16666666666666663
Phi4-VL,hallusionbench_video_12_2.png,3,2,1,0.6666666666666666,0.16666666666666663
Phi4-VL,hallusionbench_video_2_1.png,3,2,1,0.6666666666666666,0.16666666666666663
Phi4-VL,AMBER_113.jpg,3,1,2,0.3333333333333333,0.16666666666666669
Phi4-VL,AMBER_127.jpg,6,2,4,0.3333333333333333,0.16666666666666669
Phi4-VL,AMBER_130.jpg,3,1,2,0.3333333333333333,0.16666666666666669
Phi4-VL,AMBER_134.jpg,3,1,2,0.3333333333333333,0.16666666666666669
Phi4-VL,AMBER_242.jpg,3,1,2,0.3333333333333333,0.16666666666666669
Phi4-VL,AMBER_257.jpg,3,1,2,0.3333333333333333,0.16666666666666669
Phi4-VL,AMBER_270.jpg,3,1,2,0.3333333333333333,0.16666666666666669
Phi4-VL,AMBER_297.jpg,3,1,2,0.3333333333333333,0.16666666666666669
Phi4-VL,AMBER_299.jpg,3,1,2,0.3333333333333333,0.16666666666666669
Phi4-VL,AMBER_345.jpg,3,1,2,0.3333333333333333,0.16666666666666669
Phi4-VL,AMBER_349.jpg,3,1,2,0.3333333333333333,0.16666666666666669
Phi4-VL,AMBER_401.jpg,3,1,2,0.3333333333333333,0.16666666666666669
Phi4-VL,AMBER_419.jpg,3,1,2,0.3333333333333333,0.16666666666666669
Phi4-VL,AMBER_427.jpg,3,1,2,0.3333333333333333,0.16666666666666669
Phi4-VL,AMBER_433.jpg,3,1,2,0.3333333333333333,0.16666666666666669
Phi4-VL,AMBER_480.jpg,3,1,2,0.3333333333333333,0.16666666666666669
Phi4-VL,AMBER_487.jpg,3,1,2,0.3333333333333333,0.16666666666666669
Phi4-VL,AMBER_495.jpg,3,1,2,0.3333333333333333,0.16666666666666669
Phi4-VL,AMBER_533.jpg,3,1,2,0.3333333333333333,0.16666666666666669
Phi4-VL,AMBER_540.jpg,3,1,2,0.3333333333333333,0.16666666666666669
Phi4-VL,AMBER_543.jpg,3,1,2,0.3333333333333333,0.16666666666666669
Phi4-VL,AMBER_552.jpg,3,1,2,0.3333333333333333,0.16666666666666669
Phi4-VL,AMBER_562.jpg,3,1,2,0.3333333333333333,0.16666666666666669
Phi4-VL,AMBER_588.jpg,6,2,4,0.3333333333333333,0.16666666666666669
Phi4-VL,AMBER_625.jpg,3,1,2,0.3333333333333333,0.16666666666666669
Phi4-VL,AMBER_636.jpg,3,1,2,0.3333333333333333,0.16666666666666669
Phi4-VL,AMBER_664.jpg,3,1,2,0.3333333333333333,0.16666666666666669
Phi4-VL,AMBER_666.jpg,3,1,2,0.3333333333333333,0.16666666666666669
Phi4-VL,AMBER_67.jpg,3,1,2,0.3333333333333333,0.16666666666666669
Phi4-VL,AMBER_682.jpg,3,1,2,0.3333333333333333,0.16666666666666669
Phi4-VL,AMBER_690.jpg,3,1,2,0.3333333333333333,0.16666666666666669
Phi4-VL,AMBER_693.jpg,3,1,2,0.3333333333333333,0.16666666666666669
Phi4-VL,AMBER_696.jpg,3,1,2,0.3333333333333333,0.16666666666666669
Phi4-VL,AMBER_722.jpg,3,1,2,0.3333333333333333,0.16666666666666669
Phi4-VL,AMBER_728.jpg,6,2,4,0.3333333333333333,0.16666666666666669
Phi4-VL,AMBER_735.jpg,3,1,2,0.3333333333333333,0.16666666666666669
Phi4-VL,AMBER_754.jpg,6,2,4,0.3333333333333333,0.16666666666666669
Phi4-VL,AMBER_759.jpg,3,1,2,0.3333333333333333,0.16666666666666669
Phi4-VL,AMBER_766.jpg,3,1,2,0.3333333333333333,0.16666666666666669
Phi4-VL,AMBER_800.jpg,3,1,2,0.3333333333333333,0.16666666666666669
Phi4-VL,AMBER_810.jpg,3,1,2,0.3333333333333333,0.16666666666666669
Phi4-VL,AMBER_862.jpg,3,1,2,0.3333333333333333,0.16666666666666669
Phi4-VL,AMBER_883.jpg,3,1,2,0.3333333333333333,0.16666666666666669
Phi4-VL,AMBER_948.jpg,3,1,2,0.3333333333333333,0.16666666666666669
Phi4-VL,hallusionbench_illusion_5_1.png,3,1,2,0.3333333333333333,0.16666666666666669
Phi4-VL,hallusionbench_map_8_2.png,3,1,2,0.3333333333333333,0.16666666666666669
Phi4-VL,hallusionbench_math_0_0.png,3,1,2,0.3333333333333333,0.16666666666666669
Phi4-VL,hallusionbench_math_0_1.png,3,1,2,0.3333333333333333,0.16666666666666669
Phi4-VL,hallusionbench_math_10_0.png,3,1,2,0.3333333333333333,0.16666666666666669
Phi4-VL,hallusionbench_math_11_1.png,3,1,2,0.3333333333333333,0.16666666666666669
Phi4-VL,hallusionbench_math_13_0.png,3,1,2,0.3333333333333333,0.16666666666666669
Phi4-VL,hallusionbench_math_14_0.png,3,1,2,0.3333333333333333,0.16666666666666669
Phi4-VL,hallusionbench_math_15_1.png,3,1,2,0.3333333333333333,0.16666666666666669
Phi4-VL,hallusionbench_table_2_3.png,3,1,2,0.3333333333333333,0.16666666666666669
Phi4-VL,hallusionbench_table_5_2.png,3,1,2,0.3333333333333333,0.16666666666666669
Phi4-VL,hallusionbench_video_13_0.png,3,1,2,0.3333333333333333,0.16666666666666669
Phi4-VL,hallusionbench_video_2_0.png,3,1,2,0.3333333333333333,0.16666666666666669
Phi4-VL,hallusionbench_video_9_0.png,3,1,2,0.3333333333333333,0.16666666666666669
Phi4-VL,AMBER_228.jpg,7,2,5,0.2857142857142857,0.2142857142857143
Phi4-VL,AMBER_102.jpg,8,2,6,0.25,0.25
Phi4-VL,AMBER_135.jpg,4,1,3,0.25,0.25
Phi4-VL,AMBER_141.jpg,4,1,3,0.25,0.25
Phi4-VL,AMBER_143.jpg,4,1,3,0.25,0.25
Phi4-VL,AMBER_144.jpg,4,1,3,0.25,0.25
Phi4-VL,AMBER_173.jpg,4,1,3,0.25,0.25
Phi4-VL,AMBER_175.jpg,4,1,3,0.25,0.25
Phi4-VL,AMBER_185.jpg,4,1,3,0.25,0.25
Phi4-VL,AMBER_19.jpg,4,1,3,0.25,0.25
Phi4-VL,AMBER_200.jpg,4,1,3,0.25,0.25
Phi4-VL,AMBER_224.jpg,4,1,3,0.25,0.25
Phi4-VL,AMBER_233.jpg,4,1,3,0.25,0.25
Phi4-VL,AMBER_234.jpg,4,1,3,0.25,0.25
Phi4-VL,AMBER_250.jpg,4,1,3,0.25,0.25
Phi4-VL,AMBER_283.jpg,4,1,3,0.25,0.25
Phi4-VL,AMBER_287.jpg,4,1,3,0.25,0.25
Phi4-VL,AMBER_295.jpg,4,1,3,0.25,0.25
Phi4-VL,AMBER_3.jpg,4,1,3,0.25,0.25
Phi4-VL,AMBER_309.jpg,4,1,3,0.25,0.25
Phi4-VL,AMBER_332.jpg,4,1,3,0.25,0.25
Phi4-VL,AMBER_344.jpg,4,1,3,0.25,0.25
Phi4-VL,AMBER_357.jpg,4,1,3,0.25,0.25
Phi4-VL,AMBER_37.jpg,4,1,3,0.25,0.25
Phi4-VL,AMBER_400.jpg,4,1,3,0.25,0.25
Phi4-VL,AMBER_403.jpg,4,1,3,0.25,0.25
Phi4-VL,AMBER_413.jpg,4,1,3,0.25,0.25
Phi4-VL,AMBER_426.jpg,4,1,3,0.25,0.25
Phi4-VL,AMBER_430.jpg,4,1,3,0.25,0.25
Phi4-VL,AMBER_443.jpg,4,1,3,0.25,0.25
Phi4-VL,AMBER_472.jpg,4,1,3,0.25,0.25
Phi4-VL,AMBER_498.jpg,4,1,3,0.25,0.25
Phi4-VL,AMBER_512.jpg,4,1,3,0.25,0.25
Phi4-VL,AMBER_523.jpg,4,1,3,0.25,0.25
Phi4-VL,AMBER_527.jpg,4,1,3,0.25,0.25
Phi4-VL,AMBER_529.jpg,4,1,3,0.25,0.25
Phi4-VL,AMBER_530.jpg,4,1,3,0.25,0.25
Phi4-VL,AMBER_545.jpg,4,1,3,0.25,0.25
Phi4-VL,AMBER_548.jpg,4,1,3,0.25,0.25
Phi4-VL,AMBER_554.jpg,4,1,3,0.25,0.25
Phi4-VL,AMBER_559.jpg,8,2,6,0.25,0.25
Phi4-VL,AMBER_566.jpg,4,1,3,0.25,0.25
Phi4-VL,AMBER_570.jpg,4,1,3,0.25,0.25
Phi4-VL,AMBER_575.jpg,4,1,3,0.25,0.25
Phi4-VL,AMBER_585.jpg,4,1,3,0.25,0.25
Phi4-VL,AMBER_601.jpg,4,1,3,0.25,0.25
Phi4-VL,AMBER_612.jpg,4,1,3,0.25,0.25
Phi4-VL,AMBER_615.jpg,4,1,3,0.25,0.25
Phi4-VL,AMBER_63.jpg,4,1,3,0.25,0.25
Phi4-VL,AMBER_631.jpg,4,1,3,0.25,0.25
Phi4-VL,AMBER_643.jpg,4,1,3,0.25,0.25
Phi4-VL,AMBER_656.jpg,4,1,3,0.25,0.25
Phi4-VL,AMBER_660.jpg,4,1,3,0.25,0.25
Phi4-VL,AMBER_669.jpg,4,1,3,0.25,0.25
Phi4-VL,AMBER_69.jpg,4,1,3,0.25,0.25
Phi4-VL,AMBER_699.jpg,4,1,3,0.25,0.25
Phi4-VL,AMBER_731.jpg,4,1,3,0.25,0.25
Phi4-VL,AMBER_740.jpg,4,1,3,0.25,0.25
Phi4-VL,AMBER_76.jpg,4,1,3,0.25,0.25
Phi4-VL,AMBER_778.jpg,4,1,3,0.25,0.25
Phi4-VL,AMBER_805.jpg,4,1,3,0.25,0.25
Phi4-VL,AMBER_82.jpg,4,1,3,0.25,0.25
Phi4-VL,AMBER_833.jpg,4,1,3,0.25,0.25
Phi4-VL,AMBER_861.jpg,4,1,3,0.25,0.25
Phi4-VL,AMBER_908.jpg,4,1,3,0.25,0.25
Phi4-VL,AMBER_914.jpg,4,1,3,0.25,0.25
Phi4-VL,AMBER_918.jpg,4,1,3,0.25,0.25
Phi4-VL,AMBER_967.jpg,4,1,3,0.25,0.25
Phi4-VL,hallusionbench_chart_10_2.png,4,1,3,0.25,0.25
Phi4-VL,hallusionbench_chart_1_1.png,8,2,6,0.25,0.25
Phi4-VL,hallusionbench_chart_4_1.png,4,1,3,0.25,0.25
Phi4-VL,hallusionbench_chart_5_1.png,4,1,3,0.25,0.25
Phi4-VL,hallusionbench_chart_5_2.png,4,1,3,0.25,0.25
Phi4-VL,hallusionbench_map_0_1.png,4,1,3,0.25,0.25
Phi4-VL,hallusionbench_table_6_1.png,4,1,3,0.25,0.25
Phi4-VL,hallusionbench_table_6_3.png,4,3,1,0.75,0.25
Phi4-VL,hallusionbench_video_10_0.png,4,1,3,0.25,0.25
Phi4-VL,hallusionbench_video_10_1.png,4,3,1,0.75,0.25
Phi4-VL,hallusionbench_video_10_2.png,4,3,1,0.75,0.25
Phi4-VL,hallusionbench_video_11_0.png,4,3,1,0.75,0.25
Phi4-VL,hallusionbench_video_11_1.png,4,1,3,0.25,0.25
Phi4-VL,hallusionbench_video_11_2.png,4,3,1,0.75,0.25
Phi4-VL,hallusionbench_video_14_0.png,4,3,1,0.75,0.25
Phi4-VL,hallusionbench_video_14_1.png,4,1,3,0.25,0.25
Phi4-VL,hallusionbench_video_14_2.png,4,3,1,0.75,0.25
Phi4-VL,hallusionbench_video_18_0.png,4,1,3,0.25,0.25
Phi4-VL,hallusionbench_video_18_1.png,4,3,1,0.75,0.25
Phi4-VL,hallusionbench_video_18_2.png,4,3,1,0.75,0.25
Phi4-VL,hallusionbench_video_6_0.png,4,1,3,0.25,0.25
Phi4-VL,hallusionbench_video_7_1.png,4,3,1,0.75,0.25
Phi4-VL,hallusionbench_video_8_0.png,4,1,3,0.25,0.25
Phi4-VL,hallusionbench_video_8_1.png,4,3,1,0.75,0.25
Phi4-VL,AMBER_1002.jpg,5,1,4,0.2,0.3
Phi4-VL,AMBER_107.jpg,5,1,4,0.2,0.3
Phi4-VL,AMBER_11.jpg,5,1,4,0.2,0.3
Phi4-VL,AMBER_110.jpg,5,1,4,0.2,0.3
Phi4-VL,AMBER_114.jpg,5,1,4,0.2,0.3
Phi4-VL,AMBER_168.jpg,5,1,4,0.2,0.3
Phi4-VL,AMBER_206.jpg,5,1,4,0.2,0.3
Phi4-VL,AMBER_214.jpg,5,1,4,0.2,0.3
Phi4-VL,AMBER_218.jpg,5,1,4,0.2,0.3
Phi4-VL,AMBER_247.jpg,5,1,4,0.2,0.3
Phi4-VL,AMBER_254.jpg,5,1,4,0.2,0.3
Phi4-VL,AMBER_338.jpg,5,1,4,0.2,0.3
Phi4-VL,AMBER_367.jpg,5,1,4,0.2,0.3
Phi4-VL,AMBER_389.jpg,5,1,4,0.2,0.3
Phi4-VL,AMBER_452.jpg,5,1,4,0.2,0.3
Phi4-VL,AMBER_457.jpg,5,1,4,0.2,0.3
Phi4-VL,AMBER_491.jpg,5,1,4,0.2,0.3
Phi4-VL,AMBER_505.jpg,5,1,4,0.2,0.3
Phi4-VL,AMBER_532.jpg,5,1,4,0.2,0.3
Phi4-VL,AMBER_544.jpg,5,1,4,0.2,0.3
Phi4-VL,AMBER_546.jpg,5,1,4,0.2,0.3
Phi4-VL,AMBER_565.jpg,5,1,4,0.2,0.3
Phi4-VL,AMBER_609.jpg,5,1,4,0.2,0.3
Phi4-VL,AMBER_611.jpg,5,1,4,0.2,0.3
Phi4-VL,AMBER_622.jpg,5,1,4,0.2,0.3
Phi4-VL,AMBER_726.jpg,5,1,4,0.2,0.3
Phi4-VL,AMBER_745.jpg,5,1,4,0.2,0.3
Phi4-VL,AMBER_749.jpg,5,1,4,0.2,0.3
Phi4-VL,AMBER_783.jpg,5,1,4,0.2,0.3
Phi4-VL,AMBER_834.jpg,5,1,4,0.2,0.3
Phi4-VL,AMBER_848.jpg,5,1,4,0.2,0.3
Phi4-VL,AMBER_943.jpg,5,1,4,0.2,0.3
Phi4-VL,AMBER_945.jpg,5,1,4,0.2,0.3
Phi4-VL,AMBER_975.jpg,5,1,4,0.2,0.3
Phi4-VL,AMBER_109.jpg,6,1,5,0.16666666666666666,0.33333333333333337
Phi4-VL,AMBER_199.jpg,6,1,5,0.16666666666666666,0.33333333333333337
Phi4-VL,AMBER_249.jpg,6,1,5,0.16666666666666666,0.33333333333333337
Phi4-VL,AMBER_305.jpg,6,1,5,0.16666666666666666,0.33333333333333337
Phi4-VL,AMBER_31.jpg,6,1,5,0.16666666666666666,0.33333333333333337
Phi4-VL,AMBER_319.jpg,6,1,5,0.16666666666666666,0.33333333333333337
Phi4-VL,AMBER_368.jpg,6,1,5,0.16666666666666666,0.33333333333333337
Phi4-VL,AMBER_371.jpg,6,1,5,0.16666666666666666,0.33333333333333337
Phi4-VL,AMBER_372.jpg,6,1,5,0.16666666666666666,0.33333333333333337
Phi4-VL,AMBER_374.jpg,6,1,5,0.16666666666666666,0.33333333333333337
Phi4-VL,AMBER_414.jpg,6,1,5,0.16666666666666666,0.33333333333333337
Phi4-VL,AMBER_418.jpg,6,1,5,0.16666666666666666,0.33333333333333337
Phi4-VL,AMBER_465.jpg,6,1,5,0.16666666666666666,0.33333333333333337
Phi4-VL,AMBER_473.jpg,6,1,5,0.16666666666666666,0.33333333333333337
Phi4-VL,AMBER_490.jpg,6,1,5,0.16666666666666666,0.33333333333333337
Phi4-VL,AMBER_497.jpg,6,1,5,0.16666666666666666,0.33333333333333337
Phi4-VL,AMBER_504.jpg,6,1,5,0.16666666666666666,0.33333333333333337
Phi4-VL,AMBER_579.jpg,6,1,5,0.16666666666666666,0.33333333333333337
Phi4-VL,AMBER_614.jpg,6,1,5,0.16666666666666666,0.33333333333333337
Phi4-VL,AMBER_673.jpg,6,1,5,0.16666666666666666,0.33333333333333337
Phi4-VL,AMBER_68.jpg,6,1,5,0.16666666666666666,0.33333333333333337
Phi4-VL,AMBER_7.jpg,6,1,5,0.16666666666666666,0.33333333333333337
Phi4-VL,AMBER_720.jpg,6,1,5,0.16666666666666666,0.33333333333333337
Phi4-VL,AMBER_790.jpg,6,1,5,0.16666666666666666,0.33333333333333337
Phi4-VL,AMBER_799.jpg,6,1,5,0.16666666666666666,0.33333333333333337
Phi4-VL,AMBER_817.jpg,6,1,5,0.16666666666666666,0.33333333333333337
Phi4-VL,AMBER_852.jpg,6,1,5,0.16666666666666666,0.33333333333333337
Phi4-VL,AMBER_938.jpg,6,1,5,0.16666666666666666,0.33333333333333337
Phi4-VL,AMBER_96.jpg,6,1,5,0.16666666666666666,0.33333333333333337
Phi4-VL,AMBER_99.jpg,6,1,5,0.16666666666666666,0.33333333333333337
Phi4-VL,AMBER_108.jpg,7,1,6,0.14285714285714285,0.35714285714285715
Phi4-VL,AMBER_131.jpg,7,1,6,0.14285714285714285,0.35714285714285715
Phi4-VL,AMBER_20.jpg,7,1,6,0.14285714285714285,0.35714285714285715
Phi4-VL,AMBER_223.jpg,7,1,6,0.14285714285714285,0.35714285714285715
Phi4-VL,AMBER_264.jpg,7,1,6,0.14285714285714285,0.35714285714285715
Phi4-VL,AMBER_291.jpg,7,1,6,0.14285714285714285,0.35714285714285715
Phi4-VL,AMBER_358.jpg,7,1,6,0.14285714285714285,0.35714285714285715
Phi4-VL,AMBER_415.jpg,7,1,6,0.14285714285714285,0.35714285714285715
Phi4-VL,AMBER_510.jpg,7,1,6,0.14285714285714285,0.35714285714285715
Phi4-VL,AMBER_57.jpg,7,1,6,0.14285714285714285,0.35714285714285715
Phi4-VL,AMBER_637.jpg,7,1,6,0.14285714285714285,0.35714285714285715
Phi4-VL,AMBER_645.jpg,7,1,6,0.14285714285714285,0.35714285714285715
Phi4-VL,AMBER_652.jpg,7,1,6,0.14285714285714285,0.35714285714285715
Phi4-VL,AMBER_680.jpg,7,1,6,0.14285714285714285,0.35714285714285715
Phi4-VL,AMBER_712.jpg,7,1,6,0.14285714285714285,0.35714285714285715
Phi4-VL,AMBER_801.jpg,7,1,6,0.14285714285714285,0.35714285714285715
Phi4-VL,AMBER_845.jpg,7,1,6,0.14285714285714285,0.35714285714285715
Phi4-VL,AMBER_98.jpg,7,1,6,0.14285714285714285,0.35714285714285715
Phi4-VL,AMBER_989.jpg,7,1,6,0.14285714285714285,0.35714285714285715
Phi4-VL,AMBER_47.jpg,8,1,7,0.125,0.375
Phi4-VL,AMBER_539.jpg,8,1,7,0.125,0.375
Phi4-VL,AMBER_58.jpg,8,1,7,0.125,0.375
Phi4-VL,AMBER_60.jpg,8,1,7,0.125,0.375
Phi4-VL,AMBER_140.jpg,9,1,8,0.1111111111111111,0.3888888888888889
Phi4-VL,AMBER_211.jpg,10,1,9,0.1,0.4
Phi4-VL,AMBER_89.jpg,11,1,10,0.09090909090909091,0.40909090909090906
Qwen2.5-VL-7B,AMBER_307.jpg,2,1,1,0.5,0.0
Qwen2.5-VL-7B,AMBER_639.jpg,2,1,1,0.5,0.0
Qwen2.5-VL-7B,AMBER_844.jpg,2,1,1,0.5,0.0
Qwen2.5-VL-7B,AMBER_869.jpg,2,1,1,0.5,0.0
Qwen2.5-VL-7B,AMBER_946.jpg,2,1,1,0.5,0.0
Qwen2.5-VL-7B,hallusionbench_chart_20_2.png,2,1,1,0.5,0.0
Qwen2.5-VL-7B,hallusionbench_illusion_10_1.png,2,1,1,0.5,0.0
Qwen2.5-VL-7B,hallusionbench_illusion_19_1.png,2,1,1,0.5,0.0
Qwen2.5-VL-7B,hallusionbench_illusion_30_0.png,2,1,1,0.5,0.0
Qwen2.5-VL-7B,hallusionbench_illusion_30_1.png,2,1,1,0.5,0.0
Qwen2.5-VL-7B,hallusionbench_illusion_7_0.png,2,1,1,0.5,0.0
Qwen2.5-VL-7B,hallusionbench_map_5_1.png,4,2,2,0.5,0.0
Qwen2.5-VL-7B,hallusionbench_map_5_2.png,4,2,2,0.5,0.0
Qwen2.5-VL-7B,hallusionbench_map_7_1.png,2,1,1,0.5,0.0
Qwen2.5-VL-7B,hallusionbench_map_7_2.png,2,1,1,0.5,0.0
Qwen2.5-VL-7B,hallusionbench_math_1_1.png,2,1,1,0.5,0.0
Qwen2.5-VL-7B,hallusionbench_math_4_1.png,2,1,1,0.5,0.0
Qwen2.5-VL-7B,hallusionbench_math_7_1.png,2,1,1,0.5,0.0
Qwen2.5-VL-7B,hallusionbench_math_9_1.png,2,1,1,0.5,0.0
Qwen2.5-VL-7B,hallusionbench_ocr_20_0.png,2,1,1,0.5,0.0
Qwen2.5-VL-7B,hallusionbench_ocr_20_1.png,2,1,1,0.5,0.0
Qwen2.5-VL-7B,hallusionbench_ocr_7_0.png,2,1,1,0.5,0.0
Qwen2.5-VL-7B,hallusionbench_table_6_3.png,4,2,2,0.5,0.0
Qwen2.5-VL-7B,hallusionbench_table_9_2.png,4,2,2,0.5,0.0
Qwen2.5-VL-7B,hallusionbench_video_10_1.png,4,2,2,0.5,0.0
Qwen2.5-VL-7B,hallusionbench_video_11_2.png,4,2,2,0.5,0.0
Qwen2.5-VL-7B,hallusionbench_video_14_2.png,4,2,2,0.5,0.0
Qwen2.5-VL-7B,hallusionbench_video_16_1.png,2,1,1,0.5,0.0
Qwen2.5-VL-7B,hallusionbench_video_18_1.png,4,2,2,0.5,0.0
Qwen2.5-VL-7B,hallusionbench_video_18_2.png,4,2,2,0.5,0.0
Qwen2.5-VL-7B,hallusionbench_video_4_2.png,4,2,2,0.5,0.0
Qwen2.5-VL-7B,hallusionbench_video_7_1.png,4,2,2,0.5,0.0
Qwen2.5-VL-7B,mme_artwork_22667.jpg,2,1,1,0.5,0.0
Qwen2.5-VL-7B,mme_artwork_34109.jpg,2,1,1,0.5,0.0
Qwen2.5-VL-7B,mme_celebrity_tt0032138_shot_0395_img_0.jpg,2,1,1,0.5,0.0
Qwen2.5-VL-7B,mme_celebrity_tt0047396_shot_0333_img_0.jpg,2,1,1,0.5,0.0
Qwen2.5-VL-7B,mme_celebrity_tt0062622_shot_0291_img_0.jpg,2,1,1,0.5,0.0
Qwen2.5-VL-7B,mme_celebrity_tt0064115_shot_0367_img_0.jpg,2,1,1,0.5,0.0
Qwen2.5-VL-7B,mme_celebrity_tt0065214_shot_0366_img_0.jpg,2,1,1,0.5,0.0
Qwen2.5-VL-7B,mme_celebrity_tt0066026_shot_0085_img_0.jpg,2,1,1,0.5,0.0
Qwen2.5-VL-7B,mme_celebrity_tt0070047_shot_0255_img_0.jpg,2,1,1,0.5,0.0
Qwen2.5-VL-7B,mme_celebrity_tt0073629_shot_0700_img_0.jpg,2,1,1,0.5,0.0
Qwen2.5-VL-7B,mme_celebrity_tt0074285_shot_0535_img_1.jpg,2,1,1,0.5,0.0
Qwen2.5-VL-7B,mme_celebrity_tt0075148_shot_0618_img_0.jpg,2,1,1,0.5,0.0
Qwen2.5-VL-7B,mme_celebrity_tt0077416_shot_1442_img_0.jpg,2,1,1,0.5,0.0
Qwen2.5-VL-7B,mme_celebrity_tt0078788_shot_1434_img_0.jpg,2,1,1,0.5,0.0
Qwen2.5-VL-7B,mme_celebrity_tt0079417_shot_0735_img_0.jpg,2,1,1,0.5,0.0
Qwen2.5-VL-7B,mme_celebrity_tt0079945_shot_1411_img_0.jpg,2,1,1,0.5,0.0
Qwen2.5-VL-7B,mme_celebrity_tt0080684_shot_1574_img_2.jpg,2,1,1,0.5,0.0
Qwen2.5-VL-7B,mme_celebrity_tt0083907_shot_0633_img_0.jpg,2,1,1,0.5,0.0
Qwen2.5-VL-7B,mme_celebrity_tt0087469_shot_0049_img_2.jpg,2,1,1,0.5,0.0
Qwen2.5-VL-7B,mme_celebrity_tt0088993_shot_0569_img_0.jpg,2,1,1,0.5,0.0
Qwen2.5-VL-7B,mme_celebrity_tt0090605_shot_0344_img_0.jpg,2,1,1,0.5,0.0
Qwen2.5-VL-7B,mme_celebrity_tt0091042_shot_0098_img_0.jpg,2,1,1,0.5,0.0
Qwen2.5-VL-7B,mme_celebrity_tt0091738_shot_0073_img_1.jpg,2,1,1,0.5,0.0
Qwen2.5-VL-7B,mme_celebrity_tt0091867_shot_0422_img_2.jpg,2,1,1,0.5,0.0
Qwen2.5-VL-7B,mme_celebrity_tt0092099_shot_0455_img_1.jpg,2,1,1,0.5,0.0
Qwen2.5-VL-7B,mme_celebrity_tt0093565_shot_0409_img_0.jpg,2,1,1,0.5,0.0
Qwen2.5-VL-7B,mme_celebrity_tt0093748_shot_0346_img_0.jpg,2,1,1,0.5,0.0
Qwen2.5-VL-7B,mme_celebrity_tt0093779_shot_1047_img_0.jpg,2,1,1,0.5,0.0
Qwen2.5-VL-7B,mme_celebrity_tt0094226_shot_0237_img_2.jpg,2,1,1,0.5,0.0
Qwen2.5-VL-7B,mme_celebrity_tt0095016_shot_1170_img_0.jpg,2,1,1,0.5,0.0
Qwen2.5-VL-7B,mme_celebrity_tt0095765_shot_0008_img_0.jpg,2,1,1,0.5,0.0
Qwen2.5-VL-7B,mme_celebrity_tt0096754_shot_0570_img_1.jpg,2,1,1,0.5,0.0
Qwen2.5-VL-7B,mme_celebrity_tt0096874_shot_0647_img_0.jpg,2,1,1,0.5,0.0
Qwen2.5-VL-7B,mme_celebrity_tt0096895_shot_0819_img_1.jpg,2,1,1,0.5,0.0
Qwen2.5-VL-7B,mme_celebrity_tt0097576_shot_1010_img_2.jpg,2,1,1,0.5,0.0
Qwen2.5-VL-7B,mme_celebrity_tt0098635_shot_0556_img_0.jpg,2,1,1,0.5,0.0
Qwen2.5-VL-7B,mme_celebrity_tt0100157_shot_0365_img_0.jpg,2,1,1,0.5,0.0
Qwen2.5-VL-7B,mme_celebrity_tt0102492_shot_0086_img_0.jpg,2,1,1,0.5,0.0
Qwen2.5-VL-7B,mme_celebrity_tt0103064_shot_1206_img_0.jpg,2,1,1,0.5,0.0
Qwen2.5-VL-7B,mme_celebrity_tt0103776_shot_0719_img_0.jpg,2,1,1,0.5,0.0
Qwen2.5-VL-7B,mme_celebrity_tt0104257_shot_0477_img_0.jpg,2,1,1,0.5,0.0
Qwen2.5-VL-7B,mme_celebrity_tt0105665_shot_0351_img_0.jpg,2,1,1,0.5,0.0
Qwen2.5-VL-7B,mme_celebrity_tt0111280_shot_1479_img_2.jpg,2,1,1,0.5,0.0
Qwen2.5-VL-7B,mme_celebrity_tt0112740_shot_1056_img_0.jpg,2,1,1,0.5,0.0
Qwen2.5-VL-7B,mme_celebrity_tt0114369_shot_1138_img_0.jpg,2,1,1,0.5,0.0
Qwen2.5-VL-7B,mme_celebrity_tt0115798_shot_0844_img_1.jpg,2,1,1,0.5,0.0
Qwen2.5-VL-7B,mme_celebrity_tt0117509_shot_0041_img_0.jpg,2,1,1,0.5,0.0
Qwen2.5-VL-7B,mme_celebrity_tt0118655_shot_1152_img_2.jpg,2,1,1,0.5,0.0
Qwen2.5-VL-7B,mme_celebrity_tt0118749_shot_0795_img_0.jpg,2,1,1,0.5,0.0
Qwen2.5-VL-7B,mme_celebrity_tt0118971_shot_0679_img_0.jpg,2,1,1,0.5,0.0
Qwen2.5-VL-7B,mme_celebrity_tt0119094_shot_0446_img_2.jpg,2,1,1,0.5,0.0
Qwen2.5-VL-7B,mme_celebrity_tt0119314_shot_0572_img_0.jpg,2,1,1,0.5,0.0
Qwen2.5-VL-7B,mme_celebrity_tt0119528_shot_0171_img_0.jpg,2,1,1,0.5,0.0
Qwen2.5-VL-7B,mme_celebrity_tt0119528_shot_0761_img_1.jpg,2,1,1,0.5,0.0
Qwen2.5-VL-7B,mme_color_000000492362.jpg,2,1,1,0.5,0.0
Qwen2.5-VL-7B,mme_commonsense_reasoning_0005.png,2,1,1,0.5,0.0
Qwen2.5-VL-7B,mme_commonsense_reasoning_0009.png,2,1,1,0.5,0.0
Qwen2.5-VL-7B,mme_commonsense_reasoning_0015.png,2,1,1,0.5,0.0
Qwen2.5-VL-7B,mme_commonsense_reasoning_0024.png,2,1,1,0.5,0.0
Qwen2.5-VL-7B,mme_commonsense_reasoning_0029.png,2,1,1,0.5,0.0
Qwen2.5-VL-7B,mme_commonsense_reasoning_0030.png,2,1,1,0.5,0.0
Qwen2.5-VL-7B,mme_commonsense_reasoning_0032.png,2,1,1,0.5,0.0
Qwen2.5-VL-7B,mme_commonsense_reasoning_0036.png,2,1,1,0.5,0.0
Qwen2.5-VL-7B,mme_commonsense_reasoning_0038.png,2,1,1,0.5,0.0
Qwen2.5-VL-7B,mme_commonsense_reasoning_0039.png,2,1,1,0.5,0.0
Qwen2.5-VL-7B,mme_commonsense_reasoning_0045.png,2,1,1,0.5,0.0
Qwen2.5-VL-7B,mme_commonsense_reasoning_0049.png,2,1,1,0.5,0.0
Qwen2.5-VL-7B,mme_commonsense_reasoning_0051.png,2,1,1,0.5,0.0
Qwen2.5-VL-7B,mme_commonsense_reasoning_0053.png,2,1,1,0.5,0.0
Qwen2.5-VL-7B,mme_commonsense_reasoning_0054.png,2,1,1,0.5,0.0
Qwen2.5-VL-7B,mme_commonsense_reasoning_0057.png,2,1,1,0.5,0.0
Qwen2.5-VL-7B,mme_commonsense_reasoning_0062.png,2,1,1,0.5,0.0
Qwen2.5-VL-7B,mme_count_000000071226.jpg,2,1,1,0.5,0.0
Qwen2.5-VL-7B,mme_count_000000427034.jpg,2,1,1,0.5,0.0
Qwen2.5-VL-7B,mme_landmark_006e3342b57aa3b4.jpg,2,1,1,0.5,0.0
Qwen2.5-VL-7B,mme_position_000000006471.jpg,2,1,1,0.5,0.0
Qwen2.5-VL-7B,mme_position_000000031248.jpg,2,1,1,0.5,0.0
Qwen2.5-VL-7B,mme_position_000000048504.jpg,2,1,1,0.5,0.0
Qwen2.5-VL-7B,mme_position_000000056127.jpg,2,1,1,0.5,0.0
Qwen2.5-VL-7B,mme_position_000000062025.jpg,2,1,1,0.5,0.0
Qwen2.5-VL-7B,mme_position_000000395801.jpg,2,1,1,0.5,0.0
Qwen2.5-VL-7B,mme_posters_tt0062622.jpg,2,1,1,0.5,0.0
Qwen2.5-VL-7B,mme_posters_tt0070291.jpg,2,1,1,0.5,0.0
Qwen2.5-VL-7B,mme_posters_tt0264395.jpg,2,1,1,0.5,0.0
Qwen2.5-VL-7B,mme_posters_tt0433035.jpg,2,1,1,0.5,0.0
Qwen2.5-VL-7B,mme_posters_tt1438176.jpg,2,1,1,0.5,0.0
Qwen2.5-VL-7B,mme_posters_tt1971325.jpg,2,1,1,0.5,0.0
Qwen2.5-VL-7B,mme_posters_tt2078768.jpg,2,1,1,0.5,0.0
Qwen2.5-VL-7B,mme_posters_tt3465916.jpg,2,1,1,0.5,0.0
Qwen2.5-VL-7B,mme_posters_tt3700804.jpg,2,1,1,0.5,0.0
Qwen2.5-VL-7B,mme_scene_Places365_val_00000114.jpg,2,1,1,0.5,0.0
Qwen2.5-VL-7B,mme_scene_Places365_val_00000181.jpg,2,1,1,0.5,0.0
Qwen2.5-VL-7B,pope_748.jpg,2,1,1,0.5,0.0
Qwen2.5-VL-7B,AMBER_85.jpg,5,2,3,0.4,0.09999999999999998
Qwen2.5-VL-7B,hallusionbench_chart_14_1.png,3,2,1,0.6666666666666666,0.16666666666666663
Qwen2.5-VL-7B,hallusionbench_illusion_11_0.png,3,2,1,0.6666666666666666,0.16666666666666663
Qwen2.5-VL-7B,hallusionbench_math_0_0.png,3,2,1,0.6666666666666666,0.16666666666666663
Qwen2.5-VL-7B,hallusionbench_math_0_1.png,3,2,1,0.6666666666666666,0.16666666666666663
Qwen2.5-VL-7B,hallusionbench_math_11_0.png,3,2,1,0.6666666666666666,0.16666666666666663
Qwen2.5-VL-7B,hallusionbench_math_11_1.png,3,2,1,0.6666666666666666,0.16666666666666663
Qwen2.5-VL-7B,hallusionbench_math_5_1.png,3,2,1,0.6666666666666666,0.16666666666666663
Qwen2.5-VL-7B,hallusionbench_video_12_1.png,3,2,1,0.6666666666666666,0.16666666666666663
Qwen2.5-VL-7B,hallusionbench_video_12_2.png,3,2,1,0.6666666666666666,0.16666666666666663
Qwen2.5-VL-7B,hallusionbench_video_9_0.png,3,2,1,0.6666666666666666,0.16666666666666663
Qwen2.5-VL-7B,AMBER_130.jpg,3,1,2,0.3333333333333333,0.16666666666666669
Qwen2.5-VL-7B,AMBER_134.jpg,3,1,2,0.3333333333333333,0.16666666666666669
Qwen2.5-VL-7B,AMBER_139.jpg,3,1,2,0.3333333333333333,0.16666666666666669
Qwen2.5-VL-7B,AMBER_158.jpg,3,1,2,0.3333333333333333,0.16666666666666669
Qwen2.5-VL-7B,AMBER_25.jpg,3,1,2,0.3333333333333333,0.16666666666666669
Qwen2.5-VL-7B,AMBER_297.jpg,3,1,2,0.3333333333333333,0.16666666666666669
Qwen2.5-VL-7B,AMBER_299.jpg,3,1,2,0.3333333333333333,0.16666666666666669
Qwen2.5-VL-7B,AMBER_360.jpg,3,1,2,0.3333333333333333,0.16666666666666669
Qwen2.5-VL-7B,AMBER_383.jpg,3,1,2,0.3333333333333333,0.16666666666666669
Qwen2.5-VL-7B,AMBER_419.jpg,3,1,2,0.3333333333333333,0.16666666666666669
Qwen2.5-VL-7B,AMBER_499.jpg,3,1,2,0.3333333333333333,0.16666666666666669
Qwen2.5-VL-7B,AMBER_552.jpg,3,1,2,0.3333333333333333,0.16666666666666669
Qwen2.5-VL-7B,AMBER_598.jpg,3,1,2,0.3333333333333333,0.16666666666666669
Qwen2.5-VL-7B,AMBER_625.jpg,3,1,2,0.3333333333333333,0.16666666666666669
Qwen2.5-VL-7B,AMBER_666.jpg,3,1,2,0.3333333333333333,0.16666666666666669
Qwen2.5-VL-7B,AMBER_67.jpg,3,1,2,0.3333333333333333,0.16666666666666669
Qwen2.5-VL-7B,AMBER_690.jpg,3,1,2,0.3333333333333333,0.16666666666666669
Qwen2.5-VL-7B,AMBER_722.jpg,3,1,2,0.3333333333333333,0.16666666666666669
Qwen2.5-VL-7B,AMBER_735.jpg,3,1,2,0.3333333333333333,0.16666666666666669
Qwen2.5-VL-7B,AMBER_766.jpg,3,1,2,0.3333333333333333,0.16666666666666669
Qwen2.5-VL-7B,AMBER_810.jpg,3,1,2,0.3333333333333333,0.16666666666666669
Qwen2.5-VL-7B,AMBER_841.jpg,3,1,2,0.3333333333333333,0.16666666666666669
Qwen2.5-VL-7B,hallusionbench_chart_14_2.png,3,1,2,0.3333333333333333,0.16666666666666669
Qwen2.5-VL-7B,hallusionbench_illusion_0_0.png,3,1,2,0.3333333333333333,0.16666666666666669
Qwen2.5-VL-7B,hallusionbench_illusion_11_1.png,3,1,2,0.3333333333333333,0.16666666666666669
Qwen2.5-VL-7B,hallusionbench_illusion_1_0.png,3,1,2,0.3333333333333333,0.16666666666666669
Qwen2.5-VL-7B,hallusionbench_illusion_25_0.png,3,1,2,0.3333333333333333,0.16666666666666669
Qwen2.5-VL-7B,hallusionbench_illusion_5_0.png,3,1,2,0.3333333333333333,0.16666666666666669
Qwen2.5-VL-7B,hallusionbench_illusion_5_1.png,3,1,2,0.3333333333333333,0.16666666666666669
Qwen2.5-VL-7B,hallusionbench_map_8_2.png,3,1,2,0.3333333333333333,0.16666666666666669
Qwen2.5-VL-7B,hallusionbench_math_10_1.png,3,1,2,0.3333333333333333,0.16666666666666669
Qwen2.5-VL-7B,hallusionbench_math_12_1.png,3,1,2,0.3333333333333333,0.16666666666666669
Qwen2.5-VL-7B,hallusionbench_math_13_0.png,3,1,2,0.3333333333333333,0.16666666666666669
Qwen2.5-VL-7B,hallusionbench_math_14_0.png,3,1,2,0.3333333333333333,0.16666666666666669
Qwen2.5-VL-7B,hallusionbench_math_15_0.png,3,1,2,0.3333333333333333,0.16666666666666669
Qwen2.5-VL-7B,hallusionbench_math_17_0.png,3,1,2,0.3333333333333333,0.16666666666666669
Qwen2.5-VL-7B,hallusionbench_math_17_1.png,3,1,2,0.3333333333333333,0.16666666666666669
Qwen2.5-VL-7B,hallusionbench_math_3_0.png,3,1,2,0.3333333333333333,0.16666666666666669
Qwen2.5-VL-7B,hallusionbench_math_3_1.png,3,1,2,0.3333333333333333,0.16666666666666669
Qwen2.5-VL-7B,hallusionbench_math_5_0.png,3,1,2,0.3333333333333333,0.16666666666666669
Qwen2.5-VL-7B,hallusionbench_math_6_1.png,3,1,2,0.3333333333333333,0.16666666666666669
Qwen2.5-VL-7B,hallusionbench_table_2_3.png,3,1,2,0.3333333333333333,0.16666666666666669
Qwen2.5-VL-7B,hallusionbench_video_13_0.png,3,1,2,0.3333333333333333,0.16666666666666669
Qwen2.5-VL-7B,hallusionbench_video_2_0.png,3,1,2,0.3333333333333333,0.16666666666666669
Qwen2.5-VL-7B,AMBER_645.jpg,7,2,5,0.2857142857142857,0.2142857142857143
Qwen2.5-VL-7B,AMBER_101.jpg,4,1,3,0.25,0.25
Qwen2.5-VL-7B,AMBER_120.jpg,4,1,3,0.25,0.25
Qwen2.5-VL-7B,AMBER_144.jpg,4,1,3,0.25,0.25
Qwen2.5-VL-7B,AMBER_185.jpg,4,1,3,0.25,0.25
Qwen2.5-VL-7B,AMBER_19.jpg,4,1,3,0.25,0.25
Qwen2.5-VL-7B,AMBER_22.jpg,4,1,3,0.25,0.25
Qwen2.5-VL-7B,AMBER_292.jpg,4,1,3,0.25,0.25
Qwen2.5-VL-7B,AMBER_3.jpg,4,1,3,0.25,0.25
Qwen2.5-VL-7B,AMBER_426.jpg,4,1,3,0.25,0.25
Qwen2.5-VL-7B,AMBER_498.jpg,4,1,3,0.25,0.25
Qwen2.5-VL-7B,AMBER_512.jpg,4,1,3,0.25,0.25
Qwen2.5-VL-7B,AMBER_527.jpg,4,1,3,0.25,0.25
Qwen2.5-VL-7B,AMBER_545.jpg,4,1,3,0.25,0.25
Qwen2.5-VL-7B,AMBER_575.jpg,4,1,3,0.25,0.25
Qwen2.5-VL-7B,AMBER_601.jpg,4,1,3,0.25,0.25
Qwen2.5-VL-7B,AMBER_63.jpg,4,1,3,0.25,0.25
Qwen2.5-VL-7B,AMBER_656.jpg,4,1,3,0.25,0.25
Qwen2.5-VL-7B,AMBER_660.jpg,4,1,3,0.25,0.25
Qwen2.5-VL-7B,AMBER_669.jpg,4,1,3,0.25,0.25
Qwen2.5-VL-7B,AMBER_69.jpg,4,1,3,0.25,0.25
Qwen2.5-VL-7B,AMBER_699.jpg,4,1,3,0.25,0.25
Qwen2.5-VL-7B,AMBER_78.jpg,4,1,3,0.25,0.25
Qwen2.5-VL-7B,AMBER_805.jpg,4,1,3,0.25,0.25
Qwen2.5-VL-7B,AMBER_846.jpg,4,1,3,0.25,0.25
Qwen2.5-VL-7B,AMBER_861.jpg,4,1,3,0.25,0.25
Qwen2.5-VL-7B,AMBER_864.jpg,4,1,3,0.25,0.25
Qwen2.5-VL-7B,AMBER_911.jpg,4,1,3,0.25,0.25
Qwen2.5-VL-7B,AMBER_914.jpg,4,1,3,0.25,0.25
Qwen2.5-VL-7B,AMBER_923.jpg,4,1,3,0.25,0.25
Qwen2.5-VL-7B,AMBER_935.jpg,4,1,3,0.25,0.25
Qwen2.5-VL-7B,AMBER_967.jpg,4,1,3,0.25,0.25
Qwen2.5-VL-7B,hallusionbench_chart_0_1.png,4,1,3,0.25,0.25
Qwen2.5-VL-7B,hallusionbench_chart_10_2.png,4,1,3,0.25,0.25
Qwen2.5-VL-7B,hallusionbench_chart_1_1.png,8,2,6,0.25,0.25
Qwen2.5-VL-7B,hallusionbench_chart_2_1.png,8,2,6,0.25,0.25
Qwen2.5-VL-7B,hallusionbench_chart_5_2.png,4,1,3,0.25,0.25
Qwen2.5-VL-7B,hallusionbench_chart_9_1.png,4,1,3,0.25,0.25
Qwen2.5-VL-7B,hallusionbench_chart_9_2.png,4,3,1,0.75,0.25
Qwen2.5-VL-7B,hallusionbench_table_6_1.png,4,1,3,0.25,0.25
Qwen2.5-VL-7B,hallusionbench_table_6_2.png,4,1,3,0.25,0.25
Qwen2.5-VL-7B,hallusionbench_video_10_0.png,4,1,3,0.25,0.25
Qwen2.5-VL-7B,hallusionbench_video_11_0.png,4,3,1,0.75,0.25
Qwen2.5-VL-7B,hallusionbench_video_11_1.png,4,1,3,0.25,0.25
Qwen2.5-VL-7B,hallusionbench_video_14_0.png,4,1,3,0.25,0.25
Qwen2.5-VL-7B,hallusionbench_video_14_1.png,4,1,3,0.25,0.25
Qwen2.5-VL-7B,hallusionbench_video_17_1.png,4,1,3,0.25,0.25
Qwen2.5-VL-7B,hallusionbench_video_19_0.png,4,1,3,0.25,0.25
Qwen2.5-VL-7B,hallusionbench_video_19_1.png,4,1,3,0.25,0.25
Qwen2.5-VL-7B,hallusionbench_video_1_0.png,4,1,3,0.25,0.25
Qwen2.5-VL-7B,hallusionbench_video_1_1.png,4,1,3,0.25,0.25
Qwen2.5-VL-7B,hallusionbench_video_1_2.png,4,1,3,0.25,0.25
Qwen2.5-VL-7B,hallusionbench_video_3_1.png,4,1,3,0.25,0.25
Qwen2.5-VL-7B,hallusionbench_video_4_0.png,4,1,3,0.25,0.25
Qwen2.5-VL-7B,hallusionbench_video_4_1.png,4,1,3,0.25,0.25
Qwen2.5-VL-7B,hallusionbench_video_5_0.png,4,1,3,0.25,0.25
Qwen2.5-VL-7B,hallusionbench_video_5_1.png,4,1,3,0.25,0.25
Qwen2.5-VL-7B,hallusionbench_video_6_1.png,4,1,3,0.25,0.25
Qwen2.5-VL-7B,hallusionbench_video_7_0.png,4,1,3,0.25,0.25
Qwen2.5-VL-7B,hallusionbench_video_8_0.png,4,1,3,0.25,0.25
Qwen2.5-VL-7B,hallusionbench_video_8_1.png,4,1,3,0.25,0.25
Qwen2.5-VL-7B,AMBER_107.jpg,5,1,4,0.2,0.3
Qwen2.5-VL-7B,AMBER_110.jpg,5,1,4,0.2,0.3
Qwen2.5-VL-7B,AMBER_114.jpg,5,1,4,0.2,0.3
Qwen2.5-VL-7B,AMBER_119.jpg,5,1,4,0.2,0.3
Qwen2.5-VL-7B,AMBER_125.jpg,5,1,4,0.2,0.3
Qwen2.5-VL-7B,AMBER_16.jpg,5,1,4,0.2,0.3
Qwen2.5-VL-7B,AMBER_168.jpg,5,1,4,0.2,0.3
Qwen2.5-VL-7B,AMBER_214.jpg,5,1,4,0.2,0.3
Qwen2.5-VL-7B,AMBER_236.jpg,5,1,4,0.2,0.3
Qwen2.5-VL-7B,AMBER_247.jpg,5,1,4,0.2,0.3
Qwen2.5-VL-7B,AMBER_284.jpg,5,1,4,0.2,0.3
Qwen2.5-VL-7B,AMBER_315.jpg,5,1,4,0.2,0.3
Qwen2.5-VL-7B,AMBER_338.jpg,5,1,4,0.2,0.3
Qwen2.5-VL-7B,AMBER_48.jpg,5,1,4,0.2,0.3
Qwen2.5-VL-7B,AMBER_538.jpg,5,1,4,0.2,0.3
Qwen2.5-VL-7B,AMBER_546.jpg,5,1,4,0.2,0.3
Qwen2.5-VL-7B,AMBER_565.jpg,5,1,4,0.2,0.3
Qwen2.5-VL-7B,AMBER_594.jpg,5,1,4,0.2,0.3
Qwen2.5-VL-7B,AMBER_595.jpg,5,1,4,0.2,0.3
Qwen2.5-VL-7B,AMBER_61.jpg,5,1,4,0.2,0.3
Qwen2.5-VL-7B,AMBER_71.jpg,5,1,4,0.2,0.3
Qwen2.5-VL-7B,AMBER_726.jpg,5,1,4,0.2,0.3
Qwen2.5-VL-7B,AMBER_746.jpg,5,1,4,0.2,0.3
Qwen2.5-VL-7B,AMBER_749.jpg,5,1,4,0.2,0.3
Qwen2.5-VL-7B,AMBER_848.jpg,5,1,4,0.2,0.3
Qwen2.5-VL-7B,AMBER_885.jpg,5,1,4,0.2,0.3
Qwen2.5-VL-7B,AMBER_93.jpg,5,1,4,0.2,0.3
Qwen2.5-VL-7B,AMBER_943.jpg,5,1,4,0.2,0.3
Qwen2.5-VL-7B,AMBER_945.jpg,5,1,4,0.2,0.3
Qwen2.5-VL-7B,AMBER_964.jpg,5,1,4,0.2,0.3
Qwen2.5-VL-7B,AMBER_89.jpg,11,2,9,0.18181818181818182,0.3181818181818182
Qwen2.5-VL-7B,AMBER_127.jpg,6,1,5,0.16666666666666666,0.33333333333333337
Qwen2.5-VL-7B,AMBER_199.jpg,6,1,5,0.16666666666666666,0.33333333333333337
Qwen2.5-VL-7B,AMBER_207.jpg,6,1,5,0.16666666666666666,0.33333333333333337
Qwen2.5-VL-7B,AMBER_249.jpg,6,1,5,0.16666666666666666,0.33333333333333337
Qwen2.5-VL-7B,AMBER_255.jpg,6,1,5,0.16666666666666666,0.33333333333333337
Qwen2.5-VL-7B,AMBER_374.jpg,6,1,5,0.16666666666666666,0.33333333333333337
Qwen2.5-VL-7B,AMBER_462.jpg,6,1,5,0.16666666666666666,0.33333333333333337
Qwen2.5-VL-7B,AMBER_465.jpg,6,1,5,0.16666666666666666,0.33333333333333337
Qwen2.5-VL-7B,AMBER_588.jpg,6,1,5,0.16666666666666666,0.33333333333333337
Qwen2.5-VL-7B,AMBER_6.jpg,6,1,5,0.16666666666666666,0.33333333333333337
Qwen2.5-VL-7B,AMBER_655.jpg,6,1,5,0.16666666666666666,0.33333333333333337
Qwen2.5-VL-7B,AMBER_670.jpg,6,1,5,0.16666666666666666,0.33333333333333337
Qwen2.5-VL-7B,AMBER_7.jpg,6,1,5,0.16666666666666666,0.33333333333333337
Qwen2.5-VL-7B,AMBER_720.jpg,6,1,5,0.16666666666666666,0.33333333333333337
Qwen2.5-VL-7B,AMBER_728.jpg,6,1,5,0.16666666666666666,0.33333333333333337
Qwen2.5-VL-7B,AMBER_897.jpg,6,1,5,0.16666666666666666,0.33333333333333337
Qwen2.5-VL-7B,AMBER_96.jpg,6,1,5,0.16666666666666666,0.33333333333333337
Qwen2.5-VL-7B,AMBER_1.jpg,7,1,6,0.14285714285714285,0.35714285714285715
Qwen2.5-VL-7B,AMBER_150.jpg,7,1,6,0.14285714285714285,0.35714285714285715
Qwen2.5-VL-7B,AMBER_20.jpg,7,1,6,0.14285714285714285,0.35714285714285715
Qwen2.5-VL-7B,AMBER_415.jpg,7,1,6,0.14285714285714285,0.35714285714285715
Qwen2.5-VL-7B,AMBER_510.jpg,7,1,6,0.14285714285714285,0.35714285714285715
Qwen2.5-VL-7B,AMBER_845.jpg,7,1,6,0.14285714285714285,0.35714285714285715
Qwen2.5-VL-7B,AMBER_934.jpg,7,1,6,0.14285714285714285,0.35714285714285715
Qwen2.5-VL-7B,AMBER_98.jpg,7,1,6,0.14285714285714285,0.35714285714285715
Qwen2.5-VL-7B,AMBER_989.jpg,7,1,6,0.14285714285714285,0.35714285714285715
Qwen2.5-VL-7B,AMBER_47.jpg,8,1,7,0.125,0.375
Qwen2.5-VL-7B,AMBER_539.jpg,8,1,7,0.125,0.375
Qwen2.5-VL-7B,AMBER_559.jpg,8,1,7,0.125,0.375
Qwen2.5-VL-7B,AMBER_58.jpg,8,1,7,0.125,0.375
Qwen2.5-VL-7B,AMBER_619.jpg,8,1,7,0.125,0.375
Qwen2.5-VL-7B,AMBER_823.jpg,8,1,7,0.125,0.375
Qwen2.5-VL-7B,AMBER_140.jpg,9,1,8,0.1111111111111111,0.3888888888888889
SmolVLM2-2.2B,AMBER_120.jpg,4,2,2,0.5,0.0
SmolVLM2-2.2B,AMBER_127.jpg,6,3,3,0.5,0.0
SmolVLM2-2.2B,AMBER_179.jpg,2,1,1,0.5,0.0
SmolVLM2-2.2B,AMBER_182.jpg,2,1,1,0.5,0.0
SmolVLM2-2.2B,AMBER_194.jpg,2,1,1,0.5,0.0
SmolVLM2-2.2B,AMBER_233.jpg,4,2,2,0.5,0.0
SmolVLM2-2.2B,AMBER_249.jpg,6,3,3,0.5,0.0
SmolVLM2-2.2B,AMBER_267.jpg,4,2,2,0.5,0.0
SmolVLM2-2.2B,AMBER_307.jpg,2,1,1,0.5,0.0
SmolVLM2-2.2B,AMBER_33.jpg,2,1,1,0.5,0.0
SmolVLM2-2.2B,AMBER_330.jpg,2,1,1,0.5,0.0
SmolVLM2-2.2B,AMBER_355.jpg,2,1,1,0.5,0.0
SmolVLM2-2.2B,AMBER_366.jpg,4,2,2,0.5,0.0
SmolVLM2-2.2B,AMBER_377.jpg,2,1,1,0.5,0.0
SmolVLM2-2.2B,AMBER_378.jpg,2,1,1,0.5,0.0
SmolVLM2-2.2B,AMBER_438.jpg,4,2,2,0.5,0.0
SmolVLM2-2.2B,AMBER_469.jpg,4,2,2,0.5,0.0
SmolVLM2-2.2B,AMBER_478.jpg,2,1,1,0.5,0.0
SmolVLM2-2.2B,AMBER_50.jpg,8,4,4,0.5,0.0
SmolVLM2-2.2B,AMBER_512.jpg,4,2,2,0.5,0.0
SmolVLM2-2.2B,AMBER_537.jpg,2,1,1,0.5,0.0
SmolVLM2-2.2B,AMBER_570.jpg,4,2,2,0.5,0.0
SmolVLM2-2.2B,AMBER_571.jpg,2,1,1,0.5,0.0
SmolVLM2-2.2B,AMBER_575.jpg,4,2,2,0.5,0.0
SmolVLM2-2.2B,AMBER_580.jpg,4,2,2,0.5,0.0
SmolVLM2-2.2B,AMBER_582.jpg,2,1,1,0.5,0.0
SmolVLM2-2.2B,AMBER_63.jpg,4,2,2,0.5,0.0
SmolVLM2-2.2B,AMBER_639.jpg,2,1,1,0.5,0.0
SmolVLM2-2.2B,AMBER_65.jpg,2,1,1,0.5,0.0
SmolVLM2-2.2B,AMBER_657.jpg,4,2,2,0.5,0.0
SmolVLM2-2.2B,AMBER_662.jpg,6,3,3,0.5,0.0
SmolVLM2-2.2B,AMBER_671.jpg,4,2,2,0.5,0.0
SmolVLM2-2.2B,AMBER_681.jpg,2,1,1,0.5,0.0
SmolVLM2-2.2B,AMBER_691.jpg,2,1,1,0.5,0.0
SmolVLM2-2.2B,AMBER_733.jpg,2,1,1,0.5,0.0
SmolVLM2-2.2B,AMBER_739.jpg,2,1,1,0.5,0.0
SmolVLM2-2.2B,AMBER_802.jpg,2,1,1,0.5,0.0
SmolVLM2-2.2B,AMBER_805.jpg,4,2,2,0.5,0.0
SmolVLM2-2.2B,AMBER_844.jpg,2,1,1,0.5,0.0
SmolVLM2-2.2B,AMBER_873.jpg,4,2,2,0.5,0.0
SmolVLM2-2.2B,AMBER_874.jpg,2,1,1,0.5,0.0
SmolVLM2-2.2B,AMBER_88.jpg,4,2,2,0.5,0.0
SmolVLM2-2.2B,AMBER_888.jpg,2,1,1,0.5,0.0
SmolVLM2-2.2B,AMBER_892.jpg,4,2,2,0.5,0.0
SmolVLM2-2.2B,AMBER_921.jpg,2,1,1,0.5,0.0
SmolVLM2-2.2B,AMBER_94.jpg,4,2,2,0.5,0.0
SmolVLM2-2.2B,AMBER_940.jpg,2,1,1,0.5,0.0
SmolVLM2-2.2B,AMBER_946.jpg,2,1,1,0.5,0.0
SmolVLM2-2.2B,AMBER_979.jpg,2,1,1,0.5,0.0
SmolVLM2-2.2B,AMBER_993.jpg,2,1,1,0.5,0.0
SmolVLM2-2.2B,hallusionbench_chart_10_1.png,4,2,2,0.5,0.0
SmolVLM2-2.2B,hallusionbench_chart_10_2.png,4,2,2,0.5,0.0
SmolVLM2-2.2B,hallusionbench_chart_13_2.png,2,1,1,0.5,0.0
SmolVLM2-2.2B,hallusionbench_chart_19_1.png,2,1,1,0.5,0.0
SmolVLM2-2.2B,hallusionbench_chart_19_2.png,2,1,1,0.5,0.0
SmolVLM2-2.2B,hallusionbench_chart_20_1.png,2,1,1,0.5,0.0
SmolVLM2-2.2B,hallusionbench_chart_20_2.png,2,1,1,0.5,0.0
SmolVLM2-2.2B,hallusionbench_chart_5_2.png,4,2,2,0.5,0.0
SmolVLM2-2.2B,hallusionbench_figure_15_0.png,2,1,1,0.5,0.0
SmolVLM2-2.2B,hallusionbench_illusion_7_0.png,2,1,1,0.5,0.0
SmolVLM2-2.2B,hallusionbench_map_0_1.png,4,2,2,0.5,0.0
SmolVLM2-2.2B,hallusionbench_map_0_2.png,4,2,2,0.5,0.0
SmolVLM2-2.2B,hallusionbench_map_5_1.png,4,2,2,0.5,0.0
SmolVLM2-2.2B,hallusionbench_map_5_2.png,4,2,2,0.5,0.0
SmolVLM2-2.2B,hallusionbench_map_7_1.png,2,1,1,0.5,0.0
SmolVLM2-2.2B,hallusionbench_map_7_2.png,2,1,1,0.5,0.0
SmolVLM2-2.2B,hallusionbench_map_9_1.png,2,1,1,0.5,0.0
SmolVLM2-2.2B,hallusionbench_math_1_0.png,2,1,1,0.5,0.0
SmolVLM2-2.2B,hallusionbench_math_1_1.png,2,1,1,0.5,0.0
SmolVLM2-2.2B,hallusionbench_math_7_1.png,2,1,1,0.5,0.0
SmolVLM2-2.2B,hallusionbench_math_9_1.png,2,1,1,0.5,0.0
SmolVLM2-2.2B,hallusionbench_ocr_20_0.png,2,1,1,0.5,0.0
SmolVLM2-2.2B,hallusionbench_ocr_20_1.png,2,1,1,0.5,0.0
SmolVLM2-2.2B,hallusionbench_ocr_7_0.png,2,1,1,0.5,0.0
SmolVLM2-2.2B,hallusionbench_table_6_1.png,4,2,2,0.5,0.0
SmolVLM2-2.2B,hallusionbench_table_6_2.png,4,2,2,0.5,0.0
SmolVLM2-2.2B,hallusionbench_table_6_3.png,4,2,2,0.5,0.0
SmolVLM2-2.2B,hallusionbench_table_8_1.png,2,1,1,0.5,0.0
SmolVLM2-2.2B,hallusionbench_table_8_2.png,2,1,1,0.5,0.0
SmolVLM2-2.2B,hallusionbench_table_8_3.png,2,1,1,0.5,0.0
SmolVLM2-2.2B,hallusionbench_table_9_1.png,4,2,2,0.5,0.0
SmolVLM2-2.2B,hallusionbench_table_9_2.png,4,2,2,0.5,0.0
SmolVLM2-2.2B,hallusionbench_video_10_0.png,4,2,2,0.5,0.0
SmolVLM2-2.2B,hallusionbench_video_10_1.png,4,2,2,0.5,0.0
SmolVLM2-2.2B,hallusionbench_video_11_0.png,4,2,2,0.5,0.0
SmolVLM2-2.2B,hallusionbench_video_11_1.png,4,2,2,0.5,0.0
SmolVLM2-2.2B,hallusionbench_video_11_2.png,4,2,2,0.5,0.0
SmolVLM2-2.2B,hallusionbench_video_14_0.png,4,2,2,0.5,0.0
SmolVLM2-2.2B,hallusionbench_video_14_1.png,4,2,2,0.5,0.0
SmolVLM2-2.2B,hallusionbench_video_14_2.png,4,2,2,0.5,0.0
SmolVLM2-2.2B,hallusionbench_video_15_0.png,2,1,1,0.5,0.0
SmolVLM2-2.2B,hallusionbench_video_15_1.png,2,1,1,0.5,0.0
SmolVLM2-2.2B,hallusionbench_video_16_0.png,2,1,1,0.5,0.0
SmolVLM2-2.2B,hallusionbench_video_16_1.png,2,1,1,0.5,0.0
SmolVLM2-2.2B,hallusionbench_video_17_0.png,4,2,2,0.5,0.0
SmolVLM2-2.2B,hallusionbench_video_17_1.png,4,2,2,0.5,0.0
SmolVLM2-2.2B,hallusionbench_video_18_0.png,4,2,2,0.5,0.0
SmolVLM2-2.2B,hallusionbench_video_18_1.png,4,2,2,0.5,0.0
SmolVLM2-2.2B,hallusionbench_video_18_2.png,4,2,2,0.5,0.0
SmolVLM2-2.2B,hallusionbench_video_19_0.png,4,2,2,0.5,0.0
SmolVLM2-2.2B,hallusionbench_video_19_1.png,4,2,2,0.5,0.0
SmolVLM2-2.2B,hallusionbench_video_19_2.png,4,2,2,0.5,0.0
SmolVLM2-2.2B,hallusionbench_video_1_0.png,4,2,2,0.5,0.0
SmolVLM2-2.2B,hallusionbench_video_1_1.png,4,2,2,0.5,0.0
SmolVLM2-2.2B,hallusionbench_video_4_0.png,4,2,2,0.5,0.0
SmolVLM2-2.2B,hallusionbench_video_4_1.png,4,2,2,0.5,0.0
SmolVLM2-2.2B,hallusionbench_video_5_0.png,4,2,2,0.5,0.0
SmolVLM2-2.2B,hallusionbench_video_5_1.png,4,2,2,0.5,0.0
SmolVLM2-2.2B,hallusionbench_video_6_0.png,4,2,2,0.5,0.0
SmolVLM2-2.2B,hallusionbench_video_6_1.png,4,2,2,0.5,0.0
SmolVLM2-2.2B,hallusionbench_video_7_0.png,4,2,2,0.5,0.0
SmolVLM2-2.2B,hallusionbench_video_7_1.png,4,2,2,0.5,0.0
SmolVLM2-2.2B,hallusionbench_video_8_0.png,4,2,2,0.5,0.0
SmolVLM2-2.2B,hallusionbench_video_8_1.png,4,2,2,0.5,0.0
SmolVLM2-2.2B,haloquest_1937.png,2,1,1,0.5,0.0
SmolVLM2-2.2B,mme_celebrity_tt0048545_shot_0124_img_0.jpg,2,1,1,0.5,0.0
SmolVLM2-2.2B,mme_celebrity_tt0053221_shot_0197_img_0.jpg,2,1,1,0.5,0.0
SmolVLM2-2.2B,mme_celebrity_tt0057115_shot_0686_img_0.jpg,2,1,1,0.5,0.0
SmolVLM2-2.2B,mme_celebrity_tt0078788_shot_1434_img_0.jpg,2,1,1,0.5,0.0
SmolVLM2-2.2B,mme_celebrity_tt0104348_shot_0340_img_0.jpg,2,1,1,0.5,0.0
SmolVLM2-2.2B,mme_celebrity_tt0112384_shot_0878_img_0.jpg,2,1,1,0.5,0.0
SmolVLM2-2.2B,mme_code_reasoning_0016.png,2,1,1,0.5,0.0
SmolVLM2-2.2B,mme_code_reasoning_0019.png,2,1,1,0.5,0.0
SmolVLM2-2.2B,mme_commonsense_reasoning_0001.png,2,1,1,0.5,0.0
SmolVLM2-2.2B,mme_commonsense_reasoning_0003.png,2,1,1,0.5,0.0
SmolVLM2-2.2B,mme_commonsense_reasoning_0005.png,2,1,1,0.5,0.0
SmolVLM2-2.2B,mme_commonsense_reasoning_0021.png,2,1,1,0.5,0.0
SmolVLM2-2.2B,mme_commonsense_reasoning_0023.png,2,1,1,0.5,0.0
SmolVLM2-2.2B,mme_commonsense_reasoning_0024.png,2,1,1,0.5,0.0
SmolVLM2-2.2B,mme_commonsense_reasoning_0027.png,2,1,1,0.5,0.0
SmolVLM2-2.2B,mme_commonsense_reasoning_0029.png,2,1,1,0.5,0.0
SmolVLM2-2.2B,mme_commonsense_reasoning_0031.png,2,1,1,0.5,0.0
SmolVLM2-2.2B,mme_commonsense_reasoning_0034.png,2,1,1,0.5,0.0
SmolVLM2-2.2B,mme_commonsense_reasoning_0038.png,2,1,1,0.5,0.0
SmolVLM2-2.2B,mme_commonsense_reasoning_0039.png,2,1,1,0.5,0.0
SmolVLM2-2.2B,mme_commonsense_reasoning_0047.png,2,1,1,0.5,0.0
SmolVLM2-2.2B,mme_commonsense_reasoning_0049.png,2,1,1,0.5,0.0
SmolVLM2-2.2B,mme_commonsense_reasoning_0051.png,2,1,1,0.5,0.0
SmolVLM2-2.2B,mme_commonsense_reasoning_0053.png,2,1,1,0.5,0.0
SmolVLM2-2.2B,mme_commonsense_reasoning_0059.png,2,1,1,0.5,0.0
SmolVLM2-2.2B,mme_commonsense_reasoning_0061.png,2,1,1,0.5,0.0
SmolVLM2-2.2B,mme_commonsense_reasoning_0064.png,2,1,1,0.5,0.0
SmolVLM2-2.2B,mme_commonsense_reasoning_0065.png,2,1,1,0.5,0.0
SmolVLM2-2.2B,mme_posters_tt0100112.jpg,2,1,1,0.5,0.0
SmolVLM2-2.2B,mme_posters_tt0433035.jpg,2,1,1,0.5,0.0
SmolVLM2-2.2B,mme_posters_tt1438176.jpg,2,1,1,0.5,0.0
SmolVLM2-2.2B,mme_posters_tt3316960.jpg,2,1,1,0.5,0.0
SmolVLM2-2.2B,mme_text_translation_0006.png,2,1,1,0.5,0.0
SmolVLM2-2.2B,mme_text_translation_0010.png,2,1,1,0.5,0.0
SmolVLM2-2.2B,mme_text_translation_0012.png,2,1,1,0.5,0.0
SmolVLM2-2.2B,mme_text_translation_0019.png,2,1,1,0.5,0.0
SmolVLM2-2.2B,mme_text_translation_0020.png,2,1,1,0.5,0.0
SmolVLM2-2.2B,pope_1538.jpg,2,1,1,0.5,0.0
SmolVLM2-2.2B,pope_1634.jpg,2,1,1,0.5,0.0
SmolVLM2-2.2B,pope_1636.jpg,2,1,1,0.5,0.0
SmolVLM2-2.2B,pope_1722.jpg,2,1,1,0.5,0.0
SmolVLM2-2.2B,pope_1784.jpg,2,1,1,0.5,0.0
SmolVLM2-2.2B,pope_198.jpg,2,1,1,0.5,0.0
SmolVLM2-2.2B,pope_2652.jpg,2,1,1,0.5,0.0
SmolVLM2-2.2B,pope_2860.jpg,2,1,1,0.5,0.0
SmolVLM2-2.2B,pope_2868.jpg,2,1,1,0.5,0.0
SmolVLM2-2.2B,pope_2916.jpg,2,1,1,0.5,0.0
SmolVLM2-2.2B,pope_42.jpg,2,1,1,0.5,0.0
SmolVLM2-2.2B,pope_502.jpg,2,1,1,0.5,0.0
SmolVLM2-2.2B,pope_568.jpg,2,1,1,0.5,0.0
SmolVLM2-2.2B,pope_582.jpg,2,1,1,0.5,0.0
SmolVLM2-2.2B,pope_692.jpg,2,1,1,0.5,0.0
SmolVLM2-2.2B,pope_748.jpg,2,1,1,0.5,0.0
SmolVLM2-2.2B,pope_754.jpg,2,1,1,0.5,0.0
SmolVLM2-2.2B,AMBER_227.jpg,7,3,4,0.42857142857142855,0.07142857142857145
SmolVLM2-2.2B,AMBER_24.jpg,7,3,4,0.42857142857142855,0.07142857142857145
SmolVLM2-2.2B,AMBER_517.jpg,7,3,4,0.42857142857142855,0.07142857142857145
SmolVLM2-2.2B,AMBER_57.jpg,7,3,4,0.42857142857142855,0.07142857142857145
SmolVLM2-2.2B,AMBER_801.jpg,7,3,4,0.42857142857142855,0.07142857142857145
SmolVLM2-2.2B,AMBER_10.jpg,5,2,3,0.4,0.09999999999999998
SmolVLM2-2.2B,AMBER_16.jpg,5,2,3,0.4,0.09999999999999998
SmolVLM2-2.2B,AMBER_220.jpg,5,2,3,0.4,0.09999999999999998
SmolVLM2-2.2B,AMBER_247.jpg,5,2,3,0.4,0.09999999999999998
SmolVLM2-2.2B,AMBER_315.jpg,5,2,3,0.4,0.09999999999999998
SmolVLM2-2.2B,AMBER_318.jpg,5,2,3,0.4,0.09999999999999998
SmolVLM2-2.2B,AMBER_375.jpg,5,2,3,0.4,0.09999999999999998
SmolVLM2-2.2B,AMBER_395.jpg,5,2,3,0.4,0.09999999999999998
SmolVLM2-2.2B,AMBER_431.jpg,5,2,3,0.4,0.09999999999999998
SmolVLM2-2.2B,AMBER_464.jpg,5,2,3,0.4,0.09999999999999998
SmolVLM2-2.2B,AMBER_492.jpg,5,2,3,0.4,0.09999999999999998
SmolVLM2-2.2B,AMBER_494.jpg,5,2,3,0.4,0.09999999999999998
SmolVLM2-2.2B,AMBER_505.jpg,5,2,3,0.4,0.09999999999999998
SmolVLM2-2.2B,AMBER_515.jpg,5,2,3,0.4,0.09999999999999998
SmolVLM2-2.2B,AMBER_532.jpg,5,2,3,0.4,0.09999999999999998
SmolVLM2-2.2B,AMBER_538.jpg,5,3,2,0.6,0.09999999999999998
SmolVLM2-2.2B,AMBER_565.jpg,5,2,3,0.4,0.09999999999999998
SmolVLM2-2.2B,AMBER_592.jpg,5,2,3,0.4,0.09999999999999998
SmolVLM2-2.2B,AMBER_594.jpg,5,2,3,0.4,0.09999999999999998
SmolVLM2-2.2B,AMBER_609.jpg,5,2,3,0.4,0.09999999999999998
SmolVLM2-2.2B,AMBER_61.jpg,5,2,3,0.4,0.09999999999999998
SmolVLM2-2.2B,AMBER_610.jpg,5,2,3,0.4,0.09999999999999998
SmolVLM2-2.2B,AMBER_611.jpg,5,2,3,0.4,0.09999999999999998
SmolVLM2-2.2B,AMBER_620.jpg,5,2,3,0.4,0.09999999999999998
SmolVLM2-2.2B,AMBER_678.jpg,5,3,2,0.6,0.09999999999999998
SmolVLM2-2.2B,AMBER_695.jpg,5,3,2,0.6,0.09999999999999998
SmolVLM2-2.2B,AMBER_738.jpg,5,2,3,0.4,0.09999999999999998
SmolVLM2-2.2B,AMBER_746.jpg,5,2,3,0.4,0.09999999999999998
SmolVLM2-2.2B,AMBER_749.jpg,5,2,3,0.4,0.09999999999999998
SmolVLM2-2.2B,AMBER_848.jpg,5,2,3,0.4,0.09999999999999998
SmolVLM2-2.2B,AMBER_912.jpg,5,2,3,0.4,0.09999999999999998
SmolVLM2-2.2B,AMBER_943.jpg,5,2,3,0.4,0.09999999999999998
SmolVLM2-2.2B,AMBER_975.jpg,5,2,3,0.4,0.09999999999999998
SmolVLM2-2.2B,hallusionbench_chart_1_1.png,8,5,3,0.625,0.125
SmolVLM2-2.2B,AMBER_345.jpg,3,2,1,0.6666666666666666,0.16666666666666663
SmolVLM2-2.2B,AMBER_46.jpg,3,2,1,0.6666666666666666,0.16666666666666663
SmolVLM2-2.2B,AMBER_525.jpg,3,2,1,0.6666666666666666,0.16666666666666663
SmolVLM2-2.2B,AMBER_55.jpg,3,2,1,0.6666666666666666,0.16666666666666663
SmolVLM2-2.2B,AMBER_552.jpg,3,2,1,0.6666666666666666,0.16666666666666663
SmolVLM2-2.2B,AMBER_67.jpg,3,2,1,0.6666666666666666,0.16666666666666663
SmolVLM2-2.2B,AMBER_670.jpg,6,4,2,0.6666666666666666,0.16666666666666663
SmolVLM2-2.2B,AMBER_841.jpg,3,2,1,0.6666666666666666,0.16666666666666663
SmolVLM2-2.2B,hallusionbench_chart_14_1.png,3,2,1,0.6666666666666666,0.16666666666666663
SmolVLM2-2.2B,hallusionbench_chart_14_2.png,3,2,1,0.6666666666666666,0.16666666666666663
SmolVLM2-2.2B,hallusionbench_illusion_11_0.png,3,2,1,0.6666666666666666,0.16666666666666663
SmolVLM2-2.2B,hallusionbench_illusion_11_1.png,3,2,1,0.6666666666666666,0.16666666666666663
SmolVLM2-2.2B,hallusionbench_illusion_1_0.png,3,2,1,0.6666666666666666,0.16666666666666663
SmolVLM2-2.2B,hallusionbench_illusion_5_0.png,3,2,1,0.6666666666666666,0.16666666666666663
SmolVLM2-2.2B,hallusionbench_illusion_5_1.png,3,2,1,0.6666666666666666,0.16666666666666663
SmolVLM2-2.2B,hallusionbench_map_8_2.png,3,2,1,0.6666666666666666,0.16666666666666663
SmolVLM2-2.2B,hallusionbench_math_0_0.png,3,2,1,0.6666666666666666,0.16666666666666663
SmolVLM2-2.2B,hallusionbench_math_0_1.png,3,2,1,0.6666666666666666,0.16666666666666663
SmolVLM2-2.2B,hallusionbench_math_10_0.png,3,2,1,0.6666666666666666,0.16666666666666663
SmolVLM2-2.2B,hallusionbench_math_12_0.png,3,2,1,0.6666666666666666,0.16666666666666663
SmolVLM2-2.2B,hallusionbench_math_13_0.png,3,2,1,0.6666666666666666,0.16666666666666663
SmolVLM2-2.2B,hallusionbench_math_5_0.png,3,2,1,0.6666666666666666,0.16666666666666663
SmolVLM2-2.2B,hallusionbench_table_0_1.png,3,2,1,0.6666666666666666,0.16666666666666663
SmolVLM2-2.2B,hallusionbench_table_0_2.png,3,2,1,0.6666666666666666,0.16666666666666663
SmolVLM2-2.2B,hallusionbench_table_2_2.png,3,2,1,0.6666666666666666,0.16666666666666663
SmolVLM2-2.2B,hallusionbench_table_2_3.png,3,2,1,0.6666666666666666,0.16666666666666663
SmolVLM2-2.2B,hallusionbench_video_12_0.png,3,2,1,0.6666666666666666,0.16666666666666663
SmolVLM2-2.2B,hallusionbench_video_12_1.png,3,2,1,0.6666666666666666,0.16666666666666663
SmolVLM2-2.2B,hallusionbench_video_12_2.png,3,2,1,0.6666666666666666,0.16666666666666663
SmolVLM2-2.2B,AMBER_1004.jpg,6,2,4,0.3333333333333333,0.16666666666666669
SmolVLM2-2.2B,AMBER_121.jpg,3,1,2,0.3333333333333333,0.16666666666666669
SmolVLM2-2.2B,AMBER_130.jpg,3,1,2,0.3333333333333333,0.16666666666666669
SmolVLM2-2.2B,AMBER_134.jpg,3,1,2,0.3333333333333333,0.16666666666666669
SmolVLM2-2.2B,AMBER_136.jpg,3,1,2,0.3333333333333333,0.16666666666666669
SmolVLM2-2.2B,AMBER_146.jpg,3,1,2,0.3333333333333333,0.16666666666666669
SmolVLM2-2.2B,AMBER_148.jpg,3,1,2,0.3333333333333333,0.16666666666666669
SmolVLM2-2.2B,AMBER_161.jpg,3,1,2,0.3333333333333333,0.16666666666666669
SmolVLM2-2.2B,AMBER_17.jpg,3,1,2,0.3333333333333333,0.16666666666666669
SmolVLM2-2.2B,AMBER_199.jpg,6,2,4,0.3333333333333333,0.16666666666666669
SmolVLM2-2.2B,AMBER_204.jpg,3,1,2,0.3333333333333333,0.16666666666666669
SmolVLM2-2.2B,AMBER_207.jpg,6,2,4,0.3333333333333333,0.16666666666666669
SmolVLM2-2.2B,AMBER_232.jpg,3,1,2,0.3333333333333333,0.16666666666666669
SmolVLM2-2.2B,AMBER_242.jpg,3,1,2,0.3333333333333333,0.16666666666666669
SmolVLM2-2.2B,AMBER_25.jpg,3,1,2,0.3333333333333333,0.16666666666666669
SmolVLM2-2.2B,AMBER_252.jpg,3,1,2,0.3333333333333333,0.16666666666666669
SmolVLM2-2.2B,AMBER_294.jpg,3,1,2,0.3333333333333333,0.16666666666666669
SmolVLM2-2.2B,AMBER_297.jpg,3,1,2,0.3333333333333333,0.16666666666666669
SmolVLM2-2.2B,AMBER_299.jpg,3,1,2,0.3333333333333333,0.16666666666666669
SmolVLM2-2.2B,AMBER_308.jpg,3,1,2,0.3333333333333333,0.16666666666666669
SmolVLM2-2.2B,AMBER_331.jpg,3,1,2,0.3333333333333333,0.16666666666666669
SmolVLM2-2.2B,AMBER_342.jpg,3,1,2,0.3333333333333333,0.16666666666666669
SmolVLM2-2.2B,AMBER_343.jpg,3,1,2,0.3333333333333333,0.16666666666666669
SmolVLM2-2.2B,AMBER_353.jpg,3,1,2,0.3333333333333333,0.16666666666666669
SmolVLM2-2.2B,AMBER_360.jpg,3,1,2,0.3333333333333333,0.16666666666666669
SmolVLM2-2.2B,AMBER_374.jpg,6,2,4,0.3333333333333333,0.16666666666666669
SmolVLM2-2.2B,AMBER_379.jpg,3,1,2,0.3333333333333333,0.16666666666666669
SmolVLM2-2.2B,AMBER_382.jpg,3,1,2,0.3333333333333333,0.16666666666666669
SmolVLM2-2.2B,AMBER_386.jpg,6,2,4,0.3333333333333333,0.16666666666666669
SmolVLM2-2.2B,AMBER_396.jpg,3,1,2,0.3333333333333333,0.16666666666666669
SmolVLM2-2.2B,AMBER_401.jpg,3,1,2,0.3333333333333333,0.16666666666666669
SmolVLM2-2.2B,AMBER_41.jpg,3,1,2,0.3333333333333333,0.16666666666666669
SmolVLM2-2.2B,AMBER_412.jpg,3,1,2,0.3333333333333333,0.16666666666666669
SmolVLM2-2.2B,AMBER_414.jpg,6,2,4,0.3333333333333333,0.16666666666666669
SmolVLM2-2.2B,AMBER_419.jpg,3,1,2,0.3333333333333333,0.16666666666666669
SmolVLM2-2.2B,AMBER_427.jpg,3,1,2,0.3333333333333333,0.16666666666666669
SmolVLM2-2.2B,AMBER_432.jpg,6,2,4,0.3333333333333333,0.16666666666666669
SmolVLM2-2.2B,AMBER_44.jpg,3,1,2,0.3333333333333333,0.16666666666666669
SmolVLM2-2.2B,AMBER_451.jpg,3,1,2,0.3333333333333333,0.16666666666666669
SmolVLM2-2.2B,AMBER_453.jpg,3,1,2,0.3333333333333333,0.16666666666666669
SmolVLM2-2.2B,AMBER_477.jpg,3,1,2,0.3333333333333333,0.16666666666666669
SmolVLM2-2.2B,AMBER_480.jpg,3,1,2,0.3333333333333333,0.16666666666666669
SmolVLM2-2.2B,AMBER_487.jpg,3,1,2,0.3333333333333333,0.16666666666666669
SmolVLM2-2.2B,AMBER_495.jpg,3,1,2,0.3333333333333333,0.16666666666666669
SmolVLM2-2.2B,AMBER_499.jpg,3,1,2,0.3333333333333333,0.16666666666666669
SmolVLM2-2.2B,AMBER_507.jpg,3,1,2,0.3333333333333333,0.16666666666666669
SmolVLM2-2.2B,AMBER_514.jpg,3,1,2,0.3333333333333333,0.16666666666666669
SmolVLM2-2.2B,AMBER_53.jpg,3,1,2,0.3333333333333333,0.16666666666666669
SmolVLM2-2.2B,AMBER_54.jpg,3,1,2,0.3333333333333333,0.16666666666666669
SmolVLM2-2.2B,AMBER_540.jpg,3,1,2,0.3333333333333333,0.16666666666666669
SmolVLM2-2.2B,AMBER_543.jpg,3,1,2,0.3333333333333333,0.16666666666666669
SmolVLM2-2.2B,AMBER_547.jpg,3,1,2,0.3333333333333333,0.16666666666666669
SmolVLM2-2.2B,AMBER_551.jpg,3,1,2,0.3333333333333333,0.16666666666666669
SmolVLM2-2.2B,AMBER_558.jpg,3,1,2,0.3333333333333333,0.16666666666666669
SmolVLM2-2.2B,AMBER_562.jpg,3,1,2,0.3333333333333333,0.16666666666666669
SmolVLM2-2.2B,AMBER_568.jpg,3,1,2,0.3333333333333333,0.16666666666666669
SmolVLM2-2.2B,AMBER_579.jpg,6,2,4,0.3333333333333333,0.16666666666666669
SmolVLM2-2.2B,AMBER_598.jpg,3,1,2,0.3333333333333333,0.16666666666666669
SmolVLM2-2.2B,AMBER_6.jpg,6,2,4,0.3333333333333333,0.16666666666666669
SmolVLM2-2.2B,AMBER_621.jpg,6,2,4,0.3333333333333333,0.16666666666666669
SmolVLM2-2.2B,AMBER_625.jpg,3,1,2,0.3333333333333333,0.16666666666666669
SmolVLM2-2.2B,AMBER_641.jpg,3,1,2,0.3333333333333333,0.16666666666666669
SmolVLM2-2.2B,AMBER_649.jpg,3,1,2,0.3333333333333333,0.16666666666666669
SmolVLM2-2.2B,AMBER_650.jpg,6,2,4,0.3333333333333333,0.16666666666666669
SmolVLM2-2.2B,AMBER_664.jpg,3,1,2,0.3333333333333333,0.16666666666666669
SmolVLM2-2.2B,AMBER_666.jpg,3,1,2,0.3333333333333333,0.16666666666666669
SmolVLM2-2.2B,AMBER_673.jpg,6,2,4,0.3333333333333333,0.16666666666666669
SmolVLM2-2.2B,AMBER_685.jpg,3,1,2,0.3333333333333333,0.16666666666666669
SmolVLM2-2.2B,AMBER_688.jpg,3,1,2,0.3333333333333333,0.16666666666666669
SmolVLM2-2.2B,AMBER_690.jpg,3,1,2,0.3333333333333333,0.16666666666666669
SmolVLM2-2.2B,AMBER_696.jpg,3,1,2,0.3333333333333333,0.16666666666666669
SmolVLM2-2.2B,AMBER_716.jpg,3,1,2,0.3333333333333333,0.16666666666666669
SmolVLM2-2.2B,AMBER_720.jpg,6,2,4,0.3333333333333333,0.16666666666666669
SmolVLM2-2.2B,AMBER_722.jpg,3,1,2,0.3333333333333333,0.16666666666666669
SmolVLM2-2.2B,AMBER_728.jpg,6,2,4,0.3333333333333333,0.16666666666666669
SmolVLM2-2.2B,AMBER_732.jpg,3,1,2,0.3333333333333333,0.16666666666666669
SmolVLM2-2.2B,AMBER_744.jpg,6,2,4,0.3333333333333333,0.16666666666666669
SmolVLM2-2.2B,AMBER_766.jpg,3,1,2,0.3333333333333333,0.16666666666666669
SmolVLM2-2.2B,AMBER_767.jpg,3,1,2,0.3333333333333333,0.16666666666666669
SmolVLM2-2.2B,AMBER_773.jpg,6,2,4,0.3333333333333333,0.16666666666666669
SmolVLM2-2.2B,AMBER_774.jpg,3,1,2,0.3333333333333333,0.16666666666666669
SmolVLM2-2.2B,AMBER_775.jpg,3,1,2,0.3333333333333333,0.16666666666666669
SmolVLM2-2.2B,AMBER_785.jpg,3,1,2,0.3333333333333333,0.16666666666666669
SmolVLM2-2.2B,AMBER_79.jpg,6,2,4,0.3333333333333333,0.16666666666666669
SmolVLM2-2.2B,AMBER_790.jpg,6,2,4,0.3333333333333333,0.16666666666666669
SmolVLM2-2.2B,AMBER_797.jpg,3,1,2,0.3333333333333333,0.16666666666666669
SmolVLM2-2.2B,AMBER_799.jpg,6,2,4,0.3333333333333333,0.16666666666666669
SmolVLM2-2.2B,AMBER_810.jpg,3,1,2,0.3333333333333333,0.16666666666666669
SmolVLM2-2.2B,AMBER_811.jpg,3,1,2,0.3333333333333333,0.16666666666666669
SmolVLM2-2.2B,AMBER_817.jpg,6,2,4,0.3333333333333333,0.16666666666666669
SmolVLM2-2.2B,AMBER_827.jpg,3,1,2,0.3333333333333333,0.16666666666666669
SmolVLM2-2.2B,AMBER_828.jpg,6,2,4,0.3333333333333333,0.16666666666666669
SmolVLM2-2.2B,AMBER_830.jpg,3,1,2,0.3333333333333333,0.16666666666666669
SmolVLM2-2.2B,AMBER_835.jpg,3,1,2,0.3333333333333333,0.16666666666666669
SmolVLM2-2.2B,AMBER_859.jpg,3,1,2,0.3333333333333333,0.16666666666666669
SmolVLM2-2.2B,AMBER_862.jpg,3,1,2,0.3333333333333333,0.16666666666666669
SmolVLM2-2.2B,AMBER_883.jpg,3,1,2,0.3333333333333333,0.16666666666666669
SmolVLM2-2.2B,AMBER_897.jpg,6,2,4,0.3333333333333333,0.16666666666666669
SmolVLM2-2.2B,AMBER_927.jpg,3,1,2,0.3333333333333333,0.16666666666666669
SmolVLM2-2.2B,AMBER_939.jpg,3,1,2,0.3333333333333333,0.16666666666666669
SmolVLM2-2.2B,AMBER_973.jpg,3,1,2,0.3333333333333333,0.16666666666666669
SmolVLM2-2.2B,AMBER_980.jpg,3,1,2,0.3333333333333333,0.16666666666666669
SmolVLM2-2.2B,AMBER_992.jpg,3,1,2,0.3333333333333333,0.16666666666666669
SmolVLM2-2.2B,AMBER_999.jpg,3,1,2,0.3333333333333333,0.16666666666666669
SmolVLM2-2.2B,hallusionbench_chart_8_1.png,3,1,2,0.3333333333333333,0.16666666666666669
SmolVLM2-2.2B,hallusionbench_illusion_0_0.png,3,1,2,0.3333333333333333,0.16666666666666669
SmolVLM2-2.2B,hallusionbench_illusion_1_1.png,3,1,2,0.3333333333333333,0.16666666666666669
SmolVLM2-2.2B,hallusionbench_map_8_1.png,3,1,2,0.3333333333333333,0.16666666666666669
SmolVLM2-2.2B,hallusionbench_table_7_1.png,6,2,4,0.3333333333333333,0.16666666666666669
SmolVLM2-2.2B,hallusionbench_table_7_2.png,6,2,4,0.3333333333333333,0.16666666666666669
SmolVLM2-2.2B,hallusionbench_table_7_3.png,6,2,4,0.3333333333333333,0.16666666666666669
SmolVLM2-2.2B,hallusionbench_video_13_0.png,3,1,2,0.3333333333333333,0.16666666666666669
SmolVLM2-2.2B,hallusionbench_video_2_0.png,3,1,2,0.3333333333333333,0.16666666666666669
SmolVLM2-2.2B,hallusionbench_video_9_0.png,3,1,2,0.3333333333333333,0.16666666666666669
SmolVLM2-2.2B,pope_1546.jpg,3,1,2,0.3333333333333333,0.16666666666666669
SmolVLM2-2.2B,pope_228.jpg,3,1,2,0.3333333333333333,0.16666666666666669
SmolVLM2-2.2B,AMBER_1000.jpg,7,2,5,0.2857142857142857,0.2142857142857143
SmolVLM2-2.2B,AMBER_1001.jpg,7,2,5,0.2857142857142857,0.2142857142857143
SmolVLM2-2.2B,AMBER_131.jpg,7,2,5,0.2857142857142857,0.2142857142857143
SmolVLM2-2.2B,AMBER_20.jpg,7,2,5,0.2857142857142857,0.2142857142857143
SmolVLM2-2.2B,AMBER_291.jpg,7,2,5,0.2857142857142857,0.2142857142857143
SmolVLM2-2.2B,AMBER_34.jpg,7,2,5,0.2857142857142857,0.2142857142857143
SmolVLM2-2.2B,AMBER_358.jpg,7,2,5,0.2857142857142857,0.2142857142857143
SmolVLM2-2.2B,AMBER_405.jpg,7,2,5,0.2857142857142857,0.2142857142857143
SmolVLM2-2.2B,AMBER_415.jpg,7,2,5,0.2857142857142857,0.2142857142857143
SmolVLM2-2.2B,AMBER_510.jpg,7,2,5,0.2857142857142857,0.2142857142857143
SmolVLM2-2.2B,AMBER_599.jpg,7,2,5,0.2857142857142857,0.2142857142857143
SmolVLM2-2.2B,AMBER_637.jpg,7,2,5,0.2857142857142857,0.2142857142857143
SmolVLM2-2.2B,AMBER_645.jpg,7,2,5,0.2857142857142857,0.2142857142857143
SmolVLM2-2.2B,AMBER_725.jpg,7,2,5,0.2857142857142857,0.2142857142857143
SmolVLM2-2.2B,AMBER_98.jpg,7,2,5,0.2857142857142857,0.2142857142857143
SmolVLM2-2.2B,AMBER_101.jpg,4,1,3,0.25,0.25
SmolVLM2-2.2B,AMBER_138.jpg,4,1,3,0.25,0.25
SmolVLM2-2.2B,AMBER_141.jpg,4,1,3,0.25,0.25
SmolVLM2-2.2B,AMBER_143.jpg,4,1,3,0.25,0.25
SmolVLM2-2.2B,AMBER_144.jpg,4,1,3,0.25,0.25
SmolVLM2-2.2B,AMBER_170.jpg,4,1,3,0.25,0.25
SmolVLM2-2.2B,AMBER_173.jpg,4,1,3,0.25,0.25
SmolVLM2-2.2B,AMBER_178.jpg,4,1,3,0.25,0.25
SmolVLM2-2.2B,AMBER_183.jpg,4,1,3,0.25,0.25
SmolVLM2-2.2B,AMBER_185.jpg,4,3,1,0.75,0.25
SmolVLM2-2.2B,AMBER_19.jpg,4,1,3,0.25,0.25
SmolVLM2-2.2B,AMBER_22.jpg,4,1,3,0.25,0.25
SmolVLM2-2.2B,AMBER_222.jpg,4,1,3,0.25,0.25
SmolVLM2-2.2B,AMBER_224.jpg,4,1,3,0.25,0.25
SmolVLM2-2.2B,AMBER_229.jpg,4,1,3,0.25,0.25
SmolVLM2-2.2B,AMBER_234.jpg,4,1,3,0.25,0.25
SmolVLM2-2.2B,AMBER_237.jpg,4,1,3,0.25,0.25
SmolVLM2-2.2B,AMBER_260.jpg,4,1,3,0.25,0.25
SmolVLM2-2.2B,AMBER_287.jpg,4,1,3,0.25,0.25
SmolVLM2-2.2B,AMBER_29.jpg,4,1,3,0.25,0.25
SmolVLM2-2.2B,AMBER_292.jpg,4,1,3,0.25,0.25
SmolVLM2-2.2B,AMBER_295.jpg,4,1,3,0.25,0.25
SmolVLM2-2.2B,AMBER_316.jpg,4,1,3,0.25,0.25
SmolVLM2-2.2B,AMBER_324.jpg,4,1,3,0.25,0.25
SmolVLM2-2.2B,AMBER_325.jpg,4,1,3,0.25,0.25
SmolVLM2-2.2B,AMBER_332.jpg,4,1,3,0.25,0.25
SmolVLM2-2.2B,AMBER_344.jpg,4,1,3,0.25,0.25
SmolVLM2-2.2B,AMBER_346.jpg,4,1,3,0.25,0.25
SmolVLM2-2.2B,AMBER_348.jpg,4,1,3,0.25,0.25
SmolVLM2-2.2B,AMBER_354.jpg,4,1,3,0.25,0.25
SmolVLM2-2.2B,AMBER_364.jpg,4,1,3,0.25,0.25
SmolVLM2-2.2B,AMBER_376.jpg,4,1,3,0.25,0.25
SmolVLM2-2.2B,AMBER_38.jpg,4,1,3,0.25,0.25
SmolVLM2-2.2B,AMBER_4.jpg,4,1,3,0.25,0.25
SmolVLM2-2.2B,AMBER_402.jpg,4,1,3,0.25,0.25
SmolVLM2-2.2B,AMBER_403.jpg,4,1,3,0.25,0.25
SmolVLM2-2.2B,AMBER_407.jpg,4,1,3,0.25,0.25
SmolVLM2-2.2B,AMBER_409.jpg,4,1,3,0.25,0.25
SmolVLM2-2.2B,AMBER_416.jpg,4,1,3,0.25,0.25
SmolVLM2-2.2B,AMBER_423.jpg,4,1,3,0.25,0.25
SmolVLM2-2.2B,AMBER_426.jpg,4,1,3,0.25,0.25
SmolVLM2-2.2B,AMBER_436.jpg,4,1,3,0.25,0.25
SmolVLM2-2.2B,AMBER_437.jpg,4,1,3,0.25,0.25
SmolVLM2-2.2B,AMBER_442.jpg,4,1,3,0.25,0.25
SmolVLM2-2.2B,AMBER_443.jpg,4,1,3,0.25,0.25
SmolVLM2-2.2B,AMBER_472.jpg,4,1,3,0.25,0.25
SmolVLM2-2.2B,AMBER_488.jpg,4,1,3,0.25,0.25
SmolVLM2-2.2B,AMBER_498.jpg,4,1,3,0.25,0.25
SmolVLM2-2.2B,AMBER_509.jpg,4,1,3,0.25,0.25
SmolVLM2-2.2B,AMBER_529.jpg,4,1,3,0.25,0.25
SmolVLM2-2.2B,AMBER_536.jpg,4,1,3,0.25,0.25
SmolVLM2-2.2B,AMBER_539.jpg,8,2,6,0.25,0.25
SmolVLM2-2.2B,AMBER_566.jpg,4,1,3,0.25,0.25
SmolVLM2-2.2B,AMBER_567.jpg,4,1,3,0.25,0.25
SmolVLM2-2.2B,AMBER_576.jpg,4,1,3,0.25,0.25
SmolVLM2-2.2B,AMBER_58.jpg,8,2,6,0.25,0.25
SmolVLM2-2.2B,AMBER_585.jpg,4,1,3,0.25,0.25
SmolVLM2-2.2B,AMBER_589.jpg,4,1,3,0.25,0.25
SmolVLM2-2.2B,AMBER_593.jpg,4,1,3,0.25,0.25
SmolVLM2-2.2B,AMBER_601.jpg,4,1,3,0.25,0.25
SmolVLM2-2.2B,AMBER_606.jpg,4,1,3,0.25,0.25
SmolVLM2-2.2B,AMBER_608.jpg,4,1,3,0.25,0.25
SmolVLM2-2.2B,AMBER_616.jpg,4,1,3,0.25,0.25
SmolVLM2-2.2B,AMBER_626.jpg,4,1,3,0.25,0.25
SmolVLM2-2.2B,AMBER_631.jpg,4,1,3,0.25,0.25
SmolVLM2-2.2B,AMBER_651.jpg,8,2,6,0.25,0.25
SmolVLM2-2.2B,AMBER_656.jpg,4,1,3,0.25,0.25
SmolVLM2-2.2B,AMBER_658.jpg,4,1,3,0.25,0.25
SmolVLM2-2.2B,AMBER_660.jpg,4,1,3,0.25,0.25
SmolVLM2-2.2B,AMBER_665.jpg,4,1,3,0.25,0.25
SmolVLM2-2.2B,AMBER_667.jpg,4,1,3,0.25,0.25
SmolVLM2-2.2B,AMBER_669.jpg,4,1,3,0.25,0.25
SmolVLM2-2.2B,AMBER_684.jpg,4,1,3,0.25,0.25
SmolVLM2-2.2B,AMBER_69.jpg,4,1,3,0.25,0.25
SmolVLM2-2.2B,AMBER_699.jpg,4,1,3,0.25,0.25
SmolVLM2-2.2B,AMBER_702.jpg,4,1,3,0.25,0.25
SmolVLM2-2.2B,AMBER_705.jpg,4,1,3,0.25,0.25
SmolVLM2-2.2B,AMBER_715.jpg,4,1,3,0.25,0.25
SmolVLM2-2.2B,AMBER_723.jpg,4,1,3,0.25,0.25
SmolVLM2-2.2B,AMBER_748.jpg,4,1,3,0.25,0.25
SmolVLM2-2.2B,AMBER_76.jpg,4,1,3,0.25,0.25
SmolVLM2-2.2B,AMBER_772.jpg,4,1,3,0.25,0.25
SmolVLM2-2.2B,AMBER_778.jpg,4,1,3,0.25,0.25
SmolVLM2-2.2B,AMBER_78.jpg,4,1,3,0.25,0.25
SmolVLM2-2.2B,AMBER_788.jpg,4,1,3,0.25,0.25
SmolVLM2-2.2B,AMBER_794.jpg,4,1,3,0.25,0.25
SmolVLM2-2.2B,AMBER_8.jpg,4,1,3,0.25,0.25
SmolVLM2-2.2B,AMBER_803.jpg,4,1,3,0.25,0.25
SmolVLM2-2.2B,AMBER_814.jpg,4,1,3,0.25,0.25
SmolVLM2-2.2B,AMBER_82.jpg,4,1,3,0.25,0.25
SmolVLM2-2.2B,AMBER_823.jpg,8,2,6,0.25,0.25
SmolVLM2-2.2B,AMBER_829.jpg,4,1,3,0.25,0.25
SmolVLM2-2.2B,AMBER_833.jpg,4,1,3,0.25,0.25
SmolVLM2-2.2B,AMBER_836.jpg,4,1,3,0.25,0.25
SmolVLM2-2.2B,AMBER_853.jpg,4,1,3,0.25,0.25
SmolVLM2-2.2B,AMBER_855.jpg,4,1,3,0.25,0.25
SmolVLM2-2.2B,AMBER_856.jpg,4,1,3,0.25,0.25
SmolVLM2-2.2B,AMBER_86.jpg,4,1,3,0.25,0.25
SmolVLM2-2.2B,AMBER_861.jpg,4,1,3,0.25,0.25
SmolVLM2-2.2B,AMBER_875.jpg,4,1,3,0.25,0.25
SmolVLM2-2.2B,AMBER_882.jpg,4,1,3,0.25,0.25
SmolVLM2-2.2B,AMBER_887.jpg,4,1,3,0.25,0.25
SmolVLM2-2.2B,AMBER_902.jpg,4,1,3,0.25,0.25
SmolVLM2-2.2B,AMBER_908.jpg,4,1,3,0.25,0.25
SmolVLM2-2.2B,AMBER_911.jpg,4,1,3,0.25,0.25
SmolVLM2-2.2B,AMBER_915.jpg,4,1,3,0.25,0.25
SmolVLM2-2.2B,AMBER_926.jpg,4,1,3,0.25,0.25
SmolVLM2-2.2B,AMBER_932.jpg,4,1,3,0.25,0.25
SmolVLM2-2.2B,AMBER_935.jpg,4,1,3,0.25,0.25
SmolVLM2-2.2B,AMBER_941.jpg,4,1,3,0.25,0.25
SmolVLM2-2.2B,AMBER_967.jpg,4,1,3,0.25,0.25
SmolVLM2-2.2B,hallusionbench_chart_0_1.png,4,3,1,0.75,0.25
SmolVLM2-2.2B,hallusionbench_chart_2_1.png,8,6,2,0.75,0.25
SmolVLM2-2.2B,hallusionbench_chart_4_1.png,4,1,3,0.25,0.25
SmolVLM2-2.2B,hallusionbench_chart_4_2.png,4,1,3,0.25,0.25
SmolVLM2-2.2B,hallusionbench_chart_5_1.png,4,3,1,0.75,0.25
SmolVLM2-2.2B,hallusionbench_chart_9_1.png,4,3,1,0.75,0.25
SmolVLM2-2.2B,hallusionbench_chart_9_2.png,4,3,1,0.75,0.25
SmolVLM2-2.2B,hallusionbench_video_3_0.png,4,1,3,0.25,0.25
SmolVLM2-2.2B,hallusionbench_video_3_1.png,4,1,3,0.25,0.25
SmolVLM2-2.2B,AMBER_1002.jpg,5,1,4,0.2,0.3
SmolVLM2-2.2B,AMBER_107.jpg,5,1,4,0.2,0.3
SmolVLM2-2.2B,AMBER_11.jpg,5,1,4,0.2,0.3
SmolVLM2-2.2B,AMBER_110.jpg,5,1,4,0.2,0.3
SmolVLM2-2.2B,AMBER_118.jpg,5,1,4,0.2,0.3
SmolVLM2-2.2B,AMBER_125.jpg,5,1,4,0.2,0.3
SmolVLM2-2.2B,AMBER_128.jpg,5,1,4,0.2,0.3
SmolVLM2-2.2B,AMBER_147.jpg,5,1,4,0.2,0.3
SmolVLM2-2.2B,AMBER_151.jpg,5,1,4,0.2,0.3
SmolVLM2-2.2B,AMBER_172.jpg,5,1,4,0.2,0.3
SmolVLM2-2.2B,AMBER_197.jpg,5,1,4,0.2,0.3
SmolVLM2-2.2B,AMBER_2.jpg,5,1,4,0.2,0.3
SmolVLM2-2.2B,AMBER_206.jpg,5,1,4,0.2,0.3
SmolVLM2-2.2B,AMBER_214.jpg,5,1,4,0.2,0.3
SmolVLM2-2.2B,AMBER_218.jpg,5,1,4,0.2,0.3
SmolVLM2-2.2B,AMBER_221.jpg,5,1,4,0.2,0.3
SmolVLM2-2.2B,AMBER_236.jpg,5,1,4,0.2,0.3
SmolVLM2-2.2B,AMBER_268.jpg,5,1,4,0.2,0.3
SmolVLM2-2.2B,AMBER_272.jpg,5,1,4,0.2,0.3
SmolVLM2-2.2B,AMBER_286.jpg,5,1,4,0.2,0.3
SmolVLM2-2.2B,AMBER_302.jpg,5,1,4,0.2,0.3
SmolVLM2-2.2B,AMBER_303.jpg,5,1,4,0.2,0.3
SmolVLM2-2.2B,AMBER_338.jpg,5,1,4,0.2,0.3
SmolVLM2-2.2B,AMBER_384.jpg,5,1,4,0.2,0.3
SmolVLM2-2.2B,AMBER_385.jpg,5,1,4,0.2,0.3
SmolVLM2-2.2B,AMBER_389.jpg,5,1,4,0.2,0.3
SmolVLM2-2.2B,AMBER_39.jpg,5,1,4,0.2,0.3
SmolVLM2-2.2B,AMBER_411.jpg,5,1,4,0.2,0.3
SmolVLM2-2.2B,AMBER_429.jpg,5,1,4,0.2,0.3
SmolVLM2-2.2B,AMBER_45.jpg,5,1,4,0.2,0.3
SmolVLM2-2.2B,AMBER_452.jpg,5,1,4,0.2,0.3
SmolVLM2-2.2B,AMBER_457.jpg,5,1,4,0.2,0.3
SmolVLM2-2.2B,AMBER_468.jpg,5,1,4,0.2,0.3
SmolVLM2-2.2B,AMBER_48.jpg,5,1,4,0.2,0.3
SmolVLM2-2.2B,AMBER_491.jpg,5,1,4,0.2,0.3
SmolVLM2-2.2B,AMBER_493.jpg,5,1,4,0.2,0.3
SmolVLM2-2.2B,AMBER_5.jpg,5,1,4,0.2,0.3
SmolVLM2-2.2B,AMBER_546.jpg,5,1,4,0.2,0.3
SmolVLM2-2.2B,AMBER_555.jpg,5,1,4,0.2,0.3
SmolVLM2-2.2B,AMBER_583.jpg,5,1,4,0.2,0.3
SmolVLM2-2.2B,AMBER_595.jpg,5,1,4,0.2,0.3
SmolVLM2-2.2B,AMBER_618.jpg,5,1,4,0.2,0.3
SmolVLM2-2.2B,AMBER_622.jpg,5,1,4,0.2,0.3
SmolVLM2-2.2B,AMBER_66.jpg,5,1,4,0.2,0.3
SmolVLM2-2.2B,AMBER_697.jpg,5,1,4,0.2,0.3
SmolVLM2-2.2B,AMBER_70.jpg,5,1,4,0.2,0.3
SmolVLM2-2.2B,AMBER_741.jpg,5,1,4,0.2,0.3
SmolVLM2-2.2B,AMBER_745.jpg,5,1,4,0.2,0.3
SmolVLM2-2.2B,AMBER_783.jpg,5,1,4,0.2,0.3
SmolVLM2-2.2B,AMBER_81.jpg,5,1,4,0.2,0.3
SmolVLM2-2.2B,AMBER_85.jpg,5,1,4,0.2,0.3
SmolVLM2-2.2B,AMBER_872.jpg,5,1,4,0.2,0.3
SmolVLM2-2.2B,AMBER_880.jpg,5,1,4,0.2,0.3
SmolVLM2-2.2B,AMBER_881.jpg,5,1,4,0.2,0.3
SmolVLM2-2.2B,AMBER_885.jpg,5,1,4,0.2,0.3
SmolVLM2-2.2B,AMBER_900.jpg,5,1,4,0.2,0.3
SmolVLM2-2.2B,AMBER_917.jpg,5,1,4,0.2,0.3
SmolVLM2-2.2B,AMBER_93.jpg,5,1,4,0.2,0.3
SmolVLM2-2.2B,AMBER_947.jpg,5,1,4,0.2,0.3
SmolVLM2-2.2B,AMBER_964.jpg,5,1,4,0.2,0.3
SmolVLM2-2.2B,AMBER_969.jpg,5,1,4,0.2,0.3
SmolVLM2-2.2B,AMBER_972.jpg,5,1,4,0.2,0.3
SmolVLM2-2.2B,AMBER_996.jpg,5,1,4,0.2,0.3
SmolVLM2-2.2B,AMBER_89.jpg,11,2,9,0.18181818181818182,0.3181818181818182
SmolVLM2-2.2B,AMBER_109.jpg,6,1,5,0.16666666666666666,0.33333333333333337
SmolVLM2-2.2B,AMBER_155.jpg,6,1,5,0.16666666666666666,0.33333333333333337
SmolVLM2-2.2B,AMBER_169.jpg,6,1,5,0.16666666666666666,0.33333333333333337
SmolVLM2-2.2B,AMBER_174.jpg,6,1,5,0.16666666666666666,0.33333333333333337
SmolVLM2-2.2B,AMBER_235.jpg,6,1,5,0.16666666666666666,0.33333333333333337
SmolVLM2-2.2B,AMBER_244.jpg,6,1,5,0.16666666666666666,0.33333333333333337
SmolVLM2-2.2B,AMBER_255.jpg,6,1,5,0.16666666666666666,0.33333333333333337
SmolVLM2-2.2B,AMBER_311.jpg,6,1,5,0.16666666666666666,0.33333333333333337
SmolVLM2-2.2B,AMBER_314.jpg,6,1,5,0.16666666666666666,0.33333333333333337
SmolVLM2-2.2B,AMBER_319.jpg,6,1,5,0.16666666666666666,0.33333333333333337
SmolVLM2-2.2B,AMBER_351.jpg,6,1,5,0.16666666666666666,0.33333333333333337
SmolVLM2-2.2B,AMBER_371.jpg,6,1,5,0.16666666666666666,0.33333333333333337
SmolVLM2-2.2B,AMBER_372.jpg,6,1,5,0.16666666666666666,0.33333333333333337
SmolVLM2-2.2B,AMBER_381.jpg,6,1,5,0.16666666666666666,0.33333333333333337
SmolVLM2-2.2B,AMBER_397.jpg,6,1,5,0.16666666666666666,0.33333333333333337
SmolVLM2-2.2B,AMBER_410.jpg,6,1,5,0.16666666666666666,0.33333333333333337
SmolVLM2-2.2B,AMBER_418.jpg,6,1,5,0.16666666666666666,0.33333333333333337
SmolVLM2-2.2B,AMBER_422.jpg,6,1,5,0.16666666666666666,0.33333333333333337
SmolVLM2-2.2B,AMBER_465.jpg,6,1,5,0.16666666666666666,0.33333333333333337
SmolVLM2-2.2B,AMBER_473.jpg,6,1,5,0.16666666666666666,0.33333333333333337
SmolVLM2-2.2B,AMBER_490.jpg,6,1,5,0.16666666666666666,0.33333333333333337
SmolVLM2-2.2B,AMBER_504.jpg,6,1,5,0.16666666666666666,0.33333333333333337
SmolVLM2-2.2B,AMBER_588.jpg,6,1,5,0.16666666666666666,0.33333333333333337
SmolVLM2-2.2B,AMBER_591.jpg,6,1,5,0.16666666666666666,0.33333333333333337
SmolVLM2-2.2B,AMBER_614.jpg,6,1,5,0.16666666666666666,0.33333333333333337
SmolVLM2-2.2B,AMBER_627.jpg,6,1,5,0.16666666666666666,0.33333333333333337
SmolVLM2-2.2B,AMBER_655.jpg,6,1,5,0.16666666666666666,0.33333333333333337
SmolVLM2-2.2B,AMBER_675.jpg,6,1,5,0.16666666666666666,0.33333333333333337
SmolVLM2-2.2B,AMBER_7.jpg,6,1,5,0.16666666666666666,0.33333333333333337
SmolVLM2-2.2B,AMBER_710.jpg,6,1,5,0.16666666666666666,0.33333333333333337
SmolVLM2-2.2B,AMBER_84.jpg,6,1,5,0.16666666666666666,0.33333333333333337
SmolVLM2-2.2B,AMBER_852.jpg,6,1,5,0.16666666666666666,0.33333333333333337
SmolVLM2-2.2B,AMBER_9.jpg,6,1,5,0.16666666666666666,0.33333333333333337
SmolVLM2-2.2B,AMBER_938.jpg,6,1,5,0.16666666666666666,0.33333333333333337
SmolVLM2-2.2B,AMBER_95.jpg,6,1,5,0.16666666666666666,0.33333333333333337
SmolVLM2-2.2B,AMBER_96.jpg,6,1,5,0.16666666666666666,0.33333333333333337
SmolVLM2-2.2B,AMBER_99.jpg,6,1,5,0.16666666666666666,0.33333333333333337
SmolVLM2-2.2B,AMBER_1.jpg,7,1,6,0.14285714285714285,0.35714285714285715
SmolVLM2-2.2B,AMBER_108.jpg,7,1,6,0.14285714285714285,0.35714285714285715
SmolVLM2-2.2B,AMBER_150.jpg,7,1,6,0.14285714285714285,0.35714285714285715
SmolVLM2-2.2B,AMBER_209.jpg,7,1,6,0.14285714285714285,0.35714285714285715
SmolVLM2-2.2B,AMBER_223.jpg,7,1,6,0.14285714285714285,0.35714285714285715
SmolVLM2-2.2B,AMBER_228.jpg,7,1,6,0.14285714285714285,0.35714285714285715
SmolVLM2-2.2B,AMBER_264.jpg,7,1,6,0.14285714285714285,0.35714285714285715
SmolVLM2-2.2B,AMBER_350.jpg,7,1,6,0.14285714285714285,0.35714285714285715
SmolVLM2-2.2B,AMBER_399.jpg,7,1,6,0.14285714285714285,0.35714285714285715
SmolVLM2-2.2B,AMBER_43.jpg,7,1,6,0.14285714285714285,0.35714285714285715
SmolVLM2-2.2B,AMBER_485.jpg,7,1,6,0.14285714285714285,0.35714285714285715
SmolVLM2-2.2B,AMBER_648.jpg,7,1,6,0.14285714285714285,0.35714285714285715
SmolVLM2-2.2B,AMBER_680.jpg,7,1,6,0.14285714285714285,0.35714285714285715
SmolVLM2-2.2B,AMBER_712.jpg,7,1,6,0.14285714285714285,0.35714285714285715
SmolVLM2-2.2B,AMBER_845.jpg,7,1,6,0.14285714285714285,0.35714285714285715
SmolVLM2-2.2B,AMBER_905.jpg,7,1,6,0.14285714285714285,0.35714285714285715
SmolVLM2-2.2B,AMBER_936.jpg,7,1,6,0.14285714285714285,0.35714285714285715
SmolVLM2-2.2B,AMBER_989.jpg,7,1,6,0.14285714285714285,0.35714285714285715
SmolVLM2-2.2B,AMBER_105.jpg,8,1,7,0.125,0.375
SmolVLM2-2.2B,AMBER_201.jpg,8,1,7,0.125,0.375
SmolVLM2-2.2B,AMBER_246.jpg,8,1,7,0.125,0.375
SmolVLM2-2.2B,AMBER_317.jpg,8,1,7,0.125,0.375
SmolVLM2-2.2B,AMBER_47.jpg,8,1,7,0.125,0.375
SmolVLM2-2.2B,AMBER_559.jpg,8,1,7,0.125,0.375
SmolVLM2-2.2B,AMBER_587.jpg,8,1,7,0.125,0.375
SmolVLM2-2.2B,AMBER_60.jpg,8,1,7,0.125,0.375
SmolVLM2-2.2B,AMBER_619.jpg,8,1,7,0.125,0.375
SmolVLM2-2.2B,AMBER_140.jpg,9,1,8,0.1111111111111111,0.3888888888888889
SmolVLM2-2.2B,AMBER_211.jpg,10,1,9,0.1,0.4
